date,series,close,m21,m63,m126,slope_m21,slope_m63,slope_m126,accel_m21,accel_m63,accel_m126
2025-02-28,KOSPI200,33780.0,0.0001480384900074,0.0130454340980656,-0.053781512605042,-0.0479374468172053,-0.0874688249014667,-0.0868417817682953,-0.074319349546746,-0.1796204078446612,-0.2053311926481156
2025-02-28,auto,17990.0,-0.0333154218162278,-0.0182810368349249,-0.0461293743372216,-0.0188653281582134,-0.068167011749406,-0.0426120583199056,-0.0479968509819739,-0.1043351815127114,-0.1237762387636615
2025-02-28,battery,12800.0,0.001564945226917,-0.1070805720265085,-0.1901297057893072,-0.0425809280936202,-0.1369934838023511,-0.048986668214315,-0.1257893014141575,-0.3715620696810064,-0.1702124462315268
2025-02-28,bio_health,17850.0,0.0238026957269859,0.1442307692307691,0.0927456382001836,-0.0267591020258231,0.0746943453897095,-0.0511693650193914,-0.0366822931022896,0.0303223482000654,-0.1281200825246806
2025-02-28,biosimilar_cdmo,9980.0,-0.0143209876543209,,,-0.050197693061092,,,-0.0791914092839888,,
2025-02-28,construction,3045.0,0.0032948929159801,0.0445969125214407,-0.0645161290322581,-0.0823215454401842,-0.0735688723110108,-0.092068803262404,-0.0784371232111507,-0.127869110924975,-0.2022301731447239
2025-02-28,consumer,6520.0,0.034920634920635,0.01875,-0.0106221547799696,0.0006260129408999,-0.0327555467511886,-0.0083665156822252,-0.0180801445025919,-0.1045618453820765,-0.0753965908701951
2025-02-28,financial,8510.0,-0.0011737089201877,-0.0591487009397456,-0.0017595307917888,-0.0345268953406761,-0.0708105085199205,-0.0747341751950045,-0.0512034885509202,-0.1250971057804094,-0.1892585107829481
2025-02-28,k_beauty,11345.0,0.0456221198156681,0.1144400785854617,0.0088928412627835,0.0137835547932465,-0.002008247469851,0.0380067653134165,0.0077514413837282,-0.1602129230731621,-0.0680774458340857
2025-02-28,k_food,10805.0,0.0740556660039761,0.0783433133732534,-0.0073495636196601,-0.002680613743474,-0.0697664743015265,-0.0630638493339457,-0.0427152728998851,-0.146447690547735,-0.150389889277973
2025-02-28,k_food,10805.0,0.07405566600397617,0.0783433133732534,-0.007349563619660104,-0.0026806137434740585,-0.0697664743015265,-0.06306384933394571,-0.04271527289988519,-0.146447690547735,-0.15038988927797303
2025-02-28,media_platform,12095.0,0.0813589628967366,0.0911141181777175,0.1404997642621404,0.0225095996995472,-0.041342434194288,-0.0264895871415382,0.0059200229792262,-0.0920815350427479,-0.1097601596367987
2025-02-28,semiconductor,32205.0,-0.0639441941578259,0.1116672419744564,-0.0971404541631623,-0.1195743209288923,-0.1082569221068947,-0.1579917731080063,-0.1238638017523657,-0.2557646137717735,-0.3072182571783458
2025-02-28,shipbuilding,19005.0,0.0570077864293658,0.3202500868357067,0.4807167900272691,0.0061320566545535,-0.0527974976176168,-0.0157202646045599,0.1102813784565168,0.0359229149450983,-0.054738204323782
2025-02-28,steel_materials,9700.0,0.0509209100758396,0.1136624569460389,0.3020134228187918,-0.0389913706259146,-0.0341435476728986,-0.0699672535097106,-0.1338056121119826,-0.255478964056542,-0.277511983375498
2025-03-07,KOSPI200,34125.0,0.0240060015003751,0.0256988277727683,-0.0759545085296506,0.0238579630103676,0.0126533936747026,-0.0221729959246086,0.071795409827573,0.1001222185761694,0.0646687858436867
2025-03-07,auto,18285.0,0.0057755775577557,0.0079933847850055,-0.055282872642728,0.0390909993739835,0.0262744216199305,-0.0091534983055063,0.0579563275321969,0.0944414333693366,0.0334585600143992
2025-03-07,battery,12880.0,0.0587751746814633,-0.1117241379310345,-0.1756799999999999,0.0572102294545462,-0.0046435659045259,0.0144497057893072,0.0997911575481664,0.1323499178978251,0.0634363740036223
2025-03-07,bio_health,17510.0,-0.0068065796937039,0.0725880551301685,0.0364013021604023,-0.0306092754206898,-0.0716427141006006,-0.0563443360397812,-0.0038501733948667,-0.1463370594903101,-0.0051749710203898
2025-03-07,biosimilar_cdmo,9865.0,-0.0193836978131213,,,-0.0050627101588003,,,0.0451349829022916,,
2025-03-07,construction,3190.0,0.0813559322033898,0.0668896321070233,-0.0520059435364042,0.0780610392874097,0.0222927195855826,0.0125101854958539,0.1603825847275939,0.0958615918965934,0.104578988758258
2025-03-07,consumer,6685.0,0.0478056426332289,0.0316358024691358,0.0221712538226299,0.0128850077125939,0.0128858024691358,0.0327934086025996,0.012258994771694,0.0456413492203244,0.0411599242848248
2025-03-07,financial,8305.0,-0.050314465408805,-0.0868609125893348,-0.0772222222222221,-0.0491407564886172,-0.0277122116495891,-0.0754626914304333,-0.0146138611479411,0.0430982968703314,-0.0007285162354288
2025-03-07,k_beauty,11540.0,0.0714948932219128,0.1291585127201566,-0.0191245218869527,0.0258727734062447,0.0147184341346948,-0.0280173631497363,0.0120892186129981,0.0167266816045459,-0.0660241284631528
2025-03-07,k_food,11475.0,0.121152906692721,0.1272102161100197,0.0887096774193547,0.0470972406887448,0.0488669027367663,0.0960592410390148,0.0497778544322189,0.1186333770382928,0.1591230903729605
2025-03-07,k_food,11475.0,0.12115290669272105,0.1272102161100197,0.08870967741935476,0.04709724068874488,0.048866902736766304,0.09605924103901486,0.04977785443221894,0.1186333770382928,0.15912309037296057
2025-03-07,media_platform,12070.0,-0.0214835832995541,0.0441176470588235,0.137070183702308,-0.1028425461962907,-0.0469964711188939,-0.0034295805598323,-0.1253521458958379,-0.0056540369246058,0.0230600065817059
2025-03-07,semiconductor,31520.0,-0.0100502512562814,0.1323872821986706,-0.1706354427049072,0.0538939429015444,0.0207200402242142,-0.0734949885417449,0.1734682638304368,0.128976962331109,0.0844967845662614
2025-03-07,shipbuilding,20380.0,0.1118385160938353,0.4306774306774306,0.5214632325494588,0.0548307296644694,0.1104273438417238,0.0407464425221897,0.0486986730099159,0.1632248414593406,0.0564667071267497
2025-03-07,steel_materials,10905.0,0.2406143344709896,0.1821138211382114,0.4282907662082515,0.18969342439515,0.0684513641921724,0.1262773433894597,0.2286847950210646,0.102594911865071,0.1962445968991704
2025-03-14,KOSPI200,34380.0,0.0165582495564755,0.0578461538461538,-0.060527394452794,-0.0074477519438995,0.0321473260733855,0.0154271140768565,-0.0313057149542672,0.0194939323986829,0.0376001100014652
2025-03-14,auto,18435.0,0.040937323546019,0.0561443712403322,-0.0601580423145552,0.0351617459882633,0.0481509864553266,-0.0048751696718272,-0.0039292533857201,0.0218765648353961,0.0042783286336791
2025-03-14,battery,12495.0,0.0504413619167718,-0.0551984877126654,-0.2253564786112832,-0.0083338127646914,0.056525650218369,-0.0496764786112833,-0.0655440422192377,0.061169216122895,-0.0641261844005905
2025-03-14,bio_health,17280.0,-0.0240045184975995,0.0793254216114929,-0.0091743119266054,-0.0171979388038956,0.0067373664813243,-0.0455756140870078,0.0134113366167941,0.078380080581925,0.0107687219527734
2025-03-14,biosimilar_cdmo,10040.0,-0.0108374384236453,,,0.0085462593894759,,,0.0136089695482762,,
2025-03-14,construction,3105.0,0.0163666121112928,0.103019538188277,-0.0689655172413793,-0.064989320092097,0.0361299060812536,-0.0169595737049751,-0.1430503593795067,0.013837186495671,-0.029469759200829
2025-03-14,consumer,6700.0,0.0387596899224806,0.0268199233716475,0.0029940119760478,-0.0090459527107482,-0.0048158790974883,-0.019177241846582,-0.0219309604233421,-0.0177016815666242,-0.0519706504491817
2025-03-14,financial,8405.0,-0.0175336060783167,-0.0175336060783167,-0.0486700622524052,0.0327808593304882,0.069327306511018,0.0285521599698169,0.0819216158191055,0.0970395181606071,0.1040148514002503
2025-03-14,k_beauty,11910.0,0.1022674687644609,0.1424460431654677,0.0245161290322579,0.030772575542548,0.013287530445311,0.0436406509192107,0.0048998021363033,-0.0014309036893838,0.0716580140689471
2025-03-14,k_food,11450.0,0.0725995316159251,0.1127308066083576,0.1203522504892367,-0.0485533750767959,-0.014479409501662,0.0316425730698819,-0.0956506157655407,-0.0633463122384283,-0.0644166679691329
2025-03-14,k_food,11450.0,0.07259953161592514,0.11273080660835766,0.1203522504892367,-0.04855337507679591,-0.014479409501662044,0.03164257306988194,-0.09565061576554079,-0.06334631223842835,-0.06441666796913292
2025-03-14,media_platform,11810.0,-0.0231596360628618,0.0111301369863012,0.1001397298556125,-0.0016760527633077,-0.0329875100725223,-0.0369304538466954,0.101166493432983,0.0140089610463716,-0.0335008732868631
2025-03-14,semiconductor,33130.0,-0.0145746579417013,0.1804738998752895,-0.0774157616262879,-0.0045244066854198,0.0480866176766188,0.0932196810786193,-0.0584183495869643,0.0273665774524045,0.1667146696203643
2025-03-14,shipbuilding,19240.0,-0.0181168665475887,0.4509803921568627,0.5503626107977437,-0.129955382641424,0.0203029614794321,0.0288993782482849,-0.1847861123058934,-0.0901243823622917,-0.0118470642739048
2025-03-14,steel_materials,10655.0,0.2261219792865363,-0.0032740879326473,0.3739522888459059,-0.0144923551844533,-0.1853879090708587,-0.0543384773623456,-0.2041857795796033,-0.2538392732630312,-0.1806158207518053
2025-03-21,KOSPI200,35845.0,0.0074480044969083,0.0872004852896572,0.0328482927532056,-0.0091102450595672,0.0293543314435034,0.0933756872059997,-0.0016624931156676,-0.0027929946298821,0.0779485731291431
2025-03-21,auto,19030.0,0.0353645266594124,0.0513812154696131,0.0490628445424476,-0.0055727968866066,-0.004763155770719,0.1092208868570029,-0.0407345428748699,-0.0529141422260457,0.1140960565288301
2025-03-21,battery,12730.0,-0.0304645849200304,-0.0663733039970664,-0.2494103773584906,-0.0809059468368023,-0.0111748162844009,-0.0240538987472073,-0.0725721340721108,-0.06770046650277,0.025622579864076
2025-03-21,bio_health,16525.0,-0.0798997772828508,0.019118100524206,-0.0192878338278932,-0.0558952587852512,-0.0602073210872868,-0.0101135219012877,-0.0386973199813556,-0.0669446875686112,0.03546209218572
2025-03-21,biosimilar_cdmo,9945.0,-0.03022915650902,,,-0.0193917180853746,,,-0.0279379774748506,,
2025-03-21,construction,3125.0,-0.029503105590062,0.1180679785330949,-0.0249609984399376,-0.0458697177013549,0.0150484403448178,0.0440045188014417,0.019119602390742,-0.0210814657364357,0.0609640925064168
2025-03-21,consumer,6880.0,0.050381679389313,0.0345864661654136,0.0544061302681992,0.0116219894668323,0.007766542793766,0.0514121182921514,0.0206679421775806,0.0125824218912544,0.0705893601387335
2025-03-21,financial,8685.0,0.0,0.0075406032482598,0.0122377622377622,0.0175336060783167,0.0250742093265766,0.0609078244901675,-0.0152472532521714,-0.0442530971844413,0.0323556645203505
2025-03-21,k_beauty,11835.0,0.0557537912578054,0.0827996340347667,0.0422721268163803,-0.0465136775066554,-0.0596464091307009,0.0177559977841224,-0.0772862530492035,-0.072933939576012,-0.0258846531350883
2025-03-21,k_food,12085.0,0.1036529680365296,0.1342092914124824,0.2319062181447502,0.0310534364206045,0.0214784848041247,0.1115539676555135,0.0796068114974004,0.0359578943057867,0.0799113945856315
2025-03-21,k_food,12085.0,0.10365296803652968,0.1342092914124824,0.2319062181447502,0.03105343642060454,0.02147848480412473,0.11155396765551351,0.07960681149740045,0.035957894305786775,0.07991139458563157
2025-03-21,media_platform,11600.0,-0.0292887029288703,-0.0152801358234295,0.145679012345679,-0.0061290668660084,-0.0264102728097308,0.0455392824900664,-0.0044530141027007,0.0065772372627914,0.0824697363367619
2025-03-21,semiconductor,34980.0,-0.033835105648391,0.2166956521739129,0.1032960100930453,-0.0192604477066897,0.0362217522986234,0.1807117717193332,-0.0147360410212699,-0.0118648653779953,0.0874920906407139
2025-03-21,shipbuilding,19270.0,-0.0690821256038647,0.3589562764456981,0.6011632737847943,-0.050965259056276,-0.0920241157111645,0.0508006629870505,0.078990123585148,-0.1123270771905966,0.0219012847387656
2025-03-21,steel_materials,10755.0,0.1374933897408778,0.1116279069767443,0.3806161745827985,-0.0886285895456584,0.1149019949093916,0.0066638857368925,-0.074136234361205,0.3002899039802504,0.0610023630992382
2025-03-28,KOSPI200,34845.0,-0.0066989737742303,0.0777915248994742,0.0356665180561748,-0.0141469782711386,-0.009408960390183,0.0028182253029691,-0.0050367332115713,-0.0387632918336864,-0.0905574619030306
2025-03-28,auto,18985.0,0.0262162162162162,0.0382827454197429,0.0710860366713681,-0.0091483104431961,-0.0130984700498701,0.0220231921289204,-0.0035755135565895,-0.0083353142791511,-0.0871976947280824
2025-03-28,battery,12090.0,-0.1155815654718361,-0.0573099415204678,-0.2537037037037036,-0.0851169805518057,0.0090633624765985,-0.004293326345213,-0.0042110337150034,0.0202381787609995,0.0197605724019942
2025-03-28,bio_health,16310.0,-0.1023665382498624,0.0102198823165067,-0.0156910078455039,-0.0224667609670116,-0.0088982182076993,0.0035968259823893,0.0334284978182396,0.0513091028795875,0.013710347883677
2025-03-28,biosimilar_cdmo,9655.0,-0.0693975903614457,,,-0.0391684338524257,,,-0.019776715767051,,
2025-03-28,construction,3110.0,-0.0235478806907378,0.1087344028520498,0.001610305958132,0.0059552248993242,-0.009333575681045,0.0265713043980696,0.0518249426006791,-0.0243820160258629,-0.017433214403372
2025-03-28,consumer,6760.0,0.0320610687022899,0.0304878048780488,0.0044576523031203,-0.018320610687023,-0.0040986612873648,-0.0499484779650789,-0.0299426001538554,-0.0118652040811308,-0.1013605962572303
2025-03-28,financial,8475.0,-0.027538726333907,0.0077288941736028,0.0456508328192473,-0.027538726333907,0.000188290925343,0.033413070581485,-0.0450723324122238,-0.0248859184012336,-0.0274947539086825
2025-03-28,k_beauty,11705.0,0.0294635004397536,0.0674874601003192,-0.0290335960182497,-0.0262902908180517,-0.0153121739344475,-0.0713057228346301,0.0202233866886036,0.0443342351962534,-0.0890617206187525
2025-03-28,k_food,11665.0,0.0594913714804723,0.0652968036529679,0.1933503836317136,-0.0441615965560573,-0.0689124877595144,-0.0385558345130365,-0.0752150329766618,-0.0903909725636391,-0.15010980216855
2025-03-28,k_food,11665.0,0.059491371480472344,0.06529680365296797,0.19335038363171364,-0.044161596556057336,-0.06891248775951442,-0.03855583451303657,-0.07521503297666188,-0.09039097256363915,-0.15010980216855008
2025-03-28,media_platform,11550.0,-0.067043618739903,-0.0017286084701815,0.1323529411764705,-0.0377549158110327,0.013551527353248,-0.0133260711692084,-0.0316258489450242,0.0399618001629789,-0.0588653536592749
2025-03-28,semiconductor,32345.0,-0.0547925189947399,0.1182368193604148,0.0613617719442165,-0.0209574133463488,-0.0984588328134981,-0.0419342381488287,-0.001696965639659,-0.1346805851121215,-0.222646009868162
2025-03-28,shipbuilding,17885.0,-0.0745148771021991,0.2381446867428176,0.5418103448275862,-0.0054327514983344,-0.1208115897028805,-0.0593529289572081,0.0455325075579415,-0.0287874739917159,-0.1101535919442586
2025-03-28,steel_materials,9880.0,-0.0005058168942843,0.0791916985253959,0.3060145406477197,-0.1379992066351621,-0.0324362084513483,-0.0746016339350787,-0.0493706170895037,-0.14733820336074,-0.0812655196719713
2025-04-04,KOSPI200,33455.0,-0.0242088376841184,0.0407528386996423,-0.0336510687463893,-0.017509863909888,-0.0370386861998319,-0.0693175868025641,-0.0033628856387494,-0.0276297258096489,-0.0721358121055333
2025-04-04,auto,18040.0,-0.0214266341198806,0.0055741360089185,-0.0515247108307045,-0.0476428503360969,-0.0327086094108244,-0.1226107475020726,-0.0384945398929007,-0.0196101393609542,-0.1446339396309931
2025-04-04,battery,11170.0,-0.105326391670004,-0.0787628865979381,-0.3498253783469151,0.0102551738018321,-0.0214529450774703,-0.0961216746432114,0.0953721543536378,-0.0305163075540688,-0.0918283482979983
2025-04-04,bio_health,16490.0,-0.0828698553948832,0.0248601615910504,-0.0927097661623108,0.0194966828549791,0.0146402792745437,-0.0770187583168069,0.0419634438219908,0.023538497482243,-0.0806155842991962
2025-04-04,biosimilar_cdmo,9530.0,-0.0540942928039702,-0.0098701298701299,,0.0153032975574755,,,0.0544717314099012,,
2025-04-04,construction,3075.0,-0.0284360189573459,0.1121157323688968,-0.0222575516693164,-0.004888138266608,0.0033813295168469,-0.0238678576274484,-0.0108433631659322,0.012714905197892,-0.0504391620255181
2025-04-04,consumer,6710.0,0.0,0.0509005481597493,-0.0007446016381236,-0.0320610687022899,0.0204127432817005,-0.0052022539412439,-0.0137404580152669,0.0245114045690653,0.0447462240238349
2025-04-04,financial,8330.0,-0.0106888361045131,0.0096969696969697,-0.0308318789994183,0.0168498902293939,0.0019680755233668,-0.0764827118186656,0.044388616563301,0.0017797845980238,-0.1098957824001506
2025-04-04,k_beauty,11875.0,0.0210662080825452,0.1192271442035814,-0.0411788453774727,-0.0083972923572084,0.0517396841032622,-0.012145249359223,0.0178929984608433,0.0670518580377097,0.059160473475407
2025-04-04,k_food,11380.0,-0.0082788671023965,0.0620625291647223,0.1211822660098522,-0.0677702385828689,-0.0032342744882456,-0.0721681176218613,-0.0236086420268115,0.0656782132712687,-0.0336122831088248
2025-04-04,k_food,11380.0,-0.008278867102396559,0.062062529164722324,0.12118226600985227,-0.0677702385828689,-0.0032342744882456476,-0.07216811762186137,-0.023608642026811566,0.06567821327126877,-0.0336122831088248
2025-04-04,media_platform,11760.0,-0.0348789495281083,0.0652173913043479,0.1221374045801526,0.0321646692117947,0.0669459997745294,-0.0102155365963179,0.0699195850228274,0.0533944724212813,0.0031105345728905
2025-04-04,semiconductor,29800.0,-0.0505018320853911,0.0302506482281763,-0.0492901579199234,0.0042906869093487,-0.0879861711322385,-0.1106519298641399,0.0252481002556975,0.0104726616812595,-0.0687176917153111
2025-04-04,shipbuilding,18620.0,-0.095677513355998,0.2086984745212592,0.4609650843468027,-0.0211626362537988,-0.0294462122215584,-0.0808452604807834,-0.0157298847554644,0.0913653774813221,-0.0214923315235753
2025-04-04,steel_materials,9260.0,-0.1066087795465509,0.0475113122171946,0.0965068087625813,-0.1061029626522666,-0.0316803863082013,-0.2095077318851383,0.0318962439828955,0.0007558221431469,-0.1349060979500596
2025-04-11,KOSPI200,32820.0,-0.040070195963732,-0.0155968806238752,-0.0547235023041474,-0.0158613582796136,-0.0563497193235175,-0.0210724335577581,0.0016485056302744,-0.0193110331236855,0.048245153244806
2025-04-11,auto,16875.0,-0.0821321729670927,-0.0763546798029556,-0.1080866807610994,-0.060705538847212,-0.0819288158118741,-0.0565619699303948,-0.0130626885111151,-0.0492202064010497,0.0660487775716778
2025-04-11,battery,10880.0,-0.1493354182955434,-0.1526479750778816,-0.4026900905846829,-0.0440090266255394,-0.0738850884799434,-0.0528647122377679,-0.0542642004273715,-0.0524321434024731,0.0432569624054435
2025-04-11,bio_health,16465.0,-0.043010752688172,-0.0443993035403366,-0.0471643518518518,0.0398591027067112,-0.069259465131387,0.045545414310459,0.020362419851732,-0.0838997444059307,0.1225641726272659
2025-04-11,biosimilar_cdmo,9325.0,-0.058080808080808,-0.073982125124131,,-0.0039865152768377,-0.0641119952540011,,-0.0192898128343133,,
2025-04-11,construction,3105.0,-0.0016077170418006,0.0837696335078534,0.0064829821717991,0.0268283019155453,-0.0283460988610433,0.0287405338411155,0.0317164401821533,-0.0317274283778903,0.052608391468564
2025-04-11,consumer,6725.0,0.018939393939394,0.0475077881619938,-0.0175310445580716,0.018939393939394,-0.0033927599977554,-0.016786442919948,0.051000462641684,-0.0238055032794559,-0.011584188978704
2025-04-11,financial,8040.0,-0.0445632798573975,-0.0278113663845224,-0.0468286899822169,-0.0338744437528844,-0.0375083360814921,-0.0159968109827985,-0.0507243339822783,-0.039476411604859,0.060485900835867
2025-04-11,k_beauty,11990.0,0.0113876001687052,0.0890099909173478,-0.0499207606973058,-0.00967860791384,-0.0302171532862336,-0.0087419153198331,-0.0012813155566315,-0.0819568373894958,0.0034033340393898
2025-04-11,k_food,11285.0,-0.0017691287041132,0.07425035697287,0.0977626459143969,0.0065097383982832,0.0121878278081477,-0.0234196200954552,0.0742799769811521,0.0154221022963934,0.048748497526406
2025-04-11,k_food,11285.0,-0.0017691287041132764,0.07425035697287008,0.09776264591439698,0.006509738398283282,0.012187827808147755,-0.023419620095455285,0.07427997698115218,0.015422102296393403,0.04874849752640609
2025-04-11,media_platform,11205.0,-0.0615577889447236,-0.0149450549450549,0.048175865294668,-0.0266788394166153,-0.0801624462494028,-0.0739615392854846,-0.05884350862841,-0.1471084460239322,-0.0637460026891667
2025-04-11,semiconductor,29355.0,-0.0918793503480278,-0.0744127384518367,-0.1021562930111638,-0.0413775182626366,-0.104663386680013,-0.0528661350912403,-0.0456682051719854,-0.0166772155477745,0.0577857947728995
2025-04-11,shipbuilding,20415.0,0.0677301255230125,0.2735495945102932,0.6899834437086092,0.1634076388790105,0.064851119989034,0.2290183593618064,0.1845702751328094,0.0942973322105924,0.3098636198425899
2025-04-11,steel_materials,8890.0,-0.1851512373968835,-0.0389189189189189,0.0148401826484019,-0.0785424578503326,-0.0864302311361135,-0.0816666261141794,0.0275605048019339,-0.0547498448279122,0.1278411057709589
2025-04-18,KOSPI200,33385.0,-0.0641906096706377,0.0014999250037497,-0.0374801787516216,-0.0241204137069056,0.0170968056276249,0.0172433235525257,-0.0082590554272919,0.0734465249511424,0.0383157571102839
2025-04-18,auto,17575.0,-0.0693672226634894,-0.0754865860073645,-0.0604116546377974,0.0127649503036032,0.000868093795591,0.0476750261233019,0.0734704891508153,0.0827969096074652,0.1042369960536968
2025-04-18,battery,10725.0,-0.164394234514998,-0.1768994627782041,-0.4142545057345712,-0.0150588162194545,-0.0242514877003224,-0.0115644151498882,0.0289502104060848,0.0496336007796209,0.0413002970878796
2025-04-18,bio_health,16810.0,-0.012918379330593,-0.0134976525821596,-0.0598434004474273,0.0300923733575789,0.0309016509581769,-0.0126790485955754,-0.0097667293491322,0.100161116089564,-0.0582244629060344
2025-04-18,biosimilar_cdmo,9445.0,-0.0592629482071712,-0.062531017369727,,-0.0011821401263631,0.011451107754404,,0.0028043751504746,0.0755631030084051,
2025-04-18,construction,3205.0,0.0305466237942122,0.1225919439579685,0.0405844155844155,0.0321543408360128,0.038822310450115,0.0341014334126164,0.0053260389204675,0.0671684093111584,0.0053608995715008
2025-04-18,consumer,7000.0,0.0204081632653061,0.0971786833855798,0.0401188707280832,0.0014687693259121,0.049670895223586,0.0576499152861549,-0.0174706246134819,0.0530636552213414,0.0744363582061029
2025-04-18,financial,8460.0,-0.0253456221198156,0.0053475935828877,-0.0347974900171135,0.0192176577375818,0.0331589599674101,0.0120311999651033,0.0530921014904662,0.0706672960489023,0.0280280109479019
2025-04-18,k_beauty,12395.0,0.0464330941325454,0.1460933888118354,0.0350730688935281,0.0350454939638402,0.0570833978944875,0.084993829590834,0.0447241018776802,0.0873005511807212,0.0937357449106671
2025-04-18,k_food,11860.0,-0.0033613445378151,0.1514563106796116,0.1644575355915563,-0.0015922158337018,0.0772059537067415,0.0666948896771593,-0.0081019542319851,0.0650181258985937,0.0901145097726145
2025-04-18,k_food,11860.0,-0.003361344537815114,0.15145631067961163,0.1644575355915563,-0.0015922158337018377,0.07720595370674155,0.06669488967715931,-0.00810195423198512,0.06501812589859379,0.09011450977261459
2025-04-18,media_platform,11450.0,-0.0099437959360138,0.0097001763668429,0.062645011600928,0.0516139930087098,0.0246452313118978,0.01446914630626,0.0782928324253251,0.1048076775613007,0.0884306855917447
2025-04-18,semiconductor,29445.0,-0.1454070526774052,-0.0776820673453406,-0.1066444174757281,-0.0535277023293774,-0.0032693288935039,-0.0044881244645643,-0.0121501840667407,0.1013940577865091,0.048378010626676
2025-04-18,shipbuilding,20945.0,0.0877694105427162,0.2266471449487554,0.6870720902134515,0.0200392850197037,-0.0469024495615377,-0.0029113534951576,-0.1433683538593068,-0.1117535695505718,-0.2319297128569641
2025-04-18,steel_materials,8975.0,-0.1766055045871559,-0.0104740904079382,-0.0131940626717976,0.0085457328097275,0.0284448285109807,-0.0280342453201996,0.0870881906600602,0.1148750596470943,0.0536323807939798
2025-04-25,KOSPI200,34175.0,-0.0350134123958774,0.0151492648150899,-0.0242683797287651,0.0291771972747603,0.0136493398113402,0.0132117990228565,0.0532976109816659,-0.0034474658162847,-0.0040315245296692
2025-04-25,auto,18010.0,-0.075224646983312,-0.0249052517596102,-0.0322407307898978,-0.0058574243198225,0.0505813342477543,0.0281709238478995,-0.0186223746234257,0.0497132404521633,-0.0195041022754024
2025-04-25,battery,11070.0,-0.1097708082026538,-0.1378504672897196,-0.3367285799880167,0.0546234263123441,0.0390489954884845,0.0775259257465544,0.0696822425317987,0.0633004831888069,0.0890903408964427
2025-04-25,bio_health,16800.0,0.0135746606334841,-0.0100176782557454,-0.0661478599221789,0.0264930399640771,0.0034799743264142,-0.0063044594747516,-0.0035993333935018,-0.0274216766317627,0.0063745891208237
2025-04-25,biosimilar_cdmo,9420.0,-0.0417090539165818,-0.0446247464503042,,0.0175538942905894,0.0179062709194227,,0.0187360344169525,0.0064551631650187,
2025-04-25,construction,3255.0,0.0466237942122187,0.1109215017064846,0.0483091787439613,0.0160771704180064,-0.0116704422514839,0.0077247631595458,-0.0160771704180063,-0.050492752701599,-0.0263766702530705
2025-04-25,consumer,7085.0,0.0519673348181142,0.1096319498825371,0.0849923430321593,0.031559171552808,0.0124532664969572,0.044873472304076,0.0300904022268959,-0.0372176287266288,-0.0127764429820789
2025-04-25,financial,8750.0,0.0186263096623982,0.0306242638398115,-0.0368739680792514,0.0439719317822138,0.0252766702569238,-0.0020764780621379,0.0247542740446319,-0.0078822897104863,-0.0141076780272413
2025-04-25,k_beauty,12760.0,0.0929336188436831,0.1511050969778979,0.0767932489451477,0.0465005247111376,0.0050117081660625,0.0417201800516195,0.0114550307472973,-0.052071689728425,-0.0432736495392144
2025-04-25,k_food,11755.0,0.0124892334194659,0.14794921875,0.1673286991062561,0.015850577957281,-0.0035070919296116,0.0028711635146998,0.0174427937909829,-0.0807130456363531,-0.0638237261624594
2025-04-25,k_food,11755.0,0.01248923341946595,0.14794921875,0.16732869910625614,0.015850577957281065,-0.0035070919296116276,0.002871163514699848,0.017442793790982902,-0.08071304563635318,-0.06382372616245946
2025-04-25,media_platform,11450.0,-0.0112262521588946,0.0146211785556047,0.0601851851851851,-0.0012824562228808,0.0049210021887617,-0.0024598264157429,-0.0528964492315906,-0.019724229123136,-0.016928972722003
2025-04-25,semiconductor,30775.0,-0.0773497226802578,-0.0960493464532237,-0.0873368920521945,0.0680573299971474,-0.018367279107883,0.0193075254235336,0.1215850323265248,-0.015097950214379,0.023795649888098
2025-04-25,shipbuilding,23220.0,0.3037619314991577,0.2380698480405225,0.8140624999999999,0.2159925209564415,0.011422703091767,0.1269904097865484,0.1959532359367377,0.0583251526533048,0.1299017632817061
2025-04-25,steel_materials,9285.0,-0.0905974534769833,0.0125408942202835,0.044431946006749,0.0860080511101726,0.0230149846282218,0.0576260086785467,0.077462318300445,-0.0054298438827589,0.0856602539987463
2025-05-02,KOSPI200,33965.0,-0.0062902282036279,0.0155479144864703,-0.025534356620284,0.0287231841922495,0.0003986496713803,-0.0012659768915188,-0.0004540130825108,-0.0132506901399598,-0.0144777759143753
2025-05-02,auto,17550.0,-0.0503246753246753,-0.0659925492283128,-0.0523758099352051,0.0248999716586366,-0.0410872974687026,-0.0201350791453073,0.0307573959784591,-0.091668631716457,-0.0483060029932068
2025-05-02,battery,10630.0,-0.0256645279560037,-0.1646365422396857,-0.3565375302663438,0.0841062802466501,-0.0267860749499661,-0.019808950278327,0.0294828539343059,-0.0658350704384506,-0.0973348760248815
2025-05-02,bio_health,16815.0,0.0360443622920516,-0.0407872219053051,-0.0516074450084602,0.0224697016585675,-0.0307695436495597,0.0145404149137187,-0.0040233383055096,-0.0342495179759739,0.0208448743884703
2025-05-02,biosimilar_cdmo,9445.0,0.0021220159151194,-0.0689995071463774,,0.0438310698317012,-0.0243747606960732,,0.0262771755411118,-0.042281031615496,
2025-05-02,construction,3260.0,0.0533117932148627,0.0921273031825795,0.0830564784053156,0.006687999002644,-0.018794198523905,0.0347472996613542,-0.0093891714153624,-0.0071237562724211,0.0270225365018084
2025-05-02,consumer,7155.0,0.067910447761194,0.1188428459734167,0.1041666666666667,0.0159431129430798,0.0092108960908796,0.0191743236345074,-0.0156160586097282,-0.0032423704060775,-0.0256991486695685
2025-05-02,financial,9045.0,0.0603751465416178,0.039655172413793,0.0011068068622024,0.0417488368792196,0.0090309085739814,0.0379807749414539,-0.0022230949029942,-0.0162457616829423,0.0400572530035918
2025-05-02,k_beauty,13120.0,0.1034482758620689,0.2069917203311868,0.1564565888056412,0.0105146570183858,0.0558866233532888,0.0796633398604935,-0.0359858676927518,0.0508749151872263,0.0379431598088739
2025-05-02,k_food,11820.0,0.0238198354265914,0.1767048282727725,0.1915322580645162,0.0113306020071255,0.0287556095227725,0.02420355895826,-0.0045199759501555,0.0322627014523841,0.0213323954435602
2025-05-02,k_food,11820.0,0.023819835426591496,0.17670482827277256,0.19153225806451624,0.011330602007125545,0.028755609522772563,0.024203558958260096,-0.004519975950155519,0.03226270145238419,0.021332395443560248
2025-05-02,media_platform,11715.0,0.033068783068783,0.0064432989690721,0.0777368905243789,0.0442950352276776,-0.0081778795865326,0.0175517053391938,0.0455774914505584,-0.0130988817752943,0.0200115317549367
2025-05-02,semiconductor,29700.0,-0.0559440559440559,-0.0860132328050469,-0.0972644376899696,0.0214056667362019,0.0100361136481768,-0.009927545637775,-0.0466516632609455,0.0284033927560598,-0.0292350710613087
2025-05-02,shipbuilding,22865.0,0.2224004276931301,0.265707168557985,0.8003937007874016,-0.0813615038060275,0.0276373205174624,-0.0136687992125983,-0.2973540247624691,0.0162146174256954,-0.1406592089991467
2025-05-02,steel_materials,9010.0,-0.0389333333333333,-0.0190528034839412,-0.0174482006543075,0.0516641201436499,-0.0315936977042248,-0.0618801466610565,-0.0343439309665226,-0.0546086823324466,-0.1195061553396032
2025-05-09,KOSPI200,34265.0,0.0860538827258319,0.0282070517629406,-0.0183354820226329,0.0923441109294598,0.0126591372764703,0.0071988745976511,0.0636209267372103,0.01226048760509,0.0084648514891699
2025-05-09,auto,17325.0,0.0119742990654205,-0.047029702970297,-0.0609756097560976,0.0622989743900959,0.0189628462580158,-0.0085997998208924,0.0373990027314592,0.0600501437267184,0.0115352793244148
2025-05-09,battery,10340.0,-0.0142993326978074,-0.1500205507603781,-0.3958515921706106,0.0113651952581962,0.0146159914793075,-0.0393140619042667,-0.0727410849884538,0.0414020664292736,-0.0195051116259397
2025-05-09,bio_health,16385.0,0.0503205128205128,-0.0706182643221781,-0.0735086231269437,0.0142761505284612,-0.0298310424168729,-0.0219011781184834,-0.0081935511301063,0.0009385012326867,-0.0364415930322021
2025-05-09,biosimilar_cdmo,9210.0,0.0256124721603563,-0.084493041749503,,0.0234904562452369,-0.0154935346031255,,-0.0203406135864643,0.0088812260929477,
2025-05-09,construction,3270.0,0.11986301369863,0.1084745762711865,0.0991596638655463,0.0665512204837672,0.0163472730886069,0.0161031854602307,0.0598632214811232,0.035141471612512,-0.0186441142011235
2025-05-09,consumer,7385.0,0.1414219474497682,0.1575235109717867,0.1440743609604957,0.0735114996885741,0.0386806649983699,0.039907694293829,0.0575683867454943,0.0294697689074903,0.0207333706593215
2025-05-09,financial,9100.0,0.1497157296272899,0.0405946255002858,0.0005497526113249,0.0893405830856721,0.0009394530864927,-0.0005570542508774,0.0475917462064525,-0.0080914554874886,-0.0385378291923313
2025-05-09,k_beauty,13890.0,0.2357651245551602,0.2896935933147633,0.2136304062909566,0.1323168486930912,0.0827018729835764,0.0571738174853153,0.1218021916747054,0.0268152496302875,-0.0224895223751782
2025-05-09,k_food,12000.0,0.0825439783491204,0.1724474841231069,0.2151898734177215,0.0587241429225289,-0.0042573441496656,0.0236576153532053,0.0473935409154033,-0.0330129536724381,-0.0005459436050547
2025-05-09,k_food,12000.0,0.08254397834912042,0.17244748412310695,0.21518987341772156,0.05872414292252892,-0.0042573441496656095,0.02365761535320532,0.047393540915403376,-0.03301295367243817,-0.0005459436050547772
2025-05-09,media_platform,11580.0,0.0284191829484903,-0.0612079448723145,0.059954233409611,-0.0046496001202926,-0.0676512438413866,-0.0177826571147678,-0.0489446353479703,-0.059473364254854,-0.0353343624539617
2025-05-09,semiconductor,29935.0,0.0844049990943669,-0.0598304020100503,-0.0797725176759913,0.1403490550384228,0.0261828307949966,0.0174919200139782,0.1189433883022209,0.0161467171468198,0.0274194656517533
2025-05-09,shipbuilding,23445.0,0.3646682188591386,0.2790507364975449,0.9162239476910504,0.1422677911660084,0.0133435679395599,0.1158302469036487,0.2236292949720359,-0.0142937525779025,0.129499046116247
2025-05-09,steel_materials,9120.0,0.0580046403712297,0.0375426621160408,-0.1351351351351351,0.0969379737045631,0.056595465599982,-0.1176869344808275,0.0452738535609131,0.0881891633042069,-0.055806787819771
2025-05-16,KOSPI200,35165.0,0.0646382076899787,0.0397693672383205,0.0301743078951222,-0.0214156750358531,0.0115623154753798,0.0485097899177551,-0.113759785965313,-0.0010968218010904,0.041310915320104
2025-05-16,auto,17585.0,0.0362404242781377,-0.0070581592320723,-0.0252217294900222,0.0242661252127172,0.0399715437382247,0.0357538802660754,-0.0380328491773787,0.0210086974802089,0.0443536800869678
2025-05-16,battery,9805.0,-0.1074192080109239,-0.1757040773434216,-0.3780526482714874,-0.0931198753131165,-0.0256835265830435,0.0177989438991231,-0.1044850705713127,-0.0402995180623511,0.0571130058033899
2025-05-16,bio_health,16205.0,-0.0331145584725537,-0.0847218299915277,-0.078475973841342,-0.0834350712930666,-0.0141035656693496,-0.0049673507143983,-0.0977112218215278,0.0157274767475232,0.0169338274040851
2025-05-16,biosimilar_cdmo,9045.0,-0.0498949579831933,-0.1088669950738916,,-0.0755074301435496,-0.0243739533243886,,-0.0989978863887866,-0.0088804187212631,
2025-05-16,construction,3390.0,0.0917874396135265,0.1096563011456628,0.1337792642140467,-0.0280755740851035,0.0011817248744763,0.0346196003485004,-0.0946267945688708,-0.0151655482141306,0.0185164148882697
2025-05-16,consumer,7465.0,0.101032448377581,0.1573643410852714,0.1302043906131718,-0.0403894990721871,-0.0001591698865153,-0.0138699703473239,-0.1139009987607613,-0.0388398348848852,-0.0537776646411529
2025-05-16,financial,9310.0,0.1508034610630408,0.0882524839275278,0.041387024608501,0.0010877314357509,0.047657858427242,0.0408372719971761,-0.0882528516499212,0.0467184053407492,0.0413943262480536
2025-05-16,k_beauty,13835.0,0.1471807628524046,0.2804257288292457,0.1650526315789473,-0.0885843617027555,-0.0092678644855175,-0.0485777747120093,-0.2209012103958467,-0.0919697374690939,-0.1057515921973246
2025-05-16,k_food,12120.0,0.0650263620386644,0.1353629976580797,0.1744186046511628,-0.017517616310456,-0.0370844864650272,-0.0407712687665586,-0.0762417592329849,-0.0328271423153616,-0.064428884119764
2025-05-16,k_food,12120.0,0.06502636203866441,0.1353629976580797,0.17441860465116288,-0.017517616310456008,-0.03708448646502727,-0.04077126876655868,-0.07624175923298493,-0.03282714231536166,-0.064428884119764
2025-05-16,media_platform,11670.0,0.0442953020134229,-0.0347394540942928,0.0424296560964716,0.0158761190649325,0.0264684907780217,-0.0175245773131393,0.0205257191852252,0.0941197346194083,0.0002580798016285
2025-05-16,semiconductor,31880.0,0.077027027027027,-0.0517549077929804,-0.0087064676616915,-0.0073779720673399,0.0080754942170698,0.0710660500142997,-0.1477270271057628,-0.0181073365779267,0.0535741300003215
2025-05-16,shipbuilding,23325.0,0.1160287081339712,0.1903546823169175,0.9189633895516248,-0.2486395107251673,-0.0886960541806274,0.0027394418605746,-0.3909073018911757,-0.1020396221201873,-0.1130908050430741
2025-05-16,steel_materials,8955.0,0.0011179429849077,0.0304948216340621,-0.1071784646061814,-0.056886697386322,-0.0070478404819787,0.0279566705289536,-0.1538246710908851,-0.0636433060819607,0.1456436050097812
2025-05-23,KOSPI200,34640.0,0.0361950344002393,-0.0264193367060145,0.0828383869959361,-0.0284431732897394,-0.0661887039443351,0.0526640791008139,-0.0070274982538862,-0.077751019419715,0.0041542891830588
2025-05-23,auto,16550.0,-0.058053500284576,-0.0995647442872688,-0.0575170842824601,-0.0942939245627138,-0.0925065850551964,-0.0322953547924379,-0.118560049775431,-0.1324781287934212,-0.0680492350585133
2025-05-23,battery,9035.0,-0.147239263803681,-0.3118811881188119,-0.368843870066364,-0.039820055792757,-0.1361771107753903,0.0092087782051234,0.0532998195203594,-0.1104935841923467,-0.0085901656939997
2025-05-23,bio_health,16370.0,-0.0235609901580674,-0.0885300668151447,-0.0048632218844985,0.0095535683144862,-0.0038082368236169,0.0736127519568435,0.0929886396075528,0.0102953288457326,0.0785801026712419
2025-05-23,biosimilar_cdmo,9065.0,-0.0412480169222633,-0.1160409556313992,,0.00864694106093,-0.0071739605575076,,0.0841543712044796,0.017199992766881,
2025-05-23,construction,3630.0,0.139717425431711,0.1273291925465838,0.2895204262877442,0.0479299858181845,0.0176728914009209,0.1557411620736974,0.076005559903288,0.0164911665264446,0.121121561725197
2025-05-23,consumer,7485.0,0.0647226173541963,0.1427480916030534,0.1750392464678178,-0.0363098310233847,-0.0146162494822179,0.044834855854646,0.0040796680488024,-0.0144570795957026,0.05870482620197
2025-05-23,financial,9535.0,0.1145528930450028,0.0978698906160047,0.0903373356203545,-0.036250568018038,0.0096174066884768,0.0489503110118534,-0.0373382994537889,-0.0380404517387651,0.0081130390146773
2025-05-23,k_beauty,14440.0,0.1542765787370104,0.2881355932203389,0.3804971319311663,0.0070958158846057,0.0077098643910931,0.2154445003522189,0.0956801775873612,0.0169777288766106,0.2640222750642282
2025-05-23,k_food,11700.0,-0.0084745762711864,0.0684931506849315,0.2068076328004124,-0.0735009383098508,-0.0668698469731481,0.0323890281492496,-0.0559833219993948,-0.0297853605081208,0.0731602969158082
2025-05-23,k_food,11700.0,-0.008474576271186418,0.06849315068493156,0.20680763280041248,-0.07350093830985083,-0.06686984697314813,0.0323890281492496,-0.05598332199939482,-0.02978536050812086,0.07316029691580828
2025-05-23,media_platform,11630.0,0.019728189390618,-0.0267782426778242,0.1161228406909788,-0.0245671126228048,0.0079612114164685,0.0736931845945072,-0.0404432316877374,-0.0185072793615531,0.0912177619076466
2025-05-23,semiconductor,30025.0,0.0119649477586787,-0.1706946554343322,0.0452567449956484,-0.0650620792683482,-0.1189397476413518,0.05396321265734,-0.0576841072010083,-0.1270152418584217,-0.0171028373569597
2025-05-23,shipbuilding,23045.0,0.1279980420949584,0.1132850241545893,0.7686108979278587,0.0119693339609872,-0.0770696581623282,-0.1503524916237661,0.2606088446861545,0.0116263960182991,-0.1530919334843408
2025-05-23,steel_materials,8710.0,-0.0262716601453325,-0.0787942887361184,-0.0124716553287982,-0.0273896031302403,-0.1092891103701806,0.0947068092773831,0.0294970942560817,-0.1022412698882019,0.0667501387484295
2025-05-30,KOSPI200,36140.0,0.0567251461988305,0.0302166476624856,0.0948197515904272,0.0205301117985912,0.0566359843685002,0.011981364594491,0.0489732850883306,0.1228246883128354,-0.0406827145063228
2025-05-30,auto,17150.0,-0.0482796892341842,-0.072972972972973,-0.0702087286527514,0.0097738110503917,0.0265917713142957,-0.0126916443702912,0.1040677356131055,0.1190983563694922,0.0196037104221467
2025-05-30,battery,9830.0,-0.1116131947582467,-0.2809070958302853,-0.2938218390804598,0.0356260690454343,0.0309740922885266,0.0750220309859042,0.0754461248381913,0.1671512030639169,0.0658132527807807
2025-05-30,bio_health,16935.0,0.0214113389626056,-0.0679691799669784,0.0450478247454488,0.044972329120673,0.0205608868481662,0.0499110466299473,0.0354187608061867,0.0243691236717832,-0.0237017053268961
2025-05-30,biosimilar_cdmo,9450.0,-0.0212325220093215,-0.089156626506024,,0.0200154949129417,0.0268843291253751,,0.0113685538520117,0.0340582896828828,
2025-05-30,construction,3865.0,0.1641566265060241,0.2135007849293564,0.3443478260869566,0.024439201074313,0.0861715923827726,0.0548273997992123,-0.0234907847438714,0.0684987009818516,-0.1009137622744851
2025-05-30,consumer,7540.0,0.0567624386825507,0.1511450381679389,0.183673469387755,-0.0079601786716456,0.0083969465648854,0.0086342229199372,0.028349652351739,0.0230131960471033,-0.0362006329347088
2025-05-30,financial,10000.0,0.1474469305794608,0.1474469305794608,0.1166945840312674,0.0328940375344579,0.049577039963456,0.0263572484109129,0.069144605552496,0.0399596332749792,-0.0225930626009405
2025-05-30,k_beauty,14510.0,0.1380392156862744,0.2761653474054528,0.4094220495386109,-0.0162373630507359,-0.011970245814886,0.0289249176074446,-0.0233331789353417,-0.0196801102059791,-0.1865195827447743
2025-05-30,k_food,11880.0,0.0158187259512612,0.0790190735694822,0.175074183976261,0.0242933022224476,0.0105259228845506,-0.0317334488241514,0.0977942405322984,0.0773957698576988,-0.064122476973401
2025-05-30,k_food,11880.0,0.015818725951261214,0.07901907356948223,0.17507418397626107,0.024293302222447632,0.010525922884550676,-0.03173344882415141,0.09779424053229846,0.0773957698576988,-0.06412247697340101
2025-05-30,media_platform,11875.0,0.0241483398016386,-0.0407915993537963,0.0746606334841628,0.0044201504110206,-0.0140133566759721,-0.041462207206816,0.0289872630338254,-0.0219745680924406,-0.1151553918013232
2025-05-30,semiconductor,30935.0,0.0328881469115192,-0.0959964932787843,0.0871551572658584,0.0209231991528404,0.0746981621555479,0.0418984122702099,0.0859852784211887,0.1936379097968997,-0.01206480038713
2025-05-30,shipbuilding,24650.0,0.0536439410130369,0.2755498059508408,0.7183687696061345,-0.0743541010819215,0.1622647817962514,-0.0502421283217242,-0.0863234350429087,0.2393344399585797,0.1001103633020419
2025-05-30,steel_materials,9390.0,0.0005327650506126,-0.0500758725341426,0.0604178430265387,0.0268044251959451,0.0287184162019757,0.0728894983553369,0.0541940283261854,0.1380075265721564,-0.0218173109220461
2025-06-05,KOSPI200,37790.0,0.1126159281613425,0.1215313844784091,0.120201571068623,0.055890781962512,0.0913147368159235,0.0253818194781958,0.0353606701639208,0.0346787524474232,0.0134004548837047
2025-06-05,auto,17495.0,-0.0031339031339031,-0.0228986316671321,-0.0379433599120153,0.045145786100281,0.0500743413058408,0.032265368740736,0.0353719750498893,0.023482569991545,0.0449570131110272
2025-06-05,battery,10150.0,-0.0451552210724365,-0.1700735895339329,-0.311864406779661,0.0664579736858101,0.1108335062963523,-0.0180425676992012,0.0308319046403758,0.0798594140078257,-0.0930645986851054
2025-06-05,bio_health,16815.0,0.0,-0.0684210526315789,0.0376427028694847,-0.0214113389626056,-0.0004518726646004,-0.007405121875964,-0.0663836680832786,-0.0210127595127667,-0.0573161685059114
2025-06-05,biosimilar_cdmo,9520.0,0.0079407093700369,-0.0532073595226255,,0.0291732313793585,0.0359492669833985,,0.0091577364664168,0.0090649378580233,
2025-06-05,construction,4065.0,0.2469325153374233,0.343801652892562,0.3663865546218487,0.0827758888313991,0.1303008679632056,0.0220387285348921,0.0583366877570861,0.044129275580433,-0.0327886712643201
2025-06-05,consumer,7770.0,0.0859538784067086,0.1935483870967742,0.2131147540983606,0.0291914397241579,0.0424033489288353,0.0294412847106055,0.0371516183958036,0.0340064023639499,0.0208070617906683
2025-06-05,financial,10275.0,0.1359867330016584,0.2210338680926915,0.1254107338444687,-0.0114601975778023,0.0735869375132307,0.0087161498132013,-0.0443542351122603,0.0240098975497746,-0.0176410985977115
2025-06-05,k_beauty,15080.0,0.149390243902439,0.332155477031802,0.469785575048733,0.0113510282161646,0.0559901296263491,0.060363525510122,0.0275883912669006,0.0679603754412352,0.0314386079026773
2025-06-05,k_food,12100.0,0.0236886632825719,0.1075514874141876,0.2166918049270989,0.0078699373313106,0.0285324138447053,0.0416176209508378,-0.0164233648911369,0.0180064909601547,0.0733510697749892
2025-06-05,k_food,12100.0,0.02368866328257191,0.10755148741418763,0.21669180492709894,0.007869937331310695,0.028532413844705395,0.041617620950837875,-0.016423364891136938,0.01800649096015472,0.07335106977498929
2025-06-05,media_platform,12350.0,0.0542040119504907,0.0417545339519189,0.1021865238732708,0.030055672148852,0.0825461333057153,0.027525890389108,0.0256355217378314,0.0965594899816875,0.068988097595924
2025-06-05,semiconductor,33070.0,0.1134680134680135,0.0392834695160275,0.1227295875063656,0.0805798665564943,0.1352799627948119,0.0355744302405072,0.0596566674036538,0.0605818006392639,-0.0063239820297027
2025-06-05,shipbuilding,25075.0,0.0966542750929368,0.2196011673151752,0.7052023121387283,0.0430103340798999,-0.0559486386356655,-0.0131664574674061,0.1173644351618214,-0.218213420431917,0.037075670854318
2025-06-05,steel_materials,9475.0,0.0516093229744727,-0.02218782249742,0.0922190201729107,0.0510765579238601,0.0278880500367226,0.0318011771463719,0.0242721327279149,-0.0008303661652531,-0.0410883212089649
2025-06-13,KOSPI200,38865.0,0.1158484065460809,0.1491720875221762,0.1885321100917432,0.0032324783847383,0.027640703043767,0.0683305390231201,-0.0526583035777736,-0.0636740337721564,0.0429487195449242
2025-06-13,auto,18110.0,0.0139977603583427,0.0024910047052311,0.011731843575419,0.0171316634922459,0.0253896363723632,0.0496752034874343,-0.0280141226080351,-0.0246847049334776,0.0174098347466983
2025-06-13,battery,10075.0,-0.0218446601941747,-0.2101136809094472,-0.2712477396021699,0.0233105608782617,-0.0400400913755143,0.040616667177491,-0.0431474128075484,-0.1508735976718667,0.0586592348766922
2025-06-13,bio_health,17215.0,0.0516188149053145,-0.0046256143394044,0.0759374999999999,0.0516188149053145,0.0637954382921744,0.0382947971305152,0.0730301538679201,0.0642473109567749,0.0456999190064792
2025-06-13,biosimilar_cdmo,9585.0,0.0538757559098406,-0.0303490136570561,,0.0459350465398036,0.0228583458655694,,0.016761815160445,-0.013090921117829,
2025-06-13,construction,4355.0,0.2961309523809523,0.3980738362760834,0.4787775891341257,0.049198437043529,0.0542721833835213,0.1123910345122769,-0.0335774517878701,-0.0760286845796842,0.0903523059773847
2025-06-13,consumer,7780.0,0.0790568654646324,0.1752265861027191,0.2232704402515724,-0.0068970129420762,-0.0183218009940551,0.0101556861532117,-0.0360884526662341,-0.0607251499228904,-0.0192855985573938
2025-06-13,financial,10605.0,0.1545998911268371,0.2807971014492754,0.162828947368421,0.0186131581251787,0.0597632333565838,0.0374182135239522,0.030073355702981,-0.0138237041566469,0.0287020637107509
2025-06-13,k_beauty,15205.0,0.1135115342365433,0.3170203551320918,0.5335350479072114,-0.0358787096658956,-0.0151351218997102,0.0637494728584784,-0.0472297378820603,-0.0711252515260594,0.0033859473483563
2025-06-13,k_food,12075.0,0.0373711340206186,0.0648148148148148,0.1961367013372956,0.0136824707380467,-0.0427366725993727,-0.0205551035898032,0.005812533406736,-0.0712690864440781,-0.0621727245406411
2025-06-13,k_food,12075.0,0.037371134020618646,0.06481481481481488,0.19613670133729566,0.013682470738046737,-0.04273667259937275,-0.02055510358980328,0.005812533406736042,-0.07126908644407814,-0.062172724540641155
2025-06-13,media_platform,13075.0,0.1354754667824576,0.1001262095077828,0.094142259414226,0.0812714548319668,0.0583716755558638,-0.0080442644590448,0.0512157826831147,-0.0241744577498514,-0.0355701548481528
2025-06-13,semiconductor,33780.0,0.0728918532634588,0.0809599999999999,0.257398101619207,-0.0405761602045546,0.0416765304839723,0.1346685141128414,-0.1211560267610489,-0.0936034323108395,0.0990940838723342
2025-06-13,shipbuilding,26265.0,0.1492014876394662,0.3465778005639579,0.9615384615384616,0.0525472125465293,0.1269766332487827,0.2563361493997331,0.0095368784666294,0.1829252718844483,0.2695026068671393
2025-06-13,steel_materials,10415.0,0.1363884342607746,-0.0095102234902519,0.0928646379853095,0.0847791112863018,0.012677599007168,0.0006456178123988,0.0337025533624417,-0.0152104510295546,-0.0311555593339731
2025-06-20,KOSPI200,40640.0,0.166475315729047,0.1566813718514301,0.2889311766571518,0.050626909182966,0.0075092843292539,0.1003990665654086,0.0473944307982276,-0.0201314187145131,0.0320685275422885
2025-06-20,auto,18725.0,0.0963114754098359,0.0018726591760298,0.0905649388468259,0.0823137150514932,-0.0006183455292012,0.0788330952714069,0.0651820515592472,-0.0260079819015645,0.0291578917839725
2025-06-20,battery,10400.0,0.1028632025450688,-0.159935379644588,-0.1807798345805434,0.1247078627392436,0.0501783012648592,0.0904679050216265,0.1013973018609818,0.0902183926403735,0.0498512378441354
2025-06-20,bio_health,17480.0,0.0786794199321196,-0.0253693894619458,0.1530343007915566,0.0270606050268051,-0.0207437751225414,0.0770968007915566,-0.0245582098785093,-0.0845392134147159,0.0388020036610414
2025-06-20,biosimilar_cdmo,9620.0,0.0665188470066517,-0.0655658086449733,,0.0126430910968111,-0.0352167949879171,,-0.0332919554429924,-0.0580751408534866,
2025-06-20,construction,4370.0,0.2796486090775989,0.3742138364779874,0.6647619047619047,-0.0164823433033534,-0.0238599997980959,0.1859843156277789,-0.0656807803468824,-0.0781321831816173,0.073593281115502
2025-06-20,consumer,8130.0,0.1046195652173913,0.2062314540059346,0.2853754940711461,0.0255626997527589,0.0310048679032155,0.0621050538195737,0.0324597126948351,0.0493266688972706,0.051949367666362
2025-06-20,financial,10935.0,0.1645367412140574,0.2752186588921284,0.3095808383233533,0.0099368500872203,-0.005578442557147,0.1467518909549323,-0.0086763080379583,-0.0653416759137308,0.1093336774309801
2025-06-20,k_beauty,16200.0,0.157556270096463,0.3636363636363635,0.6265060240963856,0.0440447358599196,0.0466160085042717,0.0929709761891741,0.0799234455258153,0.0617511304039819,0.0292215033306957
2025-06-20,k_food,12275.0,0.041136556403732,0.0550064460678985,0.2430379746835442,0.0037654223831133,-0.0098083687469163,0.0469012733462486,-0.0099170483549333,0.0329283038524563,0.0674563769360518
2025-06-20,k_food,12275.0,0.04113655640373204,0.05500644606789851,0.24303797468354427,0.0037654223831133926,-0.009808368746916374,0.046901273346248606,-0.009917048354933344,0.032928303852456375,0.06745637693605189
2025-06-20,media_platform,14950.0,0.2915766738660907,0.2669491525423728,0.3312555654496882,0.1561012070836331,0.16682294303459,0.2371133060354622,0.0748297522516663,0.1084512674787261,0.245157570494507
2025-06-20,semiconductor,35365.0,0.1420959147424512,0.0542554777165003,0.3247799213335831,0.0692040614789923,-0.0267045222834996,0.067381819714376,0.109780221683547,-0.0683810527674719,-0.0672866943984653
2025-06-20,shipbuilding,26900.0,0.1821577675236212,0.3102776424744276,1.145135566188198,0.0329562798841549,-0.0363001580895303,0.1835971046497364,-0.0195909326623744,-0.163276791338313,-0.0727390447499967
2025-06-20,steel_materials,10805.0,0.2250566893424035,0.0145539906103286,0.1543803418803417,0.0886682550816289,0.0240642141005806,0.0615157038950322,0.003889143795327,0.0113866150934126,0.0608700860826334
2025-06-27,KOSPI200,41435.0,0.1737960339943343,0.1653775840247504,0.2556060606060606,0.0073207182652872,0.0086962121733202,-0.0333251160510912,-0.0433061909176788,0.0011869278440663,-0.1337241826164998
2025-06-27,auto,18490.0,0.1098439375750299,-0.0694514343231001,0.0341163310961969,0.0135324621651939,-0.07132409349913,-0.0564486077506289,-0.0687812528862992,-0.0707057479699287,-0.1352817030220359
2025-06-27,battery,10190.0,0.1247240618101546,-0.1818546768366118,-0.247970479704797,0.0218608592650857,-0.0219192971920237,-0.0671906451242535,-0.1028470034741578,-0.072097598456883,-0.15765855014588
2025-06-27,bio_health,17090.0,0.0172619047619047,0.0154486036838978,0.0212130265909769,-0.0614175151702149,0.0408179931458437,-0.1318212742005797,-0.0884781201970201,0.0615617682683852,-0.2089180749921364
2025-06-27,biosimilar_cdmo,9360.0,0.0179445350734095,-0.0654018971542685,,-0.0485743119332422,0.0001639114907047,,-0.0612174030300534,0.0353807064786219,
2025-06-27,construction,4435.0,0.1640419947506561,0.4283413848631239,0.572695035460993,-0.1156066143269427,0.0541275483851364,-0.0920668693009116,-0.0991242710235893,0.0779875481832323,-0.2780511849286906
2025-06-27,consumer,8005.0,0.053982883475971,0.178939617083947,0.2083018867924528,-0.0506366817414203,-0.0272918369219876,-0.0770736072786932,-0.0761993814941792,-0.0582967048252032,-0.139178661098267
2025-06-27,financial,11255.0,0.1508179959100204,0.289971346704871,0.3256772673733805,-0.013718745304037,0.0147526878127426,0.0160964290500271,-0.0236555953912573,0.0203311303698896,-0.1306554619049051
2025-06-27,k_beauty,15910.0,0.0893529613146182,0.3627408993576018,0.438517179023508,-0.0682033087818447,-0.0008954642787617,-0.1879888450728775,-0.1122480446417644,-0.0475114727830334,-0.2809598212620516
2025-06-27,k_food,12215.0,0.044017094017094,0.0444634459170585,0.1315423807318203,0.002880537613362,-0.0105430001508399,-0.1114955939517239,-0.0008848847697513,-0.0007346314039236,-0.1583968672979725
2025-06-27,k_food,12215.0,0.04401709401709408,0.04446344591705853,0.13154238073182034,0.002880537613362044,-0.010543000150839976,-0.11149559395172393,-0.0008848847697513484,-0.0007346314039236024,-0.15839686729797253
2025-06-27,media_platform,14415.0,0.209819555182543,0.2336328626444159,0.200749687630154,-0.0817571186835477,-0.0333162898979568,-0.1305058778195342,-0.2378583257671809,-0.2001392329325468,-0.3676191838549965
2025-06-27,semiconductor,37080.0,0.2145430723878152,0.1053808317185869,0.2755417956656347,0.072447157645364,0.0511253540020866,-0.0492381256679483,0.0032430961663716,0.0778298762855862,-0.1166199453823244
2025-06-27,shipbuilding,25675.0,0.060512185047501,0.3980397495235501,0.8030196629213484,-0.1216455824761202,0.0877621070491225,-0.3421159032668495,-0.1546018623602751,0.1240622651386529,-0.5257130079165859
2025-06-27,steel_materials,11155.0,0.247065399664617,0.0909535452322738,0.1854410201912859,0.0220087103222135,0.0763995546219451,0.0310606783109441,-0.0666595447594153,0.0523353405213644,-0.030455025584088
2025-07-04,KOSPI200,41490.0,0.1171243941841679,0.2078602620087335,0.2805555555555554,-0.0566716398101663,0.042482677983983,0.0249494949494948,-0.0639923580754535,0.0337864658106628,0.058274611000586
2025-07-04,auto,19145.0,0.1176298890834792,0.033189422558014,0.050480109739369,0.0077859515084492,0.1026408568811142,0.016363778643172,-0.0057465106567446,0.1739649503802443,0.072812386393801
2025-07-04,battery,11445.0,0.1584008097165992,0.0114891736632787,-0.0952569169960474,0.0336767479064445,0.1933438504998905,0.1527135627087495,0.0118158886413588,0.2152631476919143,0.2199042078330031
2025-07-04,bio_health,17580.0,0.0411607936037903,0.0680437424058322,0.0936236391912908,0.0238988888418856,0.0525951387219343,0.0724106126003139,0.0853164040121006,0.0117771455760905,0.2042318868008936
2025-07-04,biosimilar_cdmo,9675.0,0.0162815126050419,0.0051948051948051,,-0.0016630224683675,0.0705967023490737,,0.0469112894648746,0.070432790858369,
2025-07-04,construction,4190.0,0.0435865504358654,0.3408,0.4701754385964911,-0.1204554443147907,-0.0875413848631239,-0.1025195968645018,-0.0048488299878479,-0.1416689332482603,-0.0104527275635901
2025-07-04,consumer,8080.0,0.0398970398970399,0.2041728763040238,0.2402148887183421,-0.014085843578931,0.0252332592200767,0.0319130019258893,0.0365508381624892,0.0525250961420644,0.1089866092045825
2025-07-04,financial,11480.0,0.1151044196211752,0.3395565927654609,0.3601895734597156,-0.0357135762888451,0.0495852460605898,0.034512306086335,-0.0219948309848081,0.0348325582478472,0.0184158770363078
2025-07-04,k_beauty,15500.0,0.0258107213765717,0.3074652045550401,0.4318706697459584,-0.0635422399380465,-0.0552756948025616,-0.0066465092775496,0.0046610688437982,-0.0543802305237999,0.1813423357953278
2025-07-04,k_food,12560.0,0.0427563304275633,0.0879168471199653,0.1544117647058822,-0.0012607635895307,0.0434534012029068,0.0228693839740619,-0.0041413012028928,0.0539964013537468,0.1343649779257858
2025-07-04,k_food,12560.0,0.04275633042756333,0.08791684711996539,0.15441176470588225,-0.0012607635895307556,0.04345340120290686,0.022869383974061908,-0.0041413012028928,0.05399640135374684,0.13436497792578583
2025-07-04,media_platform,13970.0,0.1627132750728257,0.2222222222222223,0.2434356920338229,-0.0471062801097172,-0.0114106404221936,0.0426860044036689,0.0346508385738304,0.0219056494757632,0.1731918822232032
2025-07-04,semiconductor,36610.0,0.1371330952011182,0.1585443037974683,0.2654683719322503,-0.0774099771866969,0.0531634720788813,-0.0100734237333843,-0.1498571348320609,0.0020381180767947,0.039164701934564
2025-07-04,shipbuilding,23270.0,-0.0754866905045689,0.2504030091348737,0.531928900592495,-0.1359988755520699,-0.1476367403886764,-0.2710907623288534,-0.0143532930759496,-0.235398847437799,0.071025140937996
2025-07-04,steel_materials,11725.0,0.2513340448239061,0.2258233141662311,0.2668827660723933,0.004268645159289,0.1348697689339573,0.0814417458811074,-0.0177400651629244,0.0584702143120121,0.0503810675701632
2025-07-11,KOSPI200,43025.0,0.0977165454777395,0.3643570635801489,0.3449515473585496,-0.0194078487064284,0.1564968015714154,0.0643959918029941,0.0372637911037379,0.1140141235874323,0.0394464968534993
2025-07-11,auto,19585.0,0.0569347004856988,0.1609365737996444,0.0811482197074247,-0.0606951885977804,0.1277471512416303,0.0306681099680556,-0.0684811401062297,0.0251062943605161,0.0143043313248836
2025-07-11,battery,11590.0,0.120889748549323,0.1112176414189836,-0.0301255230125523,-0.0375110611672762,0.0997284677557048,0.0651313939834951,-0.0711878090737208,-0.0936153827441856,-0.0875821687252544
2025-07-11,bio_health,18345.0,0.0274432931951833,0.1610759493670885,0.116555082166768,-0.0137175004086069,0.0930322069612563,0.0229314429754772,-0.0376163892504926,0.040437068239322,-0.0494791696248366
2025-07-11,biosimilar_cdmo,10020.0,0.0266393442622949,0.1151919866444073,0.0340557275541795,0.010357831657253,0.1099971814496021,,0.0120208541256205,0.0394004791005283,
2025-07-11,construction,4265.0,-0.0339750849377123,0.4457627118644067,0.5452898550724639,-0.0775616353735778,0.1049627118644067,0.0751144164759727,0.0428938089412128,0.1925040967275306,0.1776340133404745
2025-07-11,consumer,8620.0,0.0946031746031745,0.322085889570552,0.3606945540647197,0.0547061347061346,0.1179130132665282,0.1204796653463775,0.0687919782850656,0.0926797540464514,0.0885666634204882
2025-07-11,financial,12545.0,0.1784875528417098,0.6155827430779137,0.5430504305043051,0.0633831332205345,0.2760261503124528,0.1828608570445895,0.0990967095093797,0.2264409042518629,0.1483485509582545
2025-07-11,k_beauty,16730.0,0.0498901788515846,0.4917521176995096,0.5628211116300794,0.0240794574750129,0.1842869131444695,0.1309504418841209,0.0876216974130594,0.2395626079470312,0.1375969511616706
2025-07-11,k_food,13110.0,0.070204081632653,0.1784269662921347,0.240889730241363,0.0274477512050896,0.0905101191721693,0.0864779655354808,0.0287085147946204,0.0470567179692624,0.0636085815614189
2025-07-11,k_food,13110.0,0.07020408163265301,0.17842696629213473,0.24088973024136306,0.027447751205089688,0.09051011917216933,0.08647796553548082,0.028708514794620443,0.047056717969262474,0.06360858156141891
2025-07-11,media_platform,14170.0,0.0779764168885508,0.2835144927536233,0.3,-0.0847368581842749,0.0612922705314009,0.056564307966177,-0.0376305780745576,0.0727029109535946,0.013878303562508
2025-07-11,semiconductor,37445.0,0.0886756796045937,0.3430774748923959,0.2863277224321539,-0.0484574155965245,0.1845331710949276,0.0208593504999035,0.0289525615901724,0.1313696990160462,0.0309327742332878
2025-07-11,shipbuilding,24595.0,-0.0489172467130704,0.3558434399117971,0.580655526992288,0.0265694437914985,0.1054404307769234,0.0487266263997929,0.1625683193435684,0.2530771711655999,0.3198173887286464
2025-07-11,steel_materials,12295.0,0.205392156862745,0.4321490972626673,0.3876975169300225,-0.045941887961161,0.2063257830964362,0.1208147508576291,-0.05021053312045,0.0714560141624789,0.0393730049765217
2025-07-18,KOSPI200,43340.0,0.0813373253493014,0.2993554189776646,0.2866260947009054,-0.016379220128438,-0.0650016446024843,-0.0583254526576442,0.0030286285779903,-0.2214984461738998,-0.1227214444606383
2025-07-18,auto,19685.0,0.0574805264571582,0.1213329535744802,0.0631920064812314,0.0005458259714594,-0.0396036202251641,-0.0179562132261932,0.0612410145692399,-0.1673507714667945,-0.0486243231942489
2025-07-18,battery,11710.0,0.1680798004987531,0.0630957784838857,-0.1030256606664113,0.0471900519494301,-0.0481218629350979,-0.072900137653859,0.0847011131167063,-0.1478503306908027,-0.1380315316373541
2025-07-18,bio_health,19530.0,0.1364562118126273,0.1719171917191719,0.1272727272727272,0.109012918617444,0.0108412423520833,0.0107176451059591,0.1227304190260509,-0.0821909646091729,-0.012213797869518
2025-07-18,biosimilar_cdmo,10275.0,0.0873015873015872,0.090185676392573,0.0009741841207988,0.0606622430392922,-0.0250063102518343,-0.0330815434333806,0.0503044113820392,-0.1350034917014364,
2025-07-18,construction,4255.0,-0.0480984340044742,0.3422712933753944,0.5008818342151675,-0.0141233490667618,-0.1034914184890123,-0.0444080208572963,0.063438286306816,-0.2084541303534191,-0.119522437333269
2025-07-18,consumer,8635.0,0.089589905362776,0.2679882525697503,0.3387596899224805,-0.0050132692403985,-0.0540976370008017,-0.0219348641422392,-0.0597194039465331,-0.1720106502673299,-0.1424145294886167
2025-07-18,financial,12200.0,0.1380597014925373,0.4814814814814814,0.4610778443113772,-0.0404278513491724,-0.1341012615964323,-0.0819725861929279,-0.103810984569707,-0.4101274119088851,-0.2648334432375174
2025-07-18,k_beauty,16705.0,0.0674121405750798,0.3909242298084929,0.5117647058823529,0.0175219617234951,-0.1008278878910167,-0.0510564057477265,-0.0065574957515177,-0.2851148010354862,-0.1820068476318475
2025-07-18,k_food,12820.0,0.0568837592745259,0.1142981312472837,0.2203712517848643,-0.013320322358127,-0.064128835044851,-0.0205184784564986,-0.0407680735632167,-0.1546389542170203,-0.1069964439919795
2025-07-18,k_food,12820.0,0.056883759274525936,0.11429813124728372,0.22037125178486439,-0.013320322358127079,-0.06412883504485101,-0.02051847845649868,-0.04076807356321677,-0.15463895421702034,-0.1069964439919795
2025-07-18,media_platform,13775.0,-0.0410720501218239,0.2304600267976775,0.2337662337662338,-0.1190484670103747,-0.0530544659559457,-0.0662337662337662,-0.0343116088260998,-0.1143467364873467,-0.1227980741999432
2025-07-18,semiconductor,37000.0,0.0621501363571121,0.2418190971639537,0.1207027108889897,-0.0265255432474815,-0.1012583777284421,-0.1656250115431641,0.0219318723490429,-0.2857915488233697,-0.1864843620430676
2025-07-18,shipbuilding,25745.0,-0.0510504976041282,0.2265364459266317,0.5388523610280933,-0.0021332508910578,-0.1293069939851654,-0.0418031659641946,-0.0287026946825563,-0.2347474247620888,-0.0905297923639876
2025-07-18,steel_materials,12595.0,0.1640480591497226,0.3871145374449338,0.3675352877307274,-0.0413440977130223,-0.0450345598177335,-0.0201622291992951,0.0045977902481386,-0.2513603429141697,-0.1409769800569242
2025-07-25,KOSPI200,43310.0,0.0388582393859437,0.2998199279711884,0.2828791469194314,-0.0424790859633577,0.0004645089935237,-0.0037469477814739,-0.0260998658349196,0.0654661535960081,0.0545785048761702
2025-07-25,auto,19880.0,0.0540827147401907,0.1369745496139547,0.0577281191806331,-0.0033978117169675,0.0156415960394744,-0.0054638873005983,-0.0039436376884269,0.0552452162646386,0.0124923259255949
2025-07-25,battery,12420.0,0.1761363636363635,0.1806083650190113,-0.0457164809834805,0.0080565631376103,0.1175125865351256,0.0573091796829308,-0.0391334888118197,0.1656344494702235,0.1302093173367898
2025-07-25,bio_health,19265.0,0.1246351430239345,0.1426453143534993,0.1252920560747663,-0.0118210687886928,-0.0292718773656726,-0.0019806711979608,-0.1208339874061368,-0.0401131197177559,-0.01269831630392
2025-07-25,biosimilar_cdmo,10320.0,0.1019754404698345,0.0903328050713154,0.0233019335647,0.0146738531682473,0.0001471286787424,0.0223277494439011,-0.0459883898710449,0.0251534389305767,0.0554092928772818
2025-07-25,construction,4120.0,-0.0864745011086474,0.30173775671406,0.4206896551724137,-0.0383760671041731,-0.0405335366613344,-0.0801921790427537,-0.0242527180374113,0.0629578818276779,-0.0357841581854574
2025-07-25,consumer,8320.0,0.0374064837905236,0.1726568005637774,0.3020344287949921,-0.0521834215722523,-0.0953314520059729,-0.0367252611274884,-0.0471701523318537,-0.0412338150051712,-0.0147903969852491
2025-07-25,financial,12350.0,0.0938883968113375,0.4393939393939394,0.453796350794585,-0.0441713046811997,-0.0420875420875419,-0.0072814935167921,-0.0037434533320273,0.0920137195088903,0.0746910926761357
2025-07-25,k_beauty,16410.0,0.0198881292728403,0.3212560386473431,0.4783783783783784,-0.0475240113022394,-0.0696681911611498,-0.0333863275039745,-0.0650459730257346,0.0311596967298668,0.0176700782437519
2025-07-25,k_food,12485.0,0.0125709651257095,0.0607476635514019,0.213903743315508,-0.0443127941488163,-0.0535504676958817,-0.0064675084693563,-0.0309924717906893,0.0105783673489692,0.0140509699871422
2025-07-25,k_food,12485.0,0.012570965125709543,0.06074766355140193,0.213903743315508,-0.04431279414881639,-0.05355046769588179,-0.006467508469356398,-0.030992471790689313,0.01057836734896922,0.014050969987142281
2025-07-25,media_platform,13335.0,-0.0831900996906153,0.1697368421052631,0.1764446404940449,-0.0421180495687913,-0.0607231846924143,-0.0573215932721888,0.0769304174415833,-0.0076687187364685,0.0089121729615773
2025-07-25,semiconductor,35795.0,-0.0480053191489361,0.2204227753153766,0.0926434676434675,-0.1101554555060483,-0.021396321848577,-0.0280592432455222,-0.0836299122585667,0.079862055879865,0.1375657682976419
2025-07-25,shipbuilding,27970.0,0.0820116054158608,0.337637494021999,0.5525950596724951,0.1330621030199891,0.1111010480953673,0.0137426986444018,0.1351953539110469,0.2404080420805328,0.0555458646085964
2025-07-25,steel_materials,13070.0,0.1721973094170403,0.4522222222222223,0.4331140350877194,0.0081492502673177,0.0651076847772884,0.0655787473569919,0.0494933479803401,0.1101422445950219,0.0857409765562871
2025-08-01,KOSPI200,42140.0,-0.0039002481976125,0.2392295250698426,0.2510019296422741,-0.0427584875835563,-0.0605904029013457,-0.0318772172771573,-0.0002794016201986,-0.0610549118948695,-0.0281302694956833
2025-08-01,auto,18890.0,-0.0265395516619427,0.0708616780045352,0.0186033971420869,-0.0806222664021335,-0.0661128716094194,-0.0391247220385462,-0.077224454685166,-0.0817544676488939,-0.0336608347379479
2025-08-01,battery,11750.0,0.0239651416122004,0.0667271901951884,-0.0841777084957131,-0.1521712220241631,-0.1138811748238228,-0.0384612275122325,-0.1602277851617735,-0.2313937613589485,-0.0957704071951633
2025-08-01,bio_health,18030.0,0.0078256008943544,0.070983070983071,0.0476467170249854,-0.11680954212958,-0.0716622433704283,-0.0776453390497808,-0.1049884733408872,-0.0423903660047557,-0.07566466785182
2025-08-01,biosimilar_cdmo,9655.0,-0.0127811860940695,-0.0046391752577319,-0.0272040302267002,-0.114756626563904,-0.0949719803290474,-0.0505059637914002,-0.1294304797321513,-0.0951191090077898,-0.0728337132353014
2025-08-01,construction,4065.0,-0.056844547563805,0.2412213740458015,0.3756345177664975,0.0296299535448423,-0.0605163826682584,-0.0450551374059162,0.0680060206490155,-0.019982846006924,0.0351370416368375
2025-08-01,consumer,8180.0,-0.0132689987937273,0.1537376586741889,0.2973830293417923,-0.050675482584251,-0.0189191418895884,-0.0046513994531998,0.0015079389880012,0.0764123101163845,0.0320738616742886
2025-08-01,financial,11215.0,-0.0360979802320584,0.2708215297450425,0.3116959064327484,-0.129986377043396,-0.1685724096488969,-0.1421004443618365,-0.0858150723621962,-0.126484867561355,-0.1348189508450443
2025-08-01,k_beauty,15920.0,-0.0148514851485148,0.212952380952381,0.459211732355637,-0.0347396144213552,-0.108303657694962,-0.0191666460227413,0.0127843968808842,-0.0386354665338122,0.0142196814812332
2025-08-01,k_food,12530.0,-0.0320587099266126,0.063667232597623,0.250499001996008,-0.0446296750523221,0.0029195690462211,0.0365952586805,-0.0003168809035057,0.0564700367421029,0.0430627671498564
2025-08-01,k_food,12530.0,-0.03205870992661264,0.06366723259762308,0.25049900199600805,-0.04462967505232218,0.0029195690462211488,0.036595258680500065,-0.00031688090350578957,0.056470036742102936,0.04306276714985646
2025-08-01,media_platform,12885.0,-0.0995807127882599,0.1151016875811337,0.1576819407008085,-0.0163906130976446,-0.0546351545241294,-0.0187626997932364,0.0257274364711467,0.0060880301682848,0.0385588934789524
2025-08-01,semiconductor,35780.0,-0.0419065470611862,0.2055256064690027,0.0439095550692925,0.0060987720877498,-0.0148971688463739,-0.048733912574175,0.1162542275937982,0.0064991530022031,-0.0206746693286528
2025-08-01,shipbuilding,29585.0,0.2065660685154975,0.3030169566174852,0.7012650948821162,0.1245544630996366,-0.0346205374045138,0.148670035209621,-0.0085076399203524,-0.1457215854998812,0.1349273365652192
2025-08-01,steel_materials,11665.0,-0.0230318257956448,0.2839845899834892,0.2925207756232686,-0.1952291352126852,-0.1682376322387331,-0.1405932594644507,-0.2033783854800029,-0.2333453170160215,-0.2061720068214427
2025-08-08,KOSPI200,43445.0,0.0103488372093023,0.2679118634174813,0.3036759189797449,0.0142490854069149,0.0286823383476386,0.0526739893374708,0.0570075729904713,0.0892727412489844,0.0845512066146281
2025-08-08,auto,19420.0,-0.0112016293279022,0.1209235209235208,0.0682068206820682,0.0153379223340405,0.0500618429189856,0.0496034235399813,0.095960188736174,0.1161747145284051,0.0887281455785276
2025-08-08,battery,12365.0,0.0927971718957136,0.1958413926499032,0.0164406083025072,0.0688320302835132,0.1291142024547147,0.1006183167982204,0.2210032523076763,0.2429953772785376,0.139079544310453
2025-08-08,bio_health,18440.0,-0.0037817396002161,0.1254195910894111,0.0459444129325015,-0.0116073404945705,0.0544365201063401,-0.0017023040924839,0.1052022016350094,0.1260987634767685,0.0759430349572969
2025-08-08,biosimilar_cdmo,9740.0,-0.0365974282888229,0.0575461454940282,-0.0318091451292246,-0.0238162421947534,0.0621853207517602,-0.0046051149025243,0.0909403843691506,0.1571573010808076,0.0459008488888759
2025-08-08,construction,4255.0,-0.0070011668611434,0.3012232415902141,0.4423728813559322,0.0498433807026615,0.0600018675444125,0.0667383635894347,0.0202134271578192,0.1205182502126709,0.111793500995351
2025-08-08,consumer,8760.0,0.0138888888888888,0.1861882193635748,0.3730407523510972,0.0271578876826161,0.0324505606893859,0.0756577230093049,0.0778333702668672,0.0513697025789743,0.0803091224625047
2025-08-08,financial,11870.0,-0.0473515248796148,0.3043956043956044,0.3573470554602629,-0.0112535446475563,0.0335740746505619,0.0456511490275144,0.1187328323958396,0.2021464842994589,0.187751593389351
2025-08-08,k_beauty,17710.0,0.0488599348534202,0.2750179985601151,0.6443825441039925,0.063711420001935,0.0620656176077341,0.1851708117483554,0.0984510344232902,0.1703692753026962,0.2043374577710968
2025-08-08,k_food,12655.0,-0.0441842900302115,0.0545833333333334,0.2364435759648266,-0.0121255801035988,-0.0090838992642896,-0.0140554260311813,0.0325040949487233,-0.0120034683105108,-0.0506506847116814
2025-08-08,k_food,12655.0,-0.044184290030211515,0.05458333333333343,0.23644357596482668,-0.012125580103598876,-0.009083899264289652,-0.014055426031181373,0.032504094948723306,-0.012003468310510801,-0.05065068471168144
2025-08-08,media_platform,13880.0,-0.0300489168413696,0.1986183074265974,0.1252533441426835,0.0695317959468903,0.0835166198454637,-0.032428596558125,0.0859224090445349,0.1381517743695932,-0.0136658967648886
2025-08-08,semiconductor,37030.0,-0.0025589225589225,0.2370135293135127,0.163002512562814,0.0393476245022637,0.0314879228445099,0.1190929574935215,0.0332488524145138,0.0463850916908838,0.1678268700676966
2025-08-08,shipbuilding,30875.0,0.2286112216474334,0.3169119215184475,0.6843971631205674,0.0220451531319358,0.0138949649009623,-0.0168679317615487,-0.1025093099677008,0.0485155023054761,-0.1655379669711698
2025-08-08,steel_materials,11445.0,-0.050207468879668,0.2549342105263157,0.3020477815699658,-0.0271756430840232,-0.0290503794571734,0.0095270059466971,0.168053492128662,0.1391872527815596,0.1501202654111479
2025-08-14,KOSPI200,43720.0,0.0096997690531177,0.2478949621806765,0.2944485566247223,-0.0006490681561845,-0.0200169012368047,-0.0092273623550225,-0.0148981535630995,-0.0486992395844434,-0.0619013516924933
2025-08-14,auto,19330.0,-0.0157841140529531,0.097671777399205,0.0820039182759586,-0.0045824847250508,-0.0232517435243158,0.0137970975938903,-0.0199204070590913,-0.0733135864433014,-0.035806325946091
2025-08-14,battery,13065.0,0.1644385026737969,0.2890971879625061,0.0905676126878129,0.0716413307780832,0.0932557953126029,0.0741270043853057,0.0028093004945699,-0.0358584071421117,-0.0264913124129146
2025-08-14,bio_health,18735.0,0.0,0.1493865030674845,0.0504625735912531,0.0037817396002161,0.0239669119780734,0.0045181606587516,0.0153890800947866,-0.0304696081282667,0.0062204647512356
2025-08-14,biosimilar_cdmo,9800.0,-0.0170511534603811,0.0769230769230768,-0.0513068731848983,0.0195462748284418,0.0193769314290486,-0.0194977280556737,0.0433625170231952,-0.0428083893227115,-0.0148926131531493
2025-08-14,construction,4120.0,-0.0294464075382803,0.2298507462686567,0.3442088091353996,-0.0224452406771368,-0.0713724953215573,-0.0981640722205325,-0.0722886213797984,-0.1313743628659698,-0.1649024358099673
2025-08-14,consumer,8215.0,-0.0579128440366972,0.1331034482758621,0.2697063369397219,-0.0718017329255861,-0.0530847710877127,-0.1033344154113753,-0.0989596206082022,-0.0855353317770986,-0.1789921384206803
2025-08-14,financial,11890.0,-0.0293877551020408,0.2826321467098165,0.3882078225335668,0.0179637697775739,-0.0217634576857879,0.0308607670733038,0.0292173144251303,-0.0553375323363498,-0.0147903819542105
2025-08-14,k_beauty,16395.0,-0.0307419450192136,0.1906318082788671,0.5027497708524289,-0.0796018798726339,-0.0843861902812479,-0.1416327732515636,-0.1433132998745689,-0.146451807888982,-0.3268035849999191
2025-08-14,k_food,12195.0,-0.0520792848814612,0.0454350621517358,0.1537369914853359,-0.0078949948512497,-0.0091482711815975,-0.0827065844794907,0.004230585252349,-6.437191730790381e-05,-0.0686511584483093
2025-08-14,k_food,12195.0,-0.052079284881461296,0.04543506215173587,0.15373699148533593,-0.007894994851249781,-0.009148271181597556,-0.08270658447949075,0.004230585252349095,-6.437191730790381e-05,-0.06865115844830938
2025-08-14,media_platform,13715.0,-0.0029080334423845,0.1792777300085983,0.0923934687375547,0.0271408833989851,-0.0193405774179991,-0.0328598754051288,-0.0423909125479051,-0.1028571972634628,-0.0004312788470037
2025-08-14,semiconductor,38380.0,0.0096014731027225,0.2197679961862386,0.1370167382609983,0.012160395661645,-0.017245533127274,-0.0259857743018157,-0.0271872288406186,-0.048733455971784,-0.1450787317953372
2025-08-14,shipbuilding,30180.0,0.1978567176026988,0.2930591259640103,0.679465776293823,-0.0307545040447345,-0.0238527955544372,-0.0049313868267444,-0.0527996571766704,-0.0377477604553995,0.0119365449348043
2025-08-14,steel_materials,11620.0,-0.0777777777777777,0.2797356828193833,0.3333333333333332,-0.0275703088981096,0.0248014722930676,0.0312855517633674,-0.0003946658140864,0.0538518517502411,0.0217585458166702
2025-08-22,KOSPI200,42960.0,-0.006590357266736,0.2412597515169026,0.2320045884714654,-0.0162901263198538,-0.0066352106637739,-0.0624439681532569,-0.0156410581636692,0.0133816905730308,-0.0532166057982343
2025-08-22,auto,19570.0,-0.0307082714214957,0.1666169895678093,0.0866185452526373,-0.0149241573685426,0.0689452121686042,0.0046146269766786,-0.0103416726434918,0.09219695569292,-0.0091824706172116
2025-08-22,battery,12490.0,0.033085194375517,0.3394101876675603,-0.0075486690504569,-0.1313533082982798,0.0503129997050542,-0.0981162817382699,-0.202994639076363,-0.0429427956075487,-0.1722432861235756
2025-08-22,bio_health,18200.0,-0.0678617157490396,0.1013615733736763,0.002202643171806,-0.0678617157490396,-0.0480249296938082,-0.048259930419447,-0.0716434553492557,-0.0719918416718816,-0.0527780910781987
2025-08-22,biosimilar_cdmo,9585.0,-0.0805755395683452,0.0345385860766325,-0.0694174757281553,-0.0635243861079641,-0.0423844908464443,-0.018110602543257,-0.083070660936406,-0.0617614222754929,0.0013871255124167
2025-08-22,construction,4095.0,-0.0096735187424426,0.1886792452830188,0.2619414483821263,0.0197728887958377,-0.0411715009856379,-0.0822673607532733,0.0422181294729745,0.0302009943359193,0.0158967114672592
2025-08-22,consumer,8345.0,-0.0141760189013585,0.1307588075880759,0.2848344880677445,0.0437368251353387,-0.0023446406877862,0.0151281511280225,0.1155385580609248,0.0507401303999264,0.1184625665393979
2025-08-22,financial,11530.0,-0.0541427399507793,0.2213983050847456,0.3344907407407407,-0.0247549848487385,-0.0612338416250708,-0.053717081792826,-0.0427187546263124,-0.0394703839392829,-0.0845778488661299
2025-08-22,k_beauty,16795.0,-0.0005950609937518,0.1957992168031328,0.5083071396497529,0.0301468840254618,0.0051674085242656,0.005557368797324,0.1097487638980957,0.0895535988055136,0.1471901420488877
2025-08-22,k_food,12095.0,-0.0453827940015785,0.03464499572284,0.1142330723169047,0.0066964908798827,-0.0107900664288957,-0.0395039191684312,0.0145914857311325,-0.0016417952472982,0.0432026653110595
2025-08-22,k_food,12095.0,-0.04538279400157852,0.03464499572284008,0.11423307231690472,0.006696490879882777,-0.010790066428895795,-0.03950391916843121,0.014591485731132559,-0.0016417952472982389,0.04320266531105954
2025-08-22,media_platform,13750.0,0.0234462225530331,0.1797511797511797,0.1687207819804506,0.0263542559954177,0.0004734497425813,0.0763273132428958,-0.0007866274035673,0.0198140271605804,0.1091871886480246
2025-08-22,semiconductor,36055.0,-0.0063387074548711,0.1938741721854304,0.0302900414344906,-0.0159401805575937,-0.0258938240008081,-0.1067266968265077,-0.0281005762192387,-0.0086482908735341,-0.080740922524692
2025-08-22,shipbuilding,30580.0,0.1557067271352985,0.3249566724436741,0.5343702960361265,-0.0421499904674003,0.0318975464796638,-0.1450954802576964,-0.0113954864226657,0.055750342034101,-0.140164093430952
2025-08-22,steel_materials,11190.0,-0.1451489686783804,0.2847301951779564,0.2077711818672423,-0.0673711909006027,0.004994512358573,-0.1255621514660909,-0.0398008820024931,-0.0198069599344945,-0.1568477032294584
2025-08-29,KOSPI200,43200.0,-0.0188507835566659,0.1838859961633323,0.237645036527718,-0.0122604262899298,-0.0573737553535702,0.0056404480562526,0.0040297000299239,-0.0507385446897963,0.0680844162095095
2025-08-29,auto,20010.0,-0.0164659621528631,0.1330690826727067,0.0964383561643835,0.0142423092686326,-0.0335479068951025,0.0098198109117462,0.0291664666371753,-0.1024931190637068,0.0052051839350675
2025-08-29,battery,11920.0,-0.0509554140127388,0.2064777327935223,-0.1127651656122069,-0.0840406083882558,-0.132932454874038,-0.10521649656175,0.0473126999100239,-0.1832454545790922,-0.0071002148234801
2025-08-29,bio_health,18265.0,-0.0376712328767123,0.0872023809523809,0.020391061452514,0.0301904828723272,-0.0141591924212953,0.0181884182807079,0.0980521986213669,0.0338657372725128,0.066448348700155
2025-08-29,biosimilar_cdmo,9665.0,-0.0538423886441508,0.0314834578441836,-0.0533790401567091,0.0267331509241944,-0.0030551282324489,0.0160384355714462,0.0902575370321586,0.0393293626139954,0.0341490381147032
2025-08-29,construction,4050.0,-0.0311004784688995,0.0201511335012594,0.2939297124600639,-0.0214269597264569,-0.1685281117817594,0.0319882640779376,-0.0411998485222946,-0.1273566107961214,0.1142556248312109
2025-08-29,consumer,8405.0,0.0102163461538462,0.1154611811546117,0.277355623100304,0.0243923650552048,-0.0152976264334641,-0.0074788649674404,-0.0193444600801339,-0.0129529857456778,-0.022607016095463
2025-08-29,financial,11425.0,-0.0399159663865545,0.1482412060301507,0.3238702201622248,0.0142267735642247,-0.0731570990545948,-0.0106205205785159,0.0389817584129632,-0.011923257429524,0.0430965612143101
2025-08-29,k_beauty,16565.0,0.0072970507753116,0.1483535528596187,0.4391833188531711,0.0078921117690634,-0.0474456639435141,-0.0691238207965818,-0.0222547722563983,-0.0526130724677798,-0.0746811895939059
2025-08-29,k_food,12500.0,0.0032102728731941,0.0561892691170258,0.1348161597821153,0.0485930668747727,0.0215442733941857,0.0205830874652106,0.0418965759948899,0.0323343398230815,0.0600870066336418
2025-08-29,k_food,12500.0,0.0032102728731941976,0.05618926911702582,0.13481615978211536,0.04859306687477272,0.021544273394185742,0.020583087465210648,0.04189657599488994,0.03233433982308154,0.06008700663364186
2025-08-29,media_platform,13500.0,0.0258358662613982,0.1120263591433279,0.1184755592377795,0.002389643708365,-0.0677248206078517,-0.050245222742671,-0.0239646122870527,-0.0681982703504331,-0.1265725359855669
2025-08-29,semiconductor,37535.0,0.0088697755677999,0.1896988906497623,0.094634004082823,0.0152084830226711,-0.0041752815356681,0.0643439626483324,0.0311486635802649,0.02171854246514,0.1710706594748401
2025-08-29,shipbuilding,32930.0,0.1410256410256409,0.3515288323414733,0.6686090701798835,-0.0146810861096575,0.0265721598977992,0.1342387741437569,0.0274689043577427,-0.0053253865818645,0.2793342544014534
2025-08-29,steel_materials,11030.0,-0.1342229199372057,0.1771611526147278,0.1347736625514404,0.0109260487411747,-0.1075690425632285,-0.0729975193158019,0.0782972396417774,-0.1125635549218015,0.052564632150289
2025-09-05,KOSPI200,43475.0,0.0068318666049096,0.1308362595916243,0.2805596465390279,0.0256826501615755,-0.0530497365717079,0.0429146100113098,0.0379430764515054,0.0043240187818622,0.0372741619550571
2025-09-05,auto,20065.0,0.0458691686213188,0.1021697335896731,0.1073399558498895,0.0623351307741819,-0.0308993490830336,0.0109015996855059,0.0480928215055492,0.0026485578120689,0.0010817887737597
2025-09-05,battery,11665.0,-0.0738388249305279,0.1665000000000001,-0.0615446500402252,-0.0228834109177891,-0.0399777327935222,0.0512205155719817,0.0611571974704667,0.0929547220805158,0.1564370121337317
2025-09-05,bio_health,19015.0,0.0190246516613075,0.1068102444703142,0.0407772304324027,0.0566958845380198,0.0196078635179333,0.0203861689798887,0.0265054016656925,0.0337670559392286,0.0021977506991808
2025-09-05,biosimilar_cdmo,9940.0,0.0076026355803344,0.024742268041237,-0.0254901960784313,0.0614450242244852,-0.0067411898029465,0.0278888440782777,0.0347118733002907,-0.0036860615704976,0.0118504085068315
2025-09-05,construction,4015.0,-0.0706018518518518,-0.0135135135135134,0.2725832012678288,-0.0395013733829523,-0.0336646470147729,-0.021346511192235,-0.0180744136564954,0.1348634647669865,-0.0533347752701727
2025-09-05,consumer,8320.0,-0.0286047869235259,0.0544993662864385,0.2663622526636224,-0.0388211330773722,-0.0609618148681732,-0.0109933704366815,-0.063213498132577,-0.045664188434709,-0.0035145054692411
2025-09-05,financial,11275.0,-0.0440864773208986,0.0527544351073763,0.3650121065375302,-0.004170510934344,-0.0954867709227744,0.0411418863753054,-0.0183972844985688,-0.0223296718681795,0.0517624069538213
2025-09-05,k_beauty,16010.0,-0.0604460093896713,0.0385987674343171,0.3970331588132636,-0.067743060164983,-0.1097547854253016,-0.0421501600399074,-0.0756351719340464,-0.0623091214817874,0.0269736607566744
2025-09-05,k_food,12510.0,-0.0071428571428571,0.0245700245700246,0.127027027027027,-0.0103531300160513,-0.0316192445470011,-0.0077891327550883,-0.058946196890824,-0.0531635179411869,-0.0283722202202989
2025-09-05,k_food,12510.0,-0.0071428571428571175,0.024570024570024662,0.12702702702702706,-0.010353130016051315,-0.03161924454700116,-0.007789132755088302,-0.05894619689082403,-0.0531635179411869,-0.02837222022029895
2025-09-05,media_platform,13485.0,0.0188893086513033,0.0397070161912105,0.129396984924623,-0.0069465576100948,-0.0723193429521174,0.0109214256868435,-0.0093362013184599,-0.0045945223442656,0.0611666484295145
2025-09-05,semiconductor,37620.0,0.0382227128466952,0.1253365240801676,0.1706861677298894,0.0293529372788952,-0.0643623665695947,0.0760521636470663,0.014144454256224,-0.0601870850339265,0.0117082009987339
2025-09-05,shipbuilding,33165.0,0.095639246778989,0.3473491773308959,0.6010137581462709,-0.0453863942466519,-0.0041796550105774,-0.0675953120336125,-0.0307053081369943,-0.0307518149083767,-0.2018340861773695
2025-09-05,steel_materials,11255.0,-0.0384451089278086,0.1693506493506493,0.1351487644982349,0.095777811009397,-0.0078105032640785,0.0003751019467945,0.0848517622682223,0.09975853929915,0.0733726212625964
2025-09-12,KOSPI200,46385.0,0.0599862888482631,0.1720783322804802,0.3501673701062435,0.0531544222433535,0.0412420726888558,0.0696077235672156,0.0274717720817779,0.0942918092605638,0.0266931135559058
2025-09-12,auto,20100.0,0.0205635948210205,0.0962639760021817,0.1037891268533772,-0.0253055738002982,-0.0059057575874914,-0.0035508289965122,-0.0876407045744802,0.0249935914955421,-0.0144524286820182
2025-09-12,battery,11975.0,-0.0691799455888068,0.2126582278481013,-0.0834290088021431,0.0046588793417211,0.0461582278481011,-0.0218843587619178,0.0275422902595102,0.0861359606416234,-0.0731048743338995
2025-09-12,bio_health,19480.0,0.0356193514088249,0.1230902277313346,0.1243867243867244,0.0165946997475174,0.0162799832610203,0.0836094939543217,-0.0401011847905024,-0.0033278802569129,0.0632233249744329
2025-09-12,biosimilar_cdmo,10030.0,0.0239918325676364,0.0458811261730969,0.0080402010050251,0.016389196987302,0.0211388581318598,0.0335303970834565,-0.0450558272371832,0.0278800479348064,0.0056415530051787
2025-09-12,construction,4055.0,-0.001231527093596,-0.1058434399117971,0.2934609250398723,0.0693703247582557,-0.0923299263982836,0.0208777237720434,0.1088716981412081,-0.0586652793835107,0.0422242349642785
2025-09-12,consumer,8520.0,0.0327272727272727,0.0784810126582278,0.2764044943820225,0.0613320596507986,0.0239816463717892,0.0100422417184,0.1001531927281709,0.0849434612399624,0.0210356121550816
2025-09-12,financial,12120.0,0.0227848101265821,0.1165361584523261,0.4488942020322772,0.0668712874474808,0.0637817233449498,0.083882095494747,0.0710417983818249,0.1592684942677242,0.0427402091194415
2025-09-12,k_beauty,16245.0,0.0071295722256665,0.0521373056994818,0.377278507842306,0.0675755816153379,0.0135385382651647,-0.0197546509709576,0.1353186417803209,0.1232933236904663,0.0223955090689498
2025-09-12,k_food,13255.0,0.084697217675941,0.0785191212367779,0.165787159190853,0.0918400748187981,0.0539490966667532,0.038760132163826,0.1021932048348495,0.0855683412137544,0.0465492649189143
2025-09-12,k_food,13255.0,0.08469721767594107,0.07851912123677796,0.16578715919085307,0.09184007481879819,0.05394909666675329,0.03876013216382601,0.1021932048348495,0.08556834121375445,0.04654926491891431
2025-09-12,media_platform,14040.0,0.0285714285714284,0.0628311884935655,0.1873150105708245,0.0096821199201251,0.0231241723023549,0.0579180256462015,0.01662867753022,0.0954435152544723,0.046996599959358
2025-09-12,semiconductor,42040.0,0.0910978458344147,0.2297791428989322,0.2881875287268269,0.0528751329877195,0.1044426188187646,0.1175013609969375,0.0235221957088243,0.1688049853883593,0.0414491973498711
2025-09-12,shipbuilding,33100.0,0.1025982678214523,0.2259259259259258,0.7467018469656992,0.0069590210424632,-0.12142325140497,0.1456880888194283,0.0523454152891151,-0.1172435963943925,0.2132834008530408
2025-09-12,steel_materials,12050.0,0.0383455407152089,0.1575408261287223,0.0994525547445255,0.0767906496430175,-0.011809823221927,-0.0356962097537094,-0.0189871613663795,-0.0039993199578485,-0.036071311700504
2025-09-19,KOSPI200,47485.0,0.1145405468841684,0.1695812807881773,0.3400592634401016,0.0545542580359053,-0.0024970514923028,-0.0101081066661419,0.0013998357925517,-0.0437391241811586,-0.0797158302333576
2025-09-19,auto,19390.0,-0.0084377397085144,0.0706791827719492,0.0194532071503681,-0.029001334529535,-0.0255847932302324,-0.0843359197030091,-0.0036957607292367,-0.0196790356427409,-0.0807850907064968
2025-09-19,battery,11975.0,-0.0544808527437821,0.1844708209693373,-0.045816733067729,0.0146990928450246,-0.0281874068787639,0.037612275734414,0.0100402135033035,-0.0743456347268651,0.0594966344963319
2025-09-19,bio_health,19355.0,0.0761745899360577,0.1305490654205607,0.0969113063190705,0.0405552385272327,0.0074588376892261,-0.0274754180676539,0.0239605387797152,-0.0088211455717941,-0.1110849120219756
2025-09-19,biosimilar_cdmo,9985.0,0.0527148128624144,0.070203644158628,-0.0244259892525647,0.0287229802947779,0.024322517985531,-0.0324661902575899,0.0123337833074759,0.0031836598536711,-0.0659965873410464
2025-09-19,construction,3935.0,-0.031980319803198,-0.0954022988505747,0.2551834130781498,-0.0307487927096019,0.0104411410612224,-0.0382775119617224,-0.1001191174678577,0.102771067459506,-0.0591552357337659
2025-09-19,consumer,8545.0,0.0288982540638169,0.0601736972704713,0.2640532544378697,-0.0038290186634557,-0.0183073153877564,-0.0123512399441527,-0.0651610783142544,-0.0422889617595456,-0.0223934816625528
2025-09-19,financial,12135.0,0.04702329594478,0.1072080291970802,0.4012702078521939,0.0242384858181978,-0.0093281292552458,-0.0476239941800833,-0.0426328016292829,-0.0731098526001956,-0.1315060896748303
2025-09-19,k_beauty,16255.0,-0.0198974977389206,0.0043249922767996,0.385763000852515,-0.0270270699645872,-0.0478123134226822,0.008484493010209,-0.0946026515799252,-0.0613508516878469,0.0282391439811666
2025-09-19,k_food,12855.0,0.0721434528773978,0.0532568619418272,0.0848101265822784,-0.0125537647985431,-0.0252622592949507,-0.0809770326085745,-0.1043938396173413,-0.079211355961704,-0.1197371647724006
2025-09-19,k_food,12855.0,0.07214345287739787,0.053256861941827216,0.08481012658227849,-0.012553764798543199,-0.02526225929495074,-0.08097703260857458,-0.10439383961734139,-0.07921135596170403,-0.1197371647724006
2025-09-19,media_platform,14210.0,0.0241441441441441,-0.0672792911060059,0.2062818336162988,-0.0044272844272843,-0.1301104795995714,0.0189668230454742,-0.0141094043474094,-0.1532346519019264,-0.0389512026007272
2025-09-19,semiconductor,45150.0,0.2629370629370628,0.2949949806396099,0.3306808134394341,0.1718392171026481,0.0652158377406777,0.0424932847126071,0.1189640841149286,-0.0392267810780868,-0.0750080762843303
2025-09-19,shipbuilding,32280.0,0.0710019907100198,0.2078578110383535,0.5968340341330696,-0.0315962771114324,-0.0180681148875723,-0.1498678128326296,-0.0385552981538956,0.1033551365173977,-0.2955559016520579
2025-09-19,steel_materials,11810.0,0.0511793502447708,0.0839834786599358,0.1078799249530957,0.0128338095295619,-0.0735573474687865,0.0084273702085702,-0.0639568401134555,-0.0617475242468594,0.0441235799622796
2025-09-26,KOSPI200,47045.0,0.0848610630692954,0.128177458033573,0.312090363965974,-0.029679483814873,-0.0414038227546043,-0.0279688994741276,-0.0842337418507783,-0.0389067712623014,-0.0178607928079856
2025-09-26,auto,19000.0,-0.0423387096774193,0.0303687635574836,-0.0485728592889334,-0.0339009699689049,-0.0403104192144656,-0.0680260664393015,-0.0048996354393698,-0.0147256259842332,0.0163098532637075
2025-09-26,battery,11680.0,-0.0469196246430028,0.1145038167938932,-0.0810385523210071,0.0075612281007793,-0.0699670041754441,-0.035221819253278,-0.0071378647442453,-0.0417795972966801,-0.0728340949876921
2025-09-26,bio_health,18875.0,0.0252580119500271,0.1054172767203514,0.1248510131108462,-0.0509165779860305,-0.0251317887002093,0.0279397067917757,-0.0914718165132633,-0.0325906263894355,0.0554151248594296
2025-09-26,biosimilar_cdmo,9650.0,-0.0087313816127375,0.0309829059829058,-0.033066132264529,-0.0614461944751519,-0.0392207381757221,-0.0086401430119642,-0.0901691747699299,-0.0635432561612532,0.0238260472456256
2025-09-26,construction,3800.0,-0.0674846625766871,-0.1324200913242009,0.2179487179487178,-0.0355043427734891,-0.0370177924736262,-0.037234695129432,-0.0047555500638871,-0.0474589335348486,0.0010428168322904
2025-09-26,consumer,8315.0,-0.0130563798219585,0.0165036674816625,0.2300295857988166,-0.0419546338857754,-0.0436700297888088,-0.0340236686390531,-0.0381256152223197,-0.0253627144010524,-0.0216724286949003
2025-09-26,financial,11770.0,0.0190476190476189,0.0379188712522045,0.355210132412205,-0.027975676897161,-0.0692891579448757,-0.0460600754399889,-0.0522141627153589,-0.0599610286896299,0.0015639187400944
2025-09-26,k_beauty,15900.0,-0.0413023816701838,-0.0363636363636363,0.354344122657581,-0.0214048839312631,-0.0406886286404359,-0.031418878194934,0.005622186033324,0.0071236847822462,-0.039903371205143
2025-09-26,k_food,12290.0,-0.0218861918026262,-0.0096696212731668,0.0522260273972603,-0.0940296446800241,-0.062926483214994,-0.0325840991850181,-0.0814758798814809,-0.0376642239200433,0.0483929334235564
2025-09-26,k_food,12290.0,-0.021886191802626298,-0.00966962127316684,0.052226027397260344,-0.09402964468002417,-0.06292648321499406,-0.032584099185018145,-0.08147587988148097,-0.037664223920043316,0.04839293342355644
2025-09-26,media_platform,13645.0,-0.0040145985401459,-0.0618769336541766,0.1682363013698631,-0.02815874268429,0.0054023574518292,-0.0380455322464357,-0.0237314582570057,0.1355128370514007,-0.0570123552919099
2025-09-26,semiconductor,45090.0,0.2040053404539386,0.2119338798548582,0.3250073464590068,-0.0589317224831242,-0.0830611007847517,-0.0056734669804272,-0.2307709395857724,-0.1482769385254294,-0.0481667516930344
2025-09-26,shipbuilding,31390.0,-0.0239427860696517,0.1955817939440107,0.6921832884097034,-0.0949447767796716,-0.0122760170943427,0.0953492542766338,-0.0633484996682391,0.0057920977932295,0.2452170671092635
2025-09-26,steel_materials,11310.0,0.0198376916140667,0.0305239179954441,0.0848920863309352,-0.031341658630704,-0.0534595606644916,-0.0229878386221604,-0.0441754681602659,0.0200977868042948,-0.0314152088307306
2025-10-02,KOSPI200,49570.0,0.1490496059341677,0.1947457218606894,0.4430858806404658,0.0641885428648723,0.0665682638271163,0.1309955166744918,0.0938680266797453,0.1079720865817206,0.1589644161486194
2025-10-02,auto,19400.0,-0.0388902650483031,0.0133194045442674,0.0469508904479223,0.0034484446291161,-0.0170493590132161,0.0955237497368557,0.0373494145980211,0.0232610602012495,0.1635498161761572
2025-10-02,battery,11825.0,0.0158934707903779,0.0332022717343818,0.0450729120636324,0.0628130954333807,-0.0813015450595113,0.1261114643846395,0.0552518673326014,-0.0113345408840672,0.1613332836379175
2025-10-02,bio_health,19185.0,0.0259358288770052,0.091296928327645,0.1655528554070473,0.0006778169269781,-0.0141203483927063,0.0407018422962011,0.0515943949130086,0.011011440307503,0.0127621355044253
2025-10-02,biosimilar_cdmo,9810.0,0.0035805626598466,0.013953488372093,0.0192207792207792,0.0123119442725841,-0.0170294176108127,0.0522869114853082,0.0737581387477361,0.0221913205649093,0.0609270544972725
2025-10-02,construction,3840.0,-0.04,-0.0835322195704056,0.2287999999999999,0.0274846625766871,0.0488878717537952,0.010851282051282,0.0629890053501762,0.0859056642274215,0.048085977180714
2025-10-02,consumer,8430.0,0.0144404332129963,0.0433168316831682,0.2563338301043218,0.0274968130349548,0.0268131642015057,0.0263042443055052,0.0694514469207303,0.0704831939903145,0.0603279129445584
2025-10-02,financial,12005.0,0.0498469610843901,0.0457317073170731,0.4008168028004668,0.0307993420367711,0.0078128360648686,0.0456066703882618,0.0587750189339322,0.0771019940097443,0.0916667458282507
2025-10-02,k_beauty,16225.0,0.0233364869126457,0.0467741935483871,0.368620835090679,0.0646388685828296,0.0831378299120235,0.014276712433098,0.0860437525140928,0.1238264585524595,0.045695590628032
2025-10-02,k_food,12410.0,-0.00441235459286,-0.0119426751592356,0.0749242096145517,0.0174738372097662,-0.0022730538860687,0.0226981822172913,0.1115034818897904,0.0606534293289252,0.0552822814023095
2025-10-02,k_food,12410.0,-0.004412354592860046,-0.011942675159235638,0.0749242096145517,0.017473837209766252,-0.0022730538860687988,0.022698182217291363,0.11150348188979042,0.06065342932892526,0.05528228140230951
2025-10-02,media_platform,13585.0,0.0214285714285713,-0.0275590551181101,0.1885389326334208,0.0254431699687173,0.0343178785360664,0.0203026312635576,0.0536019126530074,0.0289155210842372,0.0583481635099933
2025-10-02,semiconductor,49395.0,0.3395254237288136,0.3492215241737231,0.5631329113924051,0.135520083274875,0.1372876443188648,0.2381255649333982,0.1944518057579993,0.2203487451036165,0.2437990319138254
2025-10-02,shipbuilding,33185.0,0.0054537191334647,0.4260850880962612,0.7831810854379366,0.0293965052031164,0.2305032941522504,0.0909977970282331,0.124341281982788,0.2427793112465932,-0.0043514572484006
2025-10-02,steel_materials,11380.0,0.0233812949640288,-0.0294243070362473,0.1897543125980136,0.003543603349962,-0.0599482250316915,0.1048622262670784,0.0348852619806661,-0.0064886643671998,0.1278500648892389
2025-10-10,KOSPI200,50830.0,0.1739030023094687,0.223198171098544,0.4871269748390872,0.024853396375301,0.0284524492378546,0.0440410941986213,-0.0393351464895712,-0.0381158145892617,-0.0869544224758704
2025-10-10,auto,19110.0,-0.0516129032258064,0.0031496062992126,0.0340909090909091,-0.0127226381775032,-0.0101697982450548,-0.0128599813570131,-0.0161710828066194,0.0068795607681613,-0.1083837310938689
2025-10-10,battery,11650.0,-0.0114552397114976,0.0378619153674832,0.0678276810265812,-0.0273487105018755,0.0046596436331014,0.0227547689629488,-0.0901618059352563,0.0859611886926128,-0.1033566954216906
2025-10-10,bio_health,19095.0,0.0165025286132551,0.0727528089887641,0.176524953789279,-0.0094333002637501,-0.0185441193388808,0.0109720983822316,-0.0101111171907282,-0.0044237709461745,-0.0297297439139694
2025-10-10,biosimilar_cdmo,9835.0,0.0010178117048345,0.0107913669064747,0.0435013262599468,-0.0025627509550121,-0.0031621214656183,0.0242805470391676,-0.0148746952275963,0.0138672961451944,-0.0280063644461406
2025-10-10,construction,3895.0,-0.0298879202988792,-0.0692951015531661,0.258481421647819,0.0101120797011208,0.0142371180172395,0.0296814216478191,-0.0173725828755663,-0.0346507537365556,0.0188301395965371
2025-10-10,consumer,8360.0,0.0017974835230676,-0.0017910447761193,0.2477611940298507,-0.0126429496899287,-0.0451078764592876,-0.0085726360744711,-0.0401397627248836,-0.0719210406607933,-0.0348768803799763
2025-10-10,financial,11730.0,0.0380530973451327,0.0060034305317324,0.3751465416178194,-0.0117938637392573,-0.0397282767853406,-0.0256702611826473,-0.0425932057760285,-0.0475411128502092,-0.0712769315709092
2025-10-10,k_beauty,15990.0,-0.0049782202862476,-0.0046685340802987,0.3448275862068966,-0.0283147071988933,-0.0514427276286859,-0.0237932488837824,-0.092953575781723,-0.1345805575407095,-0.0380699613168804
2025-10-10,k_food,12280.0,-0.0179928028788484,-0.0476929042264443,0.0636639237765266,-0.0135804482859883,-0.0357502290672087,-0.011260285838025,-0.0310542854957546,-0.0334771751811399,-0.0339584680553164
2025-10-10,k_food,12280.0,-0.017992802878848413,-0.047692904226444344,0.06366392377652663,-0.013580448285988367,-0.035750229067208705,-0.011260285838025075,-0.03105428549575462,-0.03347717518113991,-0.03395846805531644
2025-10-10,media_platform,13825.0,0.0301788375558866,-0.0260655160267699,0.2191358024691359,0.0087502661273153,0.0014935390913402,0.030596869835715,-0.0166929038414019,-0.0328243394447262,0.0102942385721573
2025-10-10,semiconductor,51995.0,0.3960263122566787,0.4278456679939586,0.6527336300063573,0.056500888527865,0.0786241438202355,0.0896007186139522,-0.07901919474701,-0.0586635004986293,-0.1485248463194459
2025-10-10,shipbuilding,32985.0,-0.0090130689499774,0.3961904761904762,0.7634322373696873,-0.0144667880834421,-0.029894611905785,-0.0197488480682492,-0.0438632932865585,-0.2603979060580355,-0.1107466450964824
2025-10-10,steel_materials,11165.0,-0.0008948545861297,-0.0660811375993308,0.1909333333333334,-0.0242761495501585,-0.0366568305630835,0.0011790207353197,-0.0278197529001206,0.0232913944686079,-0.1036832055317587
2025-10-17,KOSPI200,52735.0,0.1599032222588805,0.2143926309729418,0.7005804579168011,-0.0139997800505882,-0.0088055401256021,0.2134534830777139,-0.0388531764258892,-0.0372579893634568,0.1694123888790926
2025-10-17,auto,20670.0,0.0281024620741108,0.0281024620741108,0.2392086330935252,0.0797153652999173,0.0249528557748981,0.205117724002616,0.0924380034774206,0.0351226540199529,0.2179777053596292
2025-10-17,battery,14455.0,0.2281223449447749,0.2515151515151514,0.4171568627450981,0.2395775846562725,0.2136532361476681,0.3493291817185169,0.2669262951581481,0.2089935925145667,0.3265744127555681
2025-10-17,bio_health,18735.0,-0.0221816283924843,0.0237704918032786,0.2273173927284637,-0.0386841570057395,-0.0489823171854855,0.0507924389391847,-0.0292508567419894,-0.0304381978466046,0.039820340556953
2025-10-17,biosimilar_cdmo,9790.0,-0.0170682730923694,-0.02002002002002,0.1150341685649203,-0.0180860847972039,-0.0308113869264947,0.0715328423049734,-0.0155233338421918,-0.0276492654608764,0.0472522952658058
2025-10-17,construction,3910.0,-0.0440097799511002,-0.0832356389214536,0.3413379073756433,-0.014121859652221,-0.0139405373682875,0.0828564857278242,-0.0242339393533418,-0.0281776553855271,0.053175064080005
2025-10-17,consumer,8165.0,-0.0382803297997644,-0.0758347481607244,0.2767787333854574,-0.0400778133228321,-0.074043703384605,0.0290175393556066,-0.0274348636329033,-0.0289358269253174,0.0375901754300778
2025-10-17,financial,11805.0,-0.0079831932773108,-0.080607476635514,0.5391134289439374,-0.0460362906224436,-0.0866109071672465,0.1639668873261179,-0.0342424268831862,-0.0468826303819058,0.1896371485087653
2025-10-17,k_beauty,15385.0,-0.0598838985640085,-0.103176916350918,0.4069501600365797,-0.0549056782777609,-0.0985083822706193,0.0621225738296831,-0.0265909710788675,-0.0470656546419333,0.0859158227134655
2025-10-17,k_food,11760.0,-0.0950365525202,-0.1033168128097598,0.0863741339491916,-0.0770437496413516,-0.0556239085833154,0.022710210172665,-0.0634633013553632,-0.0198736795161067,0.0339704960106901
2025-10-17,k_food,11760.0,-0.09503655252020005,-0.1033168128097598,0.08637413394919169,-0.07704374964135163,-0.05562390858331545,0.022710210172665057,-0.06346330135536327,-0.019873679516106746,0.03397049601069013
2025-10-17,media_platform,13175.0,-0.0337367070040337,-0.0572450805008944,0.2307333021952358,-0.0639155445599204,-0.0311795644741245,0.0115974997260999,-0.0726658106872357,-0.0326731035654647,-0.0189993701096151
2025-10-17,semiconductor,53890.0,0.3203479113071175,0.4412944637603637,0.971465154563746,-0.0756784009495612,0.0134487957664051,0.3187315245573887,-0.1321792894774263,-0.0651753480538304,0.2291308059434365
2025-10-17,shipbuilding,33005.0,-0.0138930385419778,0.3504500818330605,0.8224737713970183,-0.0048799695920004,-0.0457403943574157,0.0590415340273309,0.0095868184914417,-0.0158457824516307,0.0787903820955802
2025-10-17,steel_materials,12230.0,0.0565874730021598,-0.0036659877800406,0.448194197750148,0.0574823275882895,0.0624151498192901,0.2572608644168146,0.081758477138448,0.0990719803823737,0.2560818436814949
2025-10-24,KOSPI200,55255.0,0.1593579521611414,0.2647058823529411,0.6828079792903914,-0.000545270097739,0.0503132513799993,-0.0177724786264097,0.0134545099528491,0.0591187915056015,-0.2312259617041236
2025-10-24,auto,21210.0,0.0771965464702895,0.0854657113613102,0.2267206477732792,0.0490940843961786,0.0573632492871993,-0.0124879853202459,-0.0306212809037386,0.0324103935123012,-0.217605709322862
2025-10-24,battery,16570.0,0.3615447822514379,0.3671617161716172,0.550046772684752,0.133422437306663,0.1156465646564657,0.1328899099396538,-0.1061551473496095,-0.0980066714912024,-0.216439271778863
2025-10-24,bio_health,19020.0,-0.0039277297721916,-0.0137412496759139,0.1643709825528008,0.0182538986202926,-0.0375117414791925,-0.0629464101756629,0.0569380556260322,0.0114705757062929,-0.1137388491148476
2025-10-24,biosimilar_cdmo,9970.0,0.0060544904137234,-0.0235063663075416,0.0720430107526881,0.0231227635060928,-0.0034863462875216,-0.0429911578122321,0.0412088483032968,0.0273250406389731,-0.1145240001172056
2025-10-24,construction,4185.0,0.0515075376884421,-0.0141342756183745,0.3349282296650717,0.0955173176395424,0.0691013633030791,-0.0064096777105715,0.1096391772917634,0.0830419006713667,-0.0892661634383957
2025-10-24,consumer,8135.0,-0.0518648018648019,-0.04518779342723,0.1772793053545587,-0.0135844720650374,0.0306469547334944,-0.0994994280308987,0.0264933412577946,0.1046906581180995,-0.1285169673865054
2025-10-24,financial,11880.0,-0.0210135970333745,-0.0321792260692463,0.428743235117258,-0.0130304037560636,0.0484282505662676,-0.1103701938266794,0.0330058868663799,0.1350391577335141,-0.2743370811527974
2025-10-24,k_beauty,15520.0,-0.0458038733476791,-0.0709368452559113,0.2805280528052805,0.0140800252163294,0.0322400710950067,-0.1264221072312992,0.0689857034940903,0.130748453365626,-0.1885446810609823
2025-10-24,k_food,11785.0,-0.0955487336914812,-0.080015612802498,0.0055460750853242,-0.0005121811712811,0.0233012000072617,-0.0808280588638674,0.0765315684700704,0.0789251085905772,-0.1035382690365325
2025-10-24,k_food,11785.0,-0.0955487336914812,-0.08001561280249803,0.005546075085324231,-0.0005121811712811564,0.02330120000726177,-0.08082805886386746,0.07653156847007048,0.07892510859057722,-0.10353826903653252
2025-10-24,media_platform,13300.0,-0.0610660077656194,-0.0383224873463484,0.1949685534591194,-0.0273293007615856,0.018922593154546,-0.0357647487361163,0.0365862437983347,0.0501021576286705,-0.0473622484622162
2025-10-24,semiconductor,56360.0,0.253837597330367,0.5168887094603687,0.9617124956491472,-0.0665103139767504,0.0755942457000049,-0.0097526589145988,0.0091680869728107,0.0621454499335998,-0.3284841834719876
2025-10-24,shipbuilding,37195.0,0.1476396174020364,0.3915076692854471,0.7938268627923801,0.1615326559440143,0.0410575874523866,-0.0286469086046381,0.1664126255360147,0.0867979818098023,-0.087688442631969
2025-10-24,steel_materials,12520.0,0.0574324324324324,-0.0283275126115638,0.4059517125210556,0.0008449594302726,-0.0246615248315231,-0.0422424852290923,-0.0566373681580169,-0.0870766746508133,-0.2995033496459069
2025-10-31,KOSPI200,58145.0,0.2063278008298754,0.3355920523716549,0.7141804245283019,0.0469698486687339,0.0708861700187137,0.0313724452379104,0.047515118766473,0.0205729186387144,0.0491449238643202
2025-10-31,auto,22365.0,0.162120031176929,0.1193693693693693,0.2387150373857656,0.0849234847066395,0.0339036580080591,0.0119943896124863,0.0358294003104608,-0.0234595912791402,0.0244823749327323
2025-10-31,battery,16180.0,0.3366377529946303,0.2897568752491033,0.4589720468890892,-0.0249070292568076,-0.0774048409225138,-0.0910747257956627,-0.1583294665634707,-0.1930514055789796,-0.2239646357353166
2025-10-31,bio_health,20290.0,0.0595300261096605,0.0707124010554089,0.1931784769185534,0.0634577558818522,0.0844536507313229,0.0288074943657525,0.0452038572615595,0.1219653922105155,0.0917539045414155
2025-10-31,biosimilar_cdmo,10520.0,0.0718288334182373,0.035942885278188,0.1015706806282723,0.0657743430045139,0.0594492515857296,0.0295276698755841,0.042651579498421,0.0629355978732513,0.0725188276878163
2025-10-31,construction,4080.0,0.055627425614489,-0.0060901339829476,0.2749999999999999,0.0041198879260468,0.0080441416354268,-0.0599282296650718,-0.0913974297134955,-0.0610572216676522,-0.0535185519545002
2025-10-31,consumer,8185.0,-0.0203470975463794,-0.0012202562538132,0.1618168914123492,0.0315177043184224,0.0439675371734167,-0.0154624139422094,0.0451021763834599,0.0133205824399222,0.0840370140886892
2025-10-31,financial,11830.0,-0.0100418410041841,0.0128424657534247,0.3700057903879559,0.0109717560291904,0.0450216918226711,-0.058737444729302,0.0240021597852541,-0.0034065587435965,0.0516327490973773
2025-10-31,k_beauty,15730.0,-0.010691823899371,-0.0199376947040498,0.275750202757502,0.035112049448308,0.0509991505518615,-0.0047778500477784,0.0210320242319785,0.0187590794568548,0.1216442571835207
2025-10-31,k_food,11780.0,-0.0469255663430421,-0.0414971521562246,0.0094258783204799,0.048623167348439,0.0385184606462734,0.0038798032351556,0.0491353485197202,0.0152172606390116,0.0847078620990231
2025-10-31,k_food,11780.0,-0.046925566343042124,-0.041497152156224626,0.009425878320479919,0.04862316734843908,0.0385184606462734,0.0038798032351556877,0.049135348519720234,0.015217260639011632,0.08470786209902315
2025-10-31,media_platform,14120.0,0.0169247389268996,0.0696969696969695,0.2326494980357922,0.077990746692519,0.108019457043318,0.0376809445766728,0.1053200474541047,0.089096863888772,0.0734456933127891
2025-10-31,semiconductor,58740.0,0.2605150214592275,0.5968465407095283,0.916789035731767,0.0066774241288605,0.0799578312491595,-0.0449234599173802,0.0731877381056109,0.0043635855491546,-0.0351708010027813
2025-10-31,shipbuilding,39395.0,0.2209824887649154,0.3851969057665261,0.8582547169811321,0.0733428713628789,-0.006310763518921,0.0644278541887519,-0.0881897845811353,-0.0473683509713076,0.0930747627933901
2025-10-31,steel_materials,11665.0,0.0043047783039174,-0.1006168080185042,0.2658708627238197,-0.053127654128515,-0.0722892954069404,-0.1400808497972359,-0.0539726135587876,-0.0476277705754172,-0.0978383645681435
2025-11-07,KOSPI200,55945.0,0.1286060117006253,0.3124926686217009,0.6485928981877118,-0.0777217891292501,-0.023099383749954,-0.06558752634059,-0.124691637797984,-0.0939855537686678,-0.0969599715785005
2025-11-07,auto,21060.0,0.0855670103092782,0.1008886565603763,0.185143500281373,-0.0765530208676508,-0.0184807128089929,-0.0535715371043925,-0.1614765055742903,-0.0523843708170521,-0.0655659267168788
2025-11-07,battery,15540.0,0.3141649048625792,0.3108393083087304,0.4503033131124592,-0.022472848132051,0.021082433059627,-0.00866873377663,0.0024341811247565,0.0984872739821409,0.0824059920190327
2025-11-07,bio_health,20580.0,0.0727130570758405,0.1169606512890095,0.2338129496402878,0.01318303096618,0.0462482502336005,0.0406344727217344,-0.0502747249156722,-0.0382054004977223,0.0118269783559818
2025-11-07,biosimilar_cdmo,10585.0,0.0790010193679917,0.0806533945890761,0.1296691568836712,0.0071721859497544,0.0447105093108881,0.0280984762553988,-0.0586021570547594,-0.0147387422748415,-0.0014291936201853
2025-11-07,construction,3825.0,-0.00390625,-0.0670731707317072,0.1626139817629179,-0.059533675614489,-0.0609830367487596,-0.1123860182370819,-0.0636535635405359,-0.0690271783841864,-0.0524577885720101
2025-11-07,consumer,8115.0,-0.0373665480427046,-0.0234657039711191,0.1478076379066477,-0.0170194504963252,-0.0222454477173058,-0.0140092535057014,-0.0485371548147477,-0.0662129848907225,0.001453160436508
2025-11-07,financial,12340.0,0.0279050395668472,0.0815074496056091,0.3726362625139043,0.0379468805710313,0.0686649838521844,0.0026304721259484,0.0269751245418409,0.0236432920295133,0.0613679168552505
2025-11-07,k_beauty,14820.0,-0.0865947611710323,-0.0809302325581395,0.1408775981524248,-0.0759029372716613,-0.0609925378540897,-0.1348726046050772,-0.1110149867199693,-0.1119916884059513,-0.1300947545572988
2025-11-07,k_food,11710.0,-0.056406124093473,-0.0616987179487179,0.0012825994014535,-0.0094805577504308,-0.0202015657924933,-0.0081432789190263,-0.0581037250988699,-0.0587200264387667,-0.012023082154182
2025-11-07,k_food,11710.0,-0.05640612409347301,-0.06169871794871795,0.001282599401453588,-0.009480557750430885,-0.020201565792493326,-0.008143278919026331,-0.05810372509886996,-0.058720026438766726,-0.012023082154182019
2025-11-07,media_platform,13410.0,-0.0128818549871181,0.0217142857142857,0.1481164383561644,-0.0298065939140177,-0.0479826839826837,-0.0845330596796278,-0.1077973406065367,-0.1560021410260018,-0.1222140042563006
2025-11-07,semiconductor,57350.0,0.1610486891385767,0.5948275862068966,0.959678797198018,-0.0994663323206508,-0.0020189545026316,0.0428897614662511,-0.1061437564495113,-0.0819767857517912,0.0878132213836313
2025-11-07,shipbuilding,35010.0,0.0549947265330721,0.1894003737047731,0.5439911797133408,-0.1659877622318433,-0.1957965320617529,-0.3142635372677913,-0.2393306335947223,-0.1894857685428319,-0.3786913914565433
2025-11-07,steel_materials,11130.0,-0.0219683655536028,-0.033434650455927,0.2244224422442244,-0.0262731438575202,0.0671821575625771,-0.0414484204795952,0.0268545102709948,0.1394714529695175,0.0986324293176406
2025-11-14,KOSPI200,56510.0,0.0746410573357421,0.3004257277643538,0.6261870503597122,-0.0539649543648832,-0.012066940857347,-0.0224058478279995,0.0237568347643668,0.0110324428926069,0.0431816785125904
2025-11-14,auto,22305.0,0.089111328125,0.1509287925696594,0.2552054023635339,0.0035443178157217,0.050040136009283,0.0700619020821609,0.0800973386833725,0.068520848818276,0.1236334391865534
2025-11-14,battery,16055.0,0.1813833701250919,0.2503894080996884,0.5189214758751182,-0.1327815347374872,-0.0604499002090419,0.0686181627626589,-0.1103086866054361,-0.081532333268669,0.077286896539289
2025-11-14,bio_health,22220.0,0.1812865497076023,0.2079369393857026,0.3909233176838811,0.1085734926317618,0.0909762880966931,0.1571103680435932,0.0953904616655818,0.0447280378630925,0.1164758953218587
2025-11-14,biosimilar_cdmo,11670.0,0.1793835270338555,0.1981519507186857,0.2671009771986969,0.1003825076658637,0.1174985561296095,0.1374318203150257,0.0932103217161093,0.0727880468187214,0.1093333440596269
2025-11-14,construction,3870.0,-0.0373134328358208,-0.0774731823599523,0.1432791728212703,-0.0334071828358208,-0.0104000116282451,-0.0193348089416476,0.0261264927786681,0.0505830251205144,0.0930512092954343
2025-11-14,consumer,8170.0,-0.0072904009720534,-0.0522041763341066,0.1331484049930651,0.0300761470706512,-0.0287384723629875,-0.0146592329135826,0.0470955975669764,-0.0064930246456816,-0.0006499794078811
2025-11-14,financial,12815.0,0.0850973751058425,0.0855569673867004,0.3936922240348015,0.0571923355389953,0.0040495177810913,0.0210559615208971,0.019245454967964,-0.0646154660710931,0.0184254893949487
2025-11-14,k_beauty,14555.0,-0.0648891744298104,-0.1425625920471281,0.073377581120944,0.0217055867412219,-0.0616323594889886,-0.0675000170314807,0.0976085240128832,-0.0006398216348988,0.0673725875735964
2025-11-14,k_food,11820.0,-0.0037926675094817,-0.0692913385826772,0.0072432893054963,0.0526134565839913,-0.0075926206339592,0.0059606899040427,0.0620940143344221,0.012608945158534,0.014103968823069
2025-11-14,k_food,11820.0,-0.0037926675094817064,-0.06929133858267722,0.0072432893054963365,0.0526134565839913,-0.007592620633959268,0.0059606899040427486,0.06209401433442219,0.012608945158534057,0.01410396882306908
2025-11-14,media_platform,13400.0,0.0022438294689604,-0.0359712230215827,0.1581676750216076,0.0151256844560785,-0.0576855087358685,0.0100512366654432,0.0449322783700962,-0.0097028247531847,0.0945842963450711
2025-11-14,semiconductor,56100.0,0.0381199111769059,0.4948041566746604,0.7998075072184794,-0.1229287779616707,-0.1000234295322362,-0.1598712899795387,-0.0234624456410199,-0.0980044750296045,-0.2027610514457898
2025-11-14,shipbuilding,35830.0,0.083950990772954,0.2001339809077207,0.5924444444444446,0.0289562642398819,0.0107336072029475,0.0484532647311037,0.1949440264717252,0.2065301392647005,0.3627168019988951
2025-11-14,steel_materials,11800.0,-0.0533493782591255,0.0185584807941303,0.2688172043010752,-0.0313810127055227,0.0519931312500574,0.0443947620568507,-0.0051078688480025,-0.0151890263125197,0.085843182536446
2025-11-21,KOSPI200,54225.0,0.0069637883008355,0.2682727166413285,0.5595340811044003,-0.0676772690349065,-0.0321530111230252,-0.0666529692553119,-0.0137123146700233,-0.0200860702656782,-0.0442471214273123
2025-11-21,auto,21750.0,0.0273972602739727,0.1220015475883415,0.2561362980075079,-0.0617140678510272,-0.0289272449813178,0.0009308956439739,-0.065258385666749,-0.0789673809906008,-0.0691310064381869
2025-11-21,battery,14700.0,-0.032258064516129,0.1583924349881795,0.4977075904228223,-0.2136414346412209,-0.0919969731115089,-0.0212138854522958,-0.0808598999037337,-0.0315470729024669,-0.0898320482149548
2025-11-21,bio_health,21950.0,0.15041928721174,0.2096996417745935,0.3582920792079207,-0.0308672624958623,0.0017627023888908,-0.0326312384759603,-0.1394407551276242,-0.0892135857078022,-0.1897416065195536
2025-11-21,biosimilar_cdmo,11500.0,0.1494252873563217,0.1831275720164609,0.271420674405749,-0.0299582396775337,-0.0150243787022248,0.004319697207052,-0.1303407473433975,-0.1325229348318344,-0.1331121231079737
2025-11-21,construction,3750.0,-0.077490774907749,-0.0683229813664596,0.1111111111111111,-0.0401773420719281,0.0091502009934927,-0.0321680617101591,-0.0067701592361072,0.0195502126217378,-0.0128332527685115
2025-11-21,consumer,8405.0,0.0249999999999999,0.0306560392397301,0.1419836956521738,0.0322904009720533,0.0828602155738368,0.0088352906591087,0.0022142539014021,0.1115986879368243,0.0234945235726913
2025-11-21,financial,12250.0,0.0272536687631026,0.0615251299826689,0.3164965072541643,-0.0578437063427399,-0.0240318374040315,-0.0771957167806371,-0.1150360418817353,-0.0280813551851228,-0.0982516783015343
2025-11-21,k_beauty,15070.0,-0.0428707526198793,-0.076026977314531,0.1004016064257027,0.022018421809931,0.0665356147325971,0.0270240253047586,0.0003128350687091,0.1281679742215857,0.0945240423362394
2025-11-21,k_food,12085.0,0.0224196277495769,0.0146935348446683,0.0070833333333333,0.0262122952590586,0.0839848734273456,-0.000159955972163,-0.0264011613249326,0.0915774940613048,-0.0061206458762057
2025-11-21,k_food,12085.0,0.022419627749576954,0.014693534844668399,0.00708333333333333,0.02621229525905866,0.08398487342734562,-0.00015995597216300617,-0.026401161324932643,0.09157749406130489,-0.006120645876205755
2025-11-21,media_platform,12945.0,-0.0233874009807619,-0.071377331420373,0.1330415754923413,-0.0256312304497223,-0.0354061083987903,-0.0251260995292663,-0.0407569149058009,0.0222794003370782,-0.0351773361947096
2025-11-21,semiconductor,52355.0,-0.0426076620645515,0.4194116849667886,0.6924195894617746,-0.0807275732414575,-0.0753924717078717,-0.1073879177567047,0.0422012047202132,0.0246309578243644,0.0524833722228339
2025-11-21,shipbuilding,34050.0,-0.0720806649407276,0.1619177614741511,0.4657770124838571,-0.1560316557136817,-0.0382162194335695,-0.1266674319605873,-0.1849879199535636,-0.0489498266365171,-0.1751206966916911
2025-11-21,steel_materials,11435.0,-0.0695687550854353,0.0200713648528099,0.300910125142207,-0.0162193768263098,0.0015128840586795,0.0320929208411318,0.0151616358792129,-0.0504802471913778,-0.0123018412157189
2025-11-28,KOSPI200,55650.0,-0.0312472800069631,0.2919326755658735,0.5814151747655585,-0.0382110683077987,0.0236599589245449,0.0218810936611582,0.0294662007271078,0.0558129700475702,0.0885340629164701
2025-11-28,auto,22820.0,0.0559925960203608,0.1693569049449141,0.3676955349115973,0.0285953357463881,0.0473553573565725,0.1115592369040894,0.0903094035974154,0.0762826023378904,0.1106283412601154
2025-11-28,battery,15135.0,-0.0827272727272727,0.1879905808477238,0.6362162162162162,-0.0504692082111437,0.0295981458595442,0.1385086257933938,0.1631722264300772,0.1215951189710531,0.1597225112456897
2025-11-28,bio_health,22200.0,0.1195158850226929,0.1993517017828201,0.3389626055488539,-0.030903402189047,-0.0103479399917734,-0.0193294736590667,-3.613969318472243e-05,-0.0121106423806642,0.0133017648168936
2025-11-28,biosimilar_cdmo,11860.0,0.1425818882466281,0.2341311134235171,0.3083287369001655,-0.0068433991096936,0.0510035414070562,0.0369080624944164,0.02311484056784,0.066027920109281,0.0325883652873644
2025-11-28,construction,3900.0,-0.0510948905109489,-0.0394088669950738,0.0497981157469717,0.0263958843968,0.0289141143713858,-0.0613129953641393,0.0665732264687282,0.019763913377893,-0.0291449336539801
2025-11-28,consumer,8390.0,0.0250458155161881,0.0017910447761193,0.1171770972037282,4.581551618820789e-05,-0.0288649944636107,-0.0248065984484455,-0.0322445854558651,-0.1117252100374476,-0.0336418891075542
2025-11-28,financial,12520.0,0.0614667231877914,0.0929725010912265,0.2874035989717223,0.0342130544246888,0.0314473711085576,-0.029092908282442,0.0920567607674287,0.0554792085125892,0.0481028084981951
2025-11-28,k_beauty,15075.0,-0.0446768060836502,-0.100268576544315,0.046875,-0.0018060534637708,-0.024241599229784,-0.0535266064257027,-0.0238244752737019,-0.0907772139623812,-0.0805506317304614
2025-11-28,k_food,12035.0,0.0229494262643434,-0.0175510204081632,0.0317188169738533,0.0005297985147665,-0.0322445552528316,0.02463548364052,-0.0256824967442921,-0.1162294286801772,0.024795439612683
2025-11-28,k_food,12035.0,0.022949426264343487,-0.017551020408163254,0.03171881697385337,0.000529798514766533,-0.03224455525283165,0.02463548364052004,-0.025682496744292127,-0.11622942868017727,0.024795439612683046
2025-11-28,media_platform,12955.0,-0.0612318840579709,-0.0719914040114613,0.0950972104818259,-0.037844483077209,-0.0006140725910882,-0.0379443650105153,-0.0122132526274866,0.034792035807702,-0.0128182654812489
2025-11-28,semiconductor,55660.0,-0.0482216142270861,0.4994612068965518,0.8130293159609121,-0.0056139521625345,0.0800495219297632,0.1206097264991374,0.0751136210789229,0.155441993637635,0.2279976442558422
2025-11-28,shipbuilding,32490.0,-0.1757990867579908,0.0774332614823412,0.3648393194706993,-0.1037184218172632,-0.0844844999918099,-0.1009376930131578,0.0523132338964185,-0.0462682805582403,0.0257297389474295
2025-11-28,steel_materials,12145.0,0.0074657818332641,0.0781180648024855,0.3623107122826696,0.0770345369186995,0.0580466999496755,0.0614005871404625,0.0932539137450093,0.056533815890996,0.0293076662993307
2025-12-05,KOSPI200,58240.0,0.0222027204914436,0.3567850902737333,0.6121799307958478,0.0534500004984068,0.0648524147078597,0.0307647560302892,0.0916610688062056,0.0411924557833147,0.008883662369131
2025-12-05,auto,25495.0,0.1986365773389751,0.268407960199005,0.5032429245283019,0.1426439813186142,0.0990510552540908,0.1355473896167045,0.114048645572226,0.0516956978975182,0.0239881527126151
2025-12-05,battery,15520.0,-0.0348258706467661,0.3264957264957264,0.5926115956900975,0.0479014020805066,0.1385051456480026,-0.0436046205261186,0.0983706102916504,0.1089069997884584,-0.1821132463195125
2025-12-05,bio_health,21715.0,0.0437394857005528,0.170935562146131,0.2747285001467567,-0.07577639932214,-0.028416139636689,-0.0642341054020971,-0.044872997133093,-0.0180681996449156,-0.0449046317430303
2025-12-05,biosimilar_cdmo,11865.0,0.1068097014925373,0.2575516693163753,0.2555555555555555,-0.0357721867540907,0.0234205558928581,-0.0527731813446099,-0.0289287876443971,-0.027582985514198,-0.0896812438390264
2025-12-05,construction,4140.0,0.0601792573623558,0.0311332503113324,0.0629011553273426,0.1112741478733048,0.0705421173064062,0.0131030395803708,0.0848782634765047,0.0416280029350204,0.0744160349445102
2025-12-05,consumer,8310.0,0.0190067443286328,0.0006020469596628,0.0992063492063493,-0.0060390711875553,-0.0011889978164565,-0.0179707479973789,-0.0060848867037435,0.0276759966471542,0.0068358504510666
2025-12-05,financial,13020.0,0.0424339471577261,0.1446153846153846,0.3292496171516079,-0.0190327760300652,0.051642883524158,0.0418460181798856,-0.053245830454754,0.0201955124156003,0.0709389264623276
2025-12-05,k_beauty,14530.0,-0.0145812139708375,-0.0975155279503106,-0.0293921175684702,0.0300955921128126,0.0027530485940044,-0.0762671175684702,0.0319016455765834,0.0269946478237885,-0.0227405111427675
2025-12-05,k_food,11820.0,-0.005050505050505,-0.0559105431309904,0.0089628681177977,-0.0279999313148485,-0.0383595227228271,-0.0227559488560555,-0.0285297298296151,-0.0061149674699955,-0.0473914324965756
2025-12-05,k_food,11820.0,-0.005050505050505083,-0.05591054313099042,0.008962868117797784,-0.02799993131484857,-0.038359522722827166,-0.022755948856055586,-0.028529729829615103,-0.006114967469995514,-0.047391432496575625
2025-12-05,media_platform,13035.0,-0.0390711389605602,-0.0294117647058823,0.0799502899751449,0.0221607450974107,0.0425796393055789,-0.0151469205066809,0.0600052281746197,0.0431937118966672,0.0227974445038343
2025-12-05,semiconductor,57295.0,-0.027414700390426,0.5673642456572288,0.8352017937219731,0.0208069138366601,0.0679030387606769,0.022172477761061,0.0264208659991946,-0.0121464831690862,-0.0984372487380764
2025-12-05,shipbuilding,33105.0,-0.0536020583190394,-0.0109052883178966,0.3386575010109178,0.1221970284389514,-0.0883385498002378,-0.0261818184597815,0.2259154502562146,-0.0038540498084278,0.0747558745533762
2025-12-05,steel_materials,12420.0,0.103019538188277,0.1431201104463875,0.3529411764705883,0.0955537563550128,0.065002045643902,-0.0093695358120813,0.0185192194363132,0.0069553456942264,-0.0707701229525439
2025-12-12,KOSPI200,58995.0,-0.0012696800406297,0.3335216998191681,0.5078594249201278,-0.0234724005320734,-0.0232633904545651,-0.1043205058757199,-0.0769224010304803,-0.0881158051624249,-0.1350852619060092
2025-12-12,auto,25265.0,0.1105494505494506,0.273116654069035,0.3656756756756756,-0.0880871267895244,0.00470869387003,-0.1375672488526262,-0.2307311081081386,-0.0943423613840608,-0.2731146384693308
2025-12-12,battery,16085.0,-0.0405606919176856,0.3573839662447258,0.5738747553816046,-0.0057348212709195,0.0308882397489993,-0.0187368403084928,-0.0536362233514261,-0.1076169058990033,0.0248677802176258
2025-12-12,bio_health,21650.0,-0.0234551195308976,0.1329147043432756,0.2176602924634421,-0.0671946052314504,-0.0380208578028553,-0.0570682076833146,0.0085817940906895,-0.0096047181661662,0.0071658977187825
2025-12-12,biosimilar_cdmo,12120.0,0.0943566591422122,0.2119999999999999,0.2411674347158219,-0.012453042350325,-0.0455516693163753,-0.0143881208397336,0.0233191444037657,-0.0689722252092335,0.0383850605048763
2025-12-12,construction,4275.0,0.0795454545454545,0.0555555555555555,0.0,0.0193661971830987,0.0244223052442231,-0.0629011553273426,-0.091907950690206,-0.046119812062183,-0.0760041949077134
2025-12-12,consumer,8220.0,0.0,-0.0137972405518895,0.0385344283006949,-0.0190067443286328,-0.0143992875115523,-0.0606719209056543,-0.0129676731410774,-0.0132102896950958,-0.0427011729082753
2025-12-12,financial,12665.0,-0.0332061068702289,0.1090192644483363,0.1892018779342723,-0.0756400540279551,-0.0355961201670482,-0.1400477392173356,-0.0566072779978898,-0.0872390036912063,-0.1818937573972212
2025-12-12,k_beauty,14350.0,-0.0100034494653328,-0.131881427707199,-0.1070317361543248,0.0045777645055047,-0.0343658997568884,-0.0776396185858545,-0.0255178276073079,-0.0371189483508929,-0.0013725010173842
2025-12-12,k_food,11850.0,-0.016597510373444,-0.0462776659959758,-0.0358014646053702,-0.0115470053229389,0.0096328771350145,-0.044764332723168,0.0164529259919096,0.0479923998578417,-0.0220083838671124
2025-12-12,k_food,11850.0,-0.016597510373444035,-0.046277665995975825,-0.03580146460537026,-0.011547005322938952,0.009632877135014595,-0.04476433272316804,0.016452925991909617,0.04799239985784176,-0.022008383867112458
2025-12-12,media_platform,12835.0,-0.0716094032549728,-0.0534660766961652,-0.0209763539282989,-0.0325382642944126,-0.0240543119902828,-0.1009266439034439,-0.0546990093918233,-0.0666339512958618,-0.0857797233967629
2025-12-12,semiconductor,57375.0,-0.0368474064126238,0.460295240519216,0.662802492392407,-0.0094327060221978,-0.1070690051380127,-0.1723993013295661,-0.0302396198588579,-0.1749720438986897,-0.1945717790906271
2025-12-12,shipbuilding,34745.0,-0.0387328814497164,0.0692414217571935,0.3662996460872985,0.0148691768693229,0.0801467100750901,0.0276421450763806,-0.1073278515696284,0.1684852598753279,0.0538239635361621
2025-12-12,steel_materials,13110.0,0.0816831683168317,0.1439790575916231,0.2852941176470589,-0.0213363698714452,0.0008589471452356,-0.0676470588235294,-0.1168901262264581,-0.0641430984986664,-0.058277523011448
2025-12-19,KOSPI200,57120.0,0.0091872791519433,0.204555040067482,0.4274647007372236,0.0104569591925731,-0.128966659751686,-0.0803947241829041,0.0339293597246466,-0.1057032692971209,0.0239257816928157
2025-12-19,auto,24795.0,0.1384297520661157,0.266990291262136,0.3270002675943271,0.027880301516665,-0.006126362806899,-0.0386754080813485,0.1159674283061895,-0.010835056676929,0.0988918407712777
2025-12-19,battery,14320.0,-0.0707332900713821,0.2003352891869236,0.4334334334334333,-0.0301725981536965,-0.1570486770578021,-0.1404413219481712,-0.024437776882777,-0.1879369168068014,-0.1217044816396784
2025-12-19,bio_health,21680.0,-0.025836890586385,0.1178138695540087,0.2586357039187228,-0.0023817710554874,-0.0151008347892669,0.0409754114552807,0.064812834175963,0.0229200230135884,0.0980436191385953
2025-12-19,biosimilar_cdmo,12100.0,0.0346301838392475,0.1921182266009853,0.2623891497130934,-0.0597264753029647,-0.0198817733990146,0.0212217149972715,-0.0472734329526396,0.0256698959173606,0.0356098358370051
2025-12-19,construction,4045.0,0.0547588005215124,-0.007361963190184,-0.0879368658399097,-0.024786654023942,-0.0629175187457395,-0.0879368658399097,-0.0441528512070408,-0.0873398239899627,-0.0250357105125671
2025-12-19,consumer,8235.0,-0.0173031026252983,-0.0254437869822484,0.0365009439899308,-0.0173031026252983,-0.0116465464303588,-0.0020334843107641,0.0017036417033344,0.0027527410811934,0.0586384365948902
2025-12-19,financial,12630.0,0.0197819943480015,0.027246848312322,0.1759776536312849,0.0529881012182305,-0.0817724161360142,-0.0132242243029874,0.1286281552461856,-0.046176295968966,0.1268235149143481
2025-12-19,k_beauty,14320.0,-0.053536021150033,-0.1072319201995012,-0.08263933376041,-0.0435325716847002,0.0246495075076977,0.0243924023939148,-0.0481103361902049,0.0590154072645862,0.1020320209797693
2025-12-19,k_food,11780.0,-0.0387596899224805,-0.0980091883614089,-0.028052805280528,-0.0221621795490365,-0.0517315223654331,0.0077486593248422,-0.0106151742260975,-0.0613643995004477,0.0525129920480103
2025-12-19,k_food,11780.0,-0.03875968992248058,-0.09800918836140893,-0.028052805280528004,-0.022162179549036543,-0.0517315223654331,0.007748659324842255,-0.01061517422609759,-0.0613643995004477,0.0525129920480103
2025-12-19,media_platform,12740.0,-0.0207532667179093,-0.0834532374100719,-0.0919458303635067,0.0508561365370635,-0.0299871607139067,-0.0709694764352077,0.0833944008314762,-0.0059328487236238,0.0299571674682361
2025-12-19,semiconductor,55300.0,-0.0180236171535115,0.2559618441971383,0.585208542353447,0.0188237892591123,-0.2043333963220777,-0.0775939500389599,0.0282564952813101,-0.0972643911840649,0.0948053512906061
2025-12-19,shipbuilding,32880.0,-0.0738028169014084,0.0016755521706017,0.2032936870997255,-0.035069935451692,-0.0675658695865917,-0.1630059589875729,-0.049939112321015,-0.1477125796616818,-0.1906481040639536
2025-12-19,steel_materials,12215.0,0.043125533731853,0.0149563772330703,0.1756496631376323,-0.0385576345849787,-0.1290226803585528,-0.1096444545094266,-0.0172212647135334,-0.1298816275037884,-0.0419973956858972
2025-12-26,KOSPI200,59110.0,0.0540299572039943,0.2327424400417101,0.4093943729136862,0.044842678052051,0.0281873999742281,-0.0180703278235374,0.0343857188594778,0.1571540597259142,0.0623243963593667
2025-12-26,auto,24355.0,0.1015377657168701,0.2476946721311475,0.3171984856679286,-0.0368919863492456,-0.0192956191309885,-0.0098017819263984,-0.0647722878659107,-0.0131692563240894,0.02887362615495
2025-12-26,battery,14355.0,-0.0675544007794738,0.1947565543071161,0.3626008542952064,0.0031788892919083,-0.0055787348798075,-0.0708325791382269,0.0333514874456049,0.1514699421779946,0.0696087428099443
2025-12-26,bio_health,21315.0,-0.0172890733056708,0.0762433728856348,0.2278225806451612,0.0085478172807141,-0.0415704966683738,-0.0308131232735615,0.0109295883362016,-0.0264696618791069,-0.0717885347288422
2025-12-26,biosimilar_cdmo,11820.0,0.0314136125654449,0.1837756634952427,0.2668810289389067,-0.0032165712738025,-0.0083425631057425,0.0044918792258132,0.0565099040291621,0.011539210293272,-0.0167298357714582
2025-12-26,construction,4060.0,0.042362002567394,0.0357142857142858,-0.0866141732283464,-0.0123967979541184,0.0430762489044698,0.0013226926115633,0.0123898560698236,0.1059937676502094,0.0892595584514731
2025-12-26,consumer,8105.0,-0.0264264264264264,-0.0570098894706224,-0.000616522811344,-0.0091233238011281,-0.0315661024883739,-0.0371174668012749,0.0081797788241702,-0.019919556058015,-0.0350839824905108
2025-12-26,financial,12760.0,0.0139054429876837,0.0502057613168724,0.1042838598009519,-0.0058765513603178,0.0229589130045504,-0.071693793830333,-0.0588646525785483,0.1047313291405647,-0.0584695695273456
2025-12-26,k_beauty,13825.0,-0.0588835942818243,-0.1582952815829528,-0.1521005826433609,-0.0053475731317912,-0.0510633613834515,-0.0694612488829509,0.038184998552909,-0.0757128688911493,-0.0938536512768657
2025-12-26,k_food,11765.0,-0.0150690665550439,-0.0794209702660406,-0.0492929292929292,0.0236906233674366,0.0185882180953682,-0.0212401240124012,0.0458528029164732,0.0703197404608013,-0.0289887833372435
2025-12-26,k_food,11765.0,-0.01506906655504392,-0.07942097026604067,-0.04929292929292928,0.02369062336743666,0.01858821809536826,-0.021240124012401274,0.0458528029164732,0.07031974046080136,-0.02898878333724353
2025-12-26,media_platform,12755.0,-0.0318785578747627,-0.0941051136363636,-0.1826337712271707,-0.0111252911568534,-0.0106518762262917,-0.0906879408636639,-0.061981427693917,0.019335284487615,-0.0197184644284561
2025-12-26,semiconductor,59525.0,0.0869168264402446,0.2866097481897762,0.6339555311556409,0.1049404435937562,0.0306479039926379,0.0487469888021938,0.0861166543346438,0.2349813003147156,0.1263409388411538
2025-12-26,shipbuilding,32550.0,-0.0332640332640332,0.0200564086493262,0.1797752808988764,0.0405387836373751,0.0183808564787244,-0.0235184062008491,0.0756087190890671,0.0859467260653161,0.1394875527867238
2025-12-26,steel_materials,12415.0,0.0652080652080651,0.0661227994847573,0.1416091954022988,0.022082531476212,0.0511664222516869,-0.0340404677353334,0.0606401660611908,0.1801891026102398,0.0756039867740931
2026-01-02,KOSPI200,62660.0,0.1274853801169591,0.3,0.5122480994328467,0.0734554229129647,0.0672575599582898,0.1028537265191604,0.0286127448609136,0.0390701599840617,0.1209240543426979
2026-01-02,auto,24950.0,0.1116061483626642,0.2964406339308911,0.3493780421849648,0.0100683826457941,0.0487459617997436,0.0321795565170361,0.0469603689950397,0.0680415809307322,0.0419813384434346
2026-01-02,battery,13495.0,-0.118837740777016,0.1148285832300701,0.3243375858684985,-0.0512833399975422,-0.0799279710770459,-0.0382632684267079,-0.0544622292894505,-0.0743492361972384,0.032569310711519
2026-01-02,bio_health,22155.0,-0.0078369905956112,0.1569190600522192,0.2963721474546519,0.0094520827100595,0.0806756871665843,0.0685495668094906,0.0009042654293454,0.1222461838349582,0.0993626900830522
2026-01-02,biosimilar_cdmo,11970.0,0.0033528918692371,0.1875,0.2781633742658835,-0.0280607206962077,0.0037243365047572,0.0112823453269768,-0.0248441494224052,0.0120668996104997,0.0067904661011635
2026-01-02,construction,4080.0,0.0666666666666666,0.055627425614489,-0.0800450958286358,0.0243046640992725,0.0199131399002032,0.0065690773997105,0.0367014620533909,-0.0231631090042665,0.0052463847881472
2026-01-02,consumer,8125.0,-0.0251949610077983,-0.0275284260921603,0.0149906308557152,0.001231465418628,0.0294814633784621,0.0156071536670593,0.0103547892197561,0.0610475658668361,0.0527246204683342
2026-01-02,financial,12625.0,-0.0070782540306724,0.0564853556485356,0.1217236783651709,-0.0209836970183561,0.0062795943316631,0.017439818564219,-0.0151071456580382,-0.0166793186728873,0.089133612394552
2026-01-02,k_beauty,14605.0,-0.0023907103825137,-0.0814465408805031,-0.0820238843494657,0.0564928838993106,0.0768487407024496,0.0700766982938951,0.0618404570311018,0.1279121020859012,0.1395379471768461
2026-01-02,k_food,11640.0,-0.0152284263959391,-0.0582524271844659,-0.0470732705689725,-0.0001593598408952,0.0211685430815746,0.0022196587239566,-0.0238499832083318,0.0025803249862064,0.0234597827363579
2026-01-02,k_food,11640.0,-0.015228426395939132,-0.058252427184465994,-0.04707327056897259,-0.00015935984089521238,0.021168543081574676,0.0022196587239566856,-0.02384998320833187,0.002580324986206417,0.02345978273635796
2026-01-02,media_platform,13535.0,0.0488182874854707,-0.0252070579762333,-0.0610475199445023,0.0806968453602335,0.0688980556601303,0.1215862512826684,0.091822136517087,0.079549931886422,0.2122741921463323
2026-01-02,semiconductor,65480.0,0.1662659186036157,0.4051502145922747,0.7659115426105718,0.079349092163371,0.1185404664024984,0.1319560114549309,-0.0255913514303851,0.0878925624098605,0.0832090226527371
2026-01-02,shipbuilding,32115.0,0.0156546489563567,-0.0046490004649,0.250827653359299,0.0489186822203899,-0.0247054091142262,0.0710523724604226,0.0083798985830148,-0.0430862655929507,0.0945707786612717
2026-01-02,steel_materials,12430.0,0.0217838060008219,0.0701678863538528,0.1142985208426714,-0.0434242592072431,0.0040450868690955,-0.0273106745596274,-0.0655067906834552,-0.0471213353825914,0.0067297931757059
2026-01-09,KOSPI200,67180.0,0.1382582175533717,0.3552551946741982,0.6191853458664738,0.0107728374364126,0.0552551946741981,0.1069372464336271,-0.062682585476552,-0.0120023652840917,0.0040835199144666
2026-01-09,auto,27065.0,0.0626226933647429,0.3951030927835051,0.4136850352572474,-0.0489834549979213,0.0986624588526139,0.0643069930722826,-0.0590518376437154,0.0499164970528702,0.0321274365552464
2026-01-09,battery,13555.0,-0.1678944137507673,0.1463002114164904,0.1843599825251201,-0.0490566729737512,0.0314716281864202,-0.1399776033433784,0.0022266670237909,0.1113995992634662,-0.1017143349166704
2026-01-09,bio_health,23445.0,0.0945378151260505,0.2220484753713838,0.333617747440273,0.1023748057216618,0.0651294153191646,0.0372455999856211,0.0929227230116022,-0.0155462718474197,-0.0313039668238694
2026-01-09,biosimilar_cdmo,12410.0,0.0503597122302157,0.271516393442623,0.268916155419223,0.0470068203609785,0.084016393442623,-0.0092472188466605,0.0750675410571863,0.0802920569378657,-0.0205295641736373
2026-01-09,construction,4225.0,0.0432098765432098,0.1002604166666667,0.0083532219570405,-0.0234567901234568,0.0446329910521776,0.0883983177856764,-0.0477614542227293,0.0247198511519743,0.0818292403859658
2026-01-09,consumer,7990.0,-0.0390859891761876,-0.0521945432977462,-0.0111386138613861,-0.0138910281683892,-0.0246661172055858,-0.0261292447171014,-0.0151224935870173,-0.054147580584048,-0.0417363983841607
2026-01-09,financial,12535.0,-0.0172481379851038,0.0441482715535193,0.0918989547038326,-0.0101698839544314,-0.0123370840950163,-0.0298247236613382,0.0108138130639247,-0.0186166784266794,-0.0472645422255573
2026-01-09,k_beauty,14640.0,-0.0023850085178875,-0.0976887519260401,-0.0554838709677419,5.701864626117548e-06,-0.0162422110455369,0.0265400133817237,-0.0564871820346845,-0.0930909517479865,-0.0435366849121714
2026-01-09,k_food,11300.0,-0.0399320305862361,-0.0894439967767929,-0.1003184713375796,-0.024703604190297,-0.0311915695923269,-0.053245200768607,-0.0245442443494018,-0.0523601126739016,-0.0554648594925637
2026-01-09,k_food,11300.0,-0.03993203058623618,-0.08944399677679293,-0.10031847133757965,-0.024703604190297046,-0.03119156959232694,-0.05324520076860706,-0.024544244349401834,-0.052360112673901615,-0.055464859492563745
2026-01-09,media_platform,13045.0,0.0057825751734772,-0.0397497239602502,-0.0662133142448103,-0.0430357123119935,-0.0145426659840168,-0.005165794300308,-0.1237325576722271,-0.0834407216441471,-0.1267520455829764
2026-01-09,semiconductor,69305.0,0.1885611387412107,0.4030772345379088,0.8930620049166895,0.0222952201375949,-0.0020729800543659,0.1271504623061177,-0.057053872025776,-0.1206134464568644,-0.0048055491488132
2026-01-09,shipbuilding,37585.0,0.1100118133490843,0.1325900256139822,0.6151697464546626,0.0943571643927276,0.1372390260788822,0.3643420930953636,0.0454384821723377,0.1619444351931085,0.2932897206349409
2026-01-09,steel_materials,12200.0,-0.0351917754052985,0.0720562390158172,0.0405117270788912,-0.0569755814061204,0.0018883526619644,-0.0737867937637801,-0.0135513221988773,-0.0021567342071311,-0.0464761192041527
2026-01-16,KOSPI200,70755.0,0.2272135981267886,0.3455357991822763,0.6445090063916328,0.0889553805734169,-0.0097193954919219,0.0253236605251589,0.0781825431370042,-0.06497459016612,-0.0816135859084681
2026-01-16,auto,29665.0,0.1944835917052547,0.448486328125,0.5146796017360225,0.1318608983405118,0.0533832353414949,0.100994566478775,0.1808443533384331,-0.045279223511119,0.0366875734064924
2026-01-16,battery,14380.0,-0.1034912718204489,0.0581309786607799,0.2407247627264883,0.0644031419303183,-0.0881692327557104,0.0563647802013682,0.1134598149040696,-0.1196408609421306,0.1963423835447466
2026-01-16,bio_health,22820.0,0.040109389243391,0.2131844763423711,0.2439356772962659,-0.0544284258826595,-0.0088639990290126,-0.089682070144007,-0.1568032316043213,-0.0739934143481773,-0.1269276701296282
2026-01-16,biosimilar_cdmo,12155.0,-0.0141930251419302,0.2283981808994442,0.2022749752720078,-0.0645527373721459,-0.0431182125431788,-0.0666411801472151,-0.1115595577331245,-0.1271346059858018,-0.0573939613005545
2026-01-16,construction,4855.0,0.1755447941888619,0.2077114427860695,0.1383352872215708,0.132334917645652,0.1074510261194028,0.1299820652645302,0.1557917077691089,0.0628180350672251,0.0415837474788538
2026-01-16,consumer,8110.0,-0.0187537810042347,-0.0145808019441069,-0.0591647331786543,0.0203322081719529,0.0376137413536392,-0.0480261193172681,0.0342232363403421,0.0622798585592251,-0.0218968746001667
2026-01-16,financial,12770.0,0.0147000397298371,0.0812870448772227,0.0179354324432043,0.0319481777149409,0.0371387733237034,-0.0739635222606283,0.0421180616693723,0.0494758574187197,-0.04413879859929
2026-01-16,k_beauty,14430.0,0.0055749128919859,-0.0729200128493414,-0.1374775851763299,0.0079599214098735,0.0247687390766986,-0.0819937142085879,0.0079542195452474,0.0410109501222355,-0.1085337275903116
2026-01-16,k_food,11530.0,-0.0224671470962272,-0.0282343025705857,-0.1205186880244088,0.0174648834900089,0.0612096942062071,-0.0202002166868291,0.042168487680306,0.092401263798534,0.0330449840817779
2026-01-16,k_food,11530.0,-0.022467147096227214,-0.02823430257058579,-0.1205186880244088,0.017464883490008964,0.061209694206207144,-0.020200216686829142,0.04216848768030601,0.09240126379853408,0.03304498408177792
2026-01-16,media_platform,13030.0,0.0155884645362431,-0.025430067314884,-0.0804516584333098,0.0098058893627659,0.0143196566453661,-0.0142383441884994,0.0528416016747594,0.028862322629383,-0.0090725498881913
2026-01-16,semiconductor,71675.0,0.2777431143595685,0.3263323464100667,0.9141407397516356,0.0891819756183578,-0.076744888127842,0.0210787348349461,0.0668867554807628,-0.0746719080734761,-0.1060717274711715
2026-01-16,shipbuilding,38915.0,0.14287812041116,0.1772802904250492,0.582232161008335,0.0328663070620756,0.0446902648110669,-0.0329375854463276,-0.061490857330652,-0.0925487612678153,-0.3972796785416912
2026-01-16,steel_materials,14010.0,0.049438202247191,0.1239470517448857,0.1394875965839772,0.0846299776524895,0.0518908127290684,0.0989758695050859,0.14160555905861,0.050002460067104,0.1727626632688661
2026-01-23,KOSPI200,73025.0,0.2498930252460418,0.3560817084493966,0.6849330872173511,0.0226794271192531,0.0105459092671202,0.0404240808257183,-0.0662759534541637,0.0202653047590422,0.0151004203005593
2026-01-23,auto,32410.0,0.3031765178930439,0.5309400094473311,0.6464312928625857,0.1086929261877891,0.0824536813223311,0.1317516911265632,-0.0231679721527227,0.0290704459808361,0.0307571246477882
2026-01-23,battery,16320.0,0.1208791208791209,0.0743910467412771,0.3936806148590948,0.2243703926995698,0.0162600680804971,0.1529558521326064,0.1599672507692514,0.1044293008362076,0.0965910719312381
2026-01-23,bio_health,22555.0,0.0490697674418605,0.1821278825995806,0.154889912954429,0.0089603781984695,-0.0310565937427904,-0.0890457643418369,0.063388804081129,-0.0221925947137777,0.0006363058021701
2026-01-23,biosimilar_cdmo,12545.0,0.0480367585630743,0.2538730634682657,0.2079922965816081,0.0622297837050045,0.0254748825688215,0.0057173213096002,0.1267825210771505,0.0685930951120004,0.0723585014568153
2026-01-23,construction,5130.0,0.2376357056694813,0.2619926199261992,0.2056404230317274,0.0620909114806194,0.0542811771401297,0.0673051358101566,-0.0702440061650326,-0.0531698489792731,-0.0626769294543736
2026-01-23,consumer,8575.0,0.0337552742616034,0.0457317073170731,-0.0069484655471916,0.0525090552658381,0.06031250926118,0.0522162676314627,0.0321768470938852,0.0226987679075407,0.1002423869487308
2026-01-23,financial,13410.0,0.0452065471551053,0.1245283018867924,0.0991803278688525,0.0305065074252681,0.0432412570095697,0.0812448954256481,-0.0014416702896727,0.0061024836858663,0.1552084176862764
2026-01-23,k_beauty,15835.0,0.096227068189685,0.0057161003493173,-0.05208021550434,0.0906521552976991,0.0786361131986588,0.0853973696719898,0.0826922338878255,0.0538673741219601,0.1673910838805777
2026-01-23,k_food,11885.0,0.0021079258010117,0.0054991539763113,-0.0729329173166927,0.0245750728972389,0.0337334565468971,0.047585770707716,0.0071101894072299,-0.0274762376593099,0.0677859873945452
2026-01-23,k_food,11885.0,0.002107925801011712,0.0054991539763113995,-0.07293291731669271,0.024575072897238925,0.03373345654689719,0.04758577070771608,0.007110189407229961,-0.027476237659309954,0.06778598739454522
2026-01-23,media_platform,13730.0,0.0718188914910227,0.0358355337608449,-0.0032667876588021,0.0562304269547795,0.0612656010757289,0.0771848707745076,0.0464245375920135,0.0469459444303628,0.0914232149630071
2026-01-23,semiconductor,72200.0,0.2450422486635626,0.3202889274938283,0.9513513513513514,-0.0327008656960059,-0.0060434189162383,0.0372106115997157,-0.1218828413143637,0.0707014692116037,0.0161318767647695
2026-01-23,shipbuilding,38715.0,0.188305709023941,0.0550483717127674,0.5037871431345893,0.045427588612781,-0.1222319187122817,-0.0784450178737456,0.0125612815507054,-0.1669221835233487,-0.045507432427418
2026-01-23,steel_materials,14875.0,0.1680408323517863,0.21033360455655,0.1810242159587138,0.1186026301045952,0.0863865528116643,0.0415366193747366,0.0339726524521056,0.0344957400825958,-0.0574392501303493
2026-01-30,KOSPI200,77305.0,0.2694802528943263,0.345721994951693,0.7849226506580467,0.0195872276482844,-0.0103597134977035,0.0999895634406955,-0.0030921994709687,-0.0209056227648238,0.0595654826149771
2026-01-30,auto,31595.0,0.2709171359613838,0.4620546043498381,0.5892857142857142,-0.0322593819316601,-0.0688854050974929,-0.0571455785768715,-0.1409523081194492,-0.151339086419824,-0.1888972697034348
2026-01-30,battery,17370.0,0.2546045503791982,0.0527272727272727,0.3985507246376811,0.1337254295000773,-0.0216637740140044,0.0048701097785863,-0.0906449631994924,-0.0379238420945016,-0.14808574235402
2026-01-30,bio_health,23960.0,0.1051660516605166,0.2082702975289965,0.2437062029587333,0.056096284218656,0.0261424149294158,0.0888162900043043,0.0471359060201865,0.0571990086722062,0.1778620543461413
2026-01-30,biosimilar_cdmo,13610.0,0.1318087318087317,0.3111753371868979,0.2986641221374047,0.0837719732456574,0.0573022737186321,0.0906718255557965,0.0215421895406529,0.0318273911498105,0.0849545042461963
2026-01-30,construction,5200.0,0.2636695018226003,0.2652068126520681,0.2621359223300972,0.0260337961531189,0.0032141927258688,0.0564954992983697,-0.0360571153275004,-0.0510669844142608,-0.0108096365117869
2026-01-30,consumer,8815.0,0.097758405977584,0.0769700671960904,0.0594951923076922,0.0640031317159806,0.0312383598790173,0.0664436578548839,0.0114940764501424,-0.0290741493821626,0.0142273902234212
2026-01-30,financial,13485.0,0.0655867246147767,0.1432810512929208,0.0919028340080971,0.0203801774596714,0.0187527494061283,-0.0072774938607553,-0.0101263299655967,-0.0244885076034413,-0.0885223892864035
2026-01-30,k_beauty,16240.0,0.1608291636883487,0.0291508238276299,-0.0103595368677635,0.0646020954986636,0.0234347234783125,0.0417206786365764,-0.0260500597990354,-0.0552013897203462,-0.0436766910354133
2026-01-30,k_food,11795.0,0.0098458904109588,0.0025499362515937,-0.0552663195835001,0.0077379646099471,-0.0029492177247176,0.0176665977331925,-0.0168371082872917,-0.0366826742716148,-0.0299191729745235
2026-01-30,k_food,11795.0,0.009845890410958846,0.0025499362515937207,-0.055266319583500145,0.007737964609947134,-0.0029492177247176787,0.01766659773319257,-0.01683710828729179,-0.03668267427161487,-0.02991917297452351
2026-01-30,media_platform,14265.0,0.087685855890202,0.0336956521739131,0.0697412823397074,0.0158669643991793,-0.0021398815869317,0.0730080699985096,-0.0403634625556001,-0.0634054826626607,-0.004176800775998
2026-01-30,semiconductor,88200.0,0.4388254486133769,0.5082079343365253,1.464031289286213,0.1937831999498143,0.187919006842697,0.5126799379348617,0.2264840656458202,0.1939624257589354,0.4754693263351459
2026-01-30,shipbuilding,37260.0,0.1505326540064844,-0.0547945205479452,0.3321415802645691,-0.0377730550174566,-0.1098428922607126,-0.1716455628700202,-0.0832006436302377,0.0123890264515691,-0.0932005449962745
2026-01-30,steel_materials,15680.0,0.2564102564102564,0.3007051016175861,0.1996939556235655,0.08836942405847,0.090371497061036,0.0186697396648516,-0.0302332060461252,0.0039849442493717,-0.0228668797098849
2026-02-06,KOSPI200,75195.0,0.1287151005703992,0.3197893813075911,0.7844091124822021,-0.140765152323927,-0.0259326136441018,-0.0005135381758445,-0.1603523799722115,-0.0155729001463982,-0.10050310161654
2026-02-06,auto,30575.0,0.1805019305019304,0.4374706158909263,0.6185812599258866,-0.0904152054594533,-0.0245839884589118,0.0292955456401724,-0.0581558235277932,0.0443014166385811,0.0864411242170439
2026-02-06,battery,16560.0,0.2105263157894736,0.0298507462686568,0.4093617021276596,-0.0440782345897245,-0.0228765264586159,0.0108109774899785,-0.1778036640898019,-0.0012127524446114,0.0059408677113921
2026-02-06,bio_health,22580.0,-0.0258843830888697,0.0853160298005286,0.252357182473655,-0.1310504347493863,-0.1229542677284678,0.0086509795149216,-0.1871467189680424,-0.1490966826578836,-0.0801653104893826
2026-02-06,biosimilar_cdmo,12990.0,0.053100932306445,0.2117537313432835,0.2906110283159464,-0.0787077995022866,-0.0994216058436143,-0.0080530938214582,-0.1624797727479441,-0.1567238795622465,-0.0987249193772548
2026-02-06,construction,5490.0,0.3276904474002418,0.4058898847631242,0.3505535055350552,0.0640209455776414,0.1406830721110561,0.088417583204958,0.0379871494245225,0.1374688793851872,0.0319220839065883
2026-02-06,consumer,8855.0,0.120886075949367,0.0858369098712446,0.0825183374083129,0.023127669971783,0.0088668426751541,0.0230231451006206,-0.0408754617441975,-0.0223715172038632,-0.0434205127542632
2026-02-06,financial,14935.0,0.2015285599356395,0.1957566052842274,0.3316986179224253,0.1359418353208628,0.0524755539913066,0.2397957839143281,0.1155616578611913,0.0337228045851782,0.2470732777750834
2026-02-06,k_beauty,15040.0,0.0613973182780522,0.0200067819599865,-0.0552763819095477,-0.0994318454102964,-0.0091440418676433,-0.0449168450417841,-0.1640339409089601,-0.0325787653459559,-0.0866375236783606
2026-02-06,k_food,11860.0,0.0542222222222221,-0.0016835016835017,-0.0534716679968076,0.0443763318112633,-0.0042334379350954,0.0017946515866924,0.0366383672013161,-0.0012842202103777,-0.0158719461465001
2026-02-06,k_food,11860.0,0.05422222222222217,-0.0016835016835017313,-0.05347166799680769,0.044376331811263325,-0.004233437935095452,0.0017946515866924528,0.03663836720131619,-0.0012842202103777733,-0.015871946146500115
2026-02-06,media_platform,13265.0,0.0145315487571702,-0.0221157390342794,0.0294916569654637,-0.0731543071330318,-0.0558113912081925,-0.0402496253742437,-0.0890212715322111,-0.0536715096212607,-0.1132576953727533
2026-02-06,semiconductor,84420.0,0.2032497149372862,0.4330334408419622,1.359418669647848,-0.2355757336760906,-0.075174493494563,-0.1046126196383649,-0.4293589336259049,-0.2630935003372601,-0.6172925575732267
2026-02-06,shipbuilding,35160.0,-0.0156774916013437,0.0051457975986277,0.1884400878823728,-0.1662101456078282,0.0599403181465729,-0.1437014923821962,-0.1284370905903715,0.1697832104072856,0.0279440704878239
2026-02-06,steel_materials,14815.0,0.2113654946852003,0.3157193605683837,0.2700385769395628,-0.045044761725056,0.0150142589507975,0.0703446213159972,-0.133414185783526,-0.0753572381102385,0.0516748816511456
2026-02-13,KOSPI200,81860.0,0.169178033278583,0.3858134416793635,0.884221429393486,0.0404629327081837,0.0660240603717723,0.0998123169112839,0.1812280850321108,0.0919566740158741,0.1003258550871284
2026-02-13,auto,32615.0,0.0911676145868183,0.4336263736263737,0.6794541709577755,-0.0893343159151121,-0.0038442422645525,0.0608729110318888,0.0010808895443412,0.0207397461943592,0.0315773653917164
2026-02-13,battery,16970.0,0.1501186038630972,0.0122278556516552,0.3724221593206631,-0.0604077119263763,-0.0176228906170015,-0.0369395428069965,-0.0163294773366518,0.0052536358416144,-0.047750520296975
2026-02-13,bio_health,23685.0,0.0480088495575221,0.0683355886332881,0.2844360086767896,0.0738932326463919,-0.0169804411672405,0.0320788262031346,0.2049436673957783,0.1059738265612273,0.0234278466882129
2026-02-13,biosimilar_cdmo,13880.0,0.1428571428571428,0.253273137697517,0.416326530612245,0.0897562105506977,0.0415194063542334,0.1257155022962985,0.1684640100529844,0.1409410121978478,0.1337685961177568
2026-02-13,construction,5820.0,0.234358430540827,0.4696969696969697,0.3678025851938895,-0.0933320168594147,0.0638070849338454,0.0172490796588342,-0.1573529624370562,-0.0768759871772106,-0.0711685035461238
2026-02-13,consumer,9595.0,0.184567901234568,0.1672749391727495,0.0953196347031963,0.0636818252852009,0.0814380293015049,0.0128012972948834,0.0405541553134178,0.0725711866263507,-0.0102218478057372
2026-02-13,financial,17015.0,0.3334639498432601,0.298854961832061,0.4334456613310868,0.1319353899076205,0.1030983565478336,0.1017470434086615,-0.0040064454132422,0.0506228025565269,-0.1380487405056665
2026-02-13,k_beauty,16085.0,0.1205154998258446,0.1096929975853742,-0.0917560700169395,0.0591181815477923,0.0896862156253877,-0.0364796881073917,0.1585500269580888,0.098830257493031,0.0084371569343923
2026-02-13,k_food,12770.0,0.1075455333911534,0.0597510373443983,0.0090873172659027,0.0533233111689313,0.0614345390279,0.0625589852627104,0.0089469793576679,0.0656679769629955,0.0607643336760179
2026-02-13,k_food,12770.0,0.10754553339115347,0.05975103734439835,0.009087317265902728,0.0533233111689313,0.06143453902790008,0.06255898526271042,0.008946979357667972,0.06566797696299553,0.06076433367601797
2026-02-13,media_platform,13815.0,0.0461946232487693,-0.0007233273056057,-0.0046829971181556,0.0316630744915991,0.0213924117286736,-0.0341746540836194,0.1048173816246309,0.0772038029368662,0.0060749712906242
2026-02-13,semiconductor,88745.0,0.2472944483485593,0.4897599462816855,1.3965703483661898,0.044044733411273,0.0567265054397232,0.0371516787183416,0.2796204670873636,0.1319009989342863,0.1417642983567066
2026-02-13,shipbuilding,35240.0,-0.1045610468809553,-0.0250380412228523,0.1413765182186235,-0.0888835552796115,-0.0301838388214801,-0.0470635696637493,0.0773265903282166,-0.090124156968053,0.0966379227184468
2026-02-13,steel_materials,15285.0,0.0894511760513185,0.261138613861386,0.3355176933158583,-0.1219143186338818,-0.0545807467069976,0.0654791163762955,-0.0768695569088258,-0.0695950056577952,-0.0048655049397017
2026-02-20,KOSPI200,86300.0,0.2022847589857899,0.4952785237806463,0.9923813921274384,0.0331067257072068,0.1094650821012828,0.1081599627339524,-0.0073562070009769,0.0434410217295104,0.0083476458226685
2026-02-20,auto,33680.0,0.0506941194821399,0.5137078651685394,0.728952772073922,-0.0404734951046783,0.0800814915421657,0.0494986011161464,0.0488608208104337,0.0839257338067183,-0.0113743099157423
2026-02-20,battery,17860.0,0.1922563417890521,0.1145085803432137,0.401883830455259,0.0421377379259548,0.1022807246915584,0.0294616711345958,0.1025454498523312,0.1199036153085599,0.0664012139415923
2026-02-20,bio_health,24480.0,0.0827067669172931,0.1009669440071958,0.3384363039912521,0.034697917359771,0.0326313553739077,0.0540002953144624,-0.0391953152866209,0.0496117965411482,0.0219214691113278
2026-02-20,biosimilar_cdmo,14545.0,0.2105701206824801,0.24263135412217,0.4895033282130057,0.0677129778253373,-0.0106417835753469,0.0731767976007606,-0.0220432327253603,-0.0521611899295804,-0.0525387046955379
2026-02-20,construction,6235.0,0.2520080321285141,0.6028277634961439,0.4969987995198079,0.017649601587687,0.1331307937991741,0.1291962143259184,0.1109816184471017,0.0693237088653286,0.1119471346670841
2026-02-20,consumer,9630.0,0.1837738168408114,0.1708206686930091,0.1437054631828977,-0.0007940843937566,0.0035457295202596,0.0483858284797014,-0.0644759096789575,-0.0778922997812452,0.0355845311848179
2026-02-20,financial,17500.0,0.37524557956778,0.383399209486166,0.4749262536873155,0.0417816297245199,0.0845442476541049,0.0414805923562286,-0.0901537601831006,-0.0185541088937286,-0.0602664510524328
2026-02-20,k_beauty,16180.0,0.1326566328316416,0.1124097628050877,-0.0140158439975625,0.012141133005797,0.0027167652197135,0.077740226019377,-0.0469770485419953,-0.0869694504056741,0.1142199141267688
2026-02-20,k_food,12705.0,0.1004763967085318,0.0452488687782806,0.0139664804469272,-0.0070691366826216,-0.0145021685661177,0.0048791631810245,-0.0603924478515529,-0.0759367075940178,-0.0576798220816858
2026-02-20,k_food,12705.0,0.10047639670853181,0.045248868778280604,0.013966480446927276,-0.007069136682621657,-0.014502168566117746,0.004879163181024548,-0.060392447851552955,-0.07593670759401783,-0.05767982208168587
2026-02-20,media_platform,14030.0,0.0742725880551302,0.0529080675422137,0.0148282097649186,0.0280779648063609,0.0536313948478195,0.0195112068830742,-0.0035851096852381,0.0322389831191458,0.0536858609666937
2026-02-20,semiconductor,92945.0,0.2853685520674871,0.5835250021296532,1.4782029062791628,0.0380741037189278,0.0937650558479676,0.081632557912973,-0.0059706296923451,0.0370385504082444,0.0444808791946313
2026-02-20,shipbuilding,38985.0,-0.032149950347567,0.0754482758620689,0.3314549180327868,0.0724110965333882,0.1004863170849212,0.1900783998141633,0.1612946518129998,0.1306701559064014,0.2371419694779126
2026-02-20,steel_materials,16010.0,0.1223273746933053,0.3648763853367434,0.393385552654482,0.0328761986419867,0.1037377714753573,0.0578678593386237,0.1547905172758685,0.1583185181823549,-0.0076112570376718
2026-02-27,KOSPI200,94120.0,0.3017080423207248,0.73621103117506,1.2145882352941175,0.0994232833349348,0.2409325073944137,0.222206843166679,0.066316557627728,0.1314674252931309,0.1140468804327266
2026-02-27,auto,39135.0,0.2269948267753565,0.8109671448403517,1.0028147389969293,0.1763007072932165,0.2972592796718123,0.2738619669230073,0.2167742023978949,0.2171777881296466,0.2243633658068609
2026-02-27,battery,19430.0,0.1365896460953495,0.3582663404404054,0.5414518048393495,-0.0556666956937026,0.2437577600971916,0.1395679743840905,-0.0978044336196575,0.1414770354056331,0.1101063032494946
2026-02-27,bio_health,25350.0,0.0644551753096787,0.1722543352601155,0.405600221790962,-0.0182515916076144,0.0712873912529197,0.0671639177997098,-0.0529495089673854,0.038656035879012,0.0131636224852473
2026-02-27,biosimilar_cdmo,14775.0,0.1109022556390977,0.2875816993464053,0.5342679127725856,-0.0996678650433824,0.0449503452242352,0.0447645845595798,-0.1673808428687198,0.0555921287995822,-0.0284122130411808
2026-02-27,construction,6955.0,0.3623898139079333,0.8571428571428572,0.7697201017811706,0.1103817817794192,0.2543150936467133,0.2727213022613626,0.0927321801917322,0.1211842998475392,0.1435250879354441
2026-02-27,consumer,9575.0,0.1284619917501472,0.1508413461538462,0.1655508216676811,-0.0553118250906641,-0.0199793225391629,0.0218453584847833,-0.0545177406969075,-0.0235250520594225,-0.0265404699949181
2026-02-27,financial,16180.0,0.2088158386253269,0.3267732677326773,0.3966335779024601,-0.1664297409424531,-0.0566259417534886,-0.0782926757848554,-0.208211370666973,-0.1411701894075936,-0.1197732681410841
2026-02-27,k_beauty,16095.0,-0.0034055727554179,0.0845687331536388,-0.0113636363636363,-0.1360622055870596,-0.0278410296514488,0.0026522076339261,-0.1482033385928566,-0.0305577948711623,-0.0750880183854508
2026-02-27,k_food,12445.0,0.0641299700726807,0.0453590928181435,0.0379482902418681,-0.036346426635851,0.0001102240398629,0.0239818097949409,-0.0292772899532294,0.0146123926059806,0.0191026466139163
2026-02-27,k_food,12445.0,0.06412997007268073,0.04535909281814354,0.03794829024186819,-0.03634642663585108,0.00011022403986293838,0.02398180979494091,-0.029277289953229424,0.014612392605980684,0.019102646613916363
2026-02-27,media_platform,14060.0,-0.0046017699115044,0.0827878321139776,0.0093323761665469,-0.0788743579666346,0.0298797645717638,-0.0054958335983716,-0.1069523227729956,-0.0237516302760556,-0.0250070404814459
2026-02-27,semiconductor,105400.0,0.4350874804275308,0.9935691318327976,1.910396244650007,0.1497189283600437,0.4100441297031443,0.432193338370844,0.1116448246411159,0.3162790738551766,0.350560780457871
2026-02-27,shipbuilding,38335.0,0.0047175992661512,0.1308259587020648,0.3130673060455557,0.0368675496137183,0.0553776828399958,-0.018387611987231,-0.0355435469196699,-0.0451086342449253,-0.2084660118013943
2026-02-27,steel_materials,17370.0,0.1242718446601942,0.5557545902373489,0.5599461158509205,0.0019444699668889,0.1908782049006054,0.1665605631964384,-0.0309317286750978,0.0871404334252481,0.1086927038578147
2026-03-06,KOSPI200,83560.0,0.0809132656361166,0.5015274034141959,0.9398723157283808,-0.2207947766846081,-0.2346836277608641,-0.2747159195657367,-0.320218060019543,-0.4756161351552779,-0.4969227627324157
2026-03-06,auto,32890.0,0.0409874980218389,0.441279579316389,0.6853702280297207,-0.1860073287535175,-0.3696875655239626,-0.3174445109672086,-0.3623080360467341,-0.666946845195775,-0.591306477890216
2026-03-06,battery,17215.0,-0.0089234312032239,0.1374297984803436,0.3512558869701727,-0.1455130772985734,-0.2208365419600617,-0.1901959178691767,-0.0898463816048708,-0.4645943020572534,-0.3297638922532673
2026-03-06,bio_health,23390.0,-0.0237896494156928,0.0536036036036036,0.2636412749864938,-0.0882448247253715,-0.1186507316565119,-0.1419589468044682,-0.069993233117757,-0.1899381229094316,-0.209122864604178
2026-03-06,biosimilar_cdmo,13860.0,0.0183688464364437,0.1686340640809442,0.4422476586888657,-0.0925334092026539,-0.118947635265461,-0.0920202540837198,0.0071344558407284,-0.1638979804896962,-0.1367848386432997
2026-03-06,construction,6375.0,0.2259615384615385,0.6346153846153846,0.5701970443349753,-0.1364282754463948,-0.2225274725274726,-0.1995230574461952,-0.246810057225814,-0.4768425661741859,-0.4722443597075578
2026-03-06,consumer,8850.0,0.0039705048213272,0.0548271752085816,0.0567164179104477,-0.12449148692882,-0.0960141709452646,-0.1088344037572333,-0.0691796618381559,-0.0760348484061017,-0.1306797622420166
2026-03-06,financial,14915.0,0.1060437523173896,0.19129392971246,0.3020515058926234,-0.1027720863079373,-0.1354793380202172,-0.0945820720098367,0.0636576546345157,-0.0788533962667286,-0.0162893962249812
2026-03-06,k_beauty,14930.0,-0.0806650246305419,-0.0096185737976782,-0.1089227096389137,-0.0772594518751239,-0.0941873069513171,-0.0975590732752773,0.0588027537119356,-0.0663462772998683,-0.1002112809092035
2026-03-06,k_food,11400.0,-0.0334887664264519,-0.0527627752388866,-0.0693877551020408,-0.0976187364991326,-0.0981218680570301,-0.107336045343909,-0.0612723098632815,-0.0982320920968931,-0.1313178551388499
2026-03-06,k_food,11400.0,-0.03348876642645193,-0.05276277523888662,-0.06938775510204087,-0.09761873649913266,-0.09812186805703016,-0.10733604534390906,-0.06127230986328158,-0.0982320920968931,-0.13131785513884997
2026-03-06,media_platform,12750.0,-0.1062039957939011,-0.0158240061752219,-0.0866762177650429,-0.1016022258823967,-0.0986118382891996,-0.0960085939315898,-0.022727867915762,-0.1284916028609635,-0.0905127603332182
2026-03-06,semiconductor,102335.0,0.1602607709750567,0.8385734818541142,1.7568696120689653,-0.2748267094524741,-0.1549956499786833,-0.1535266325810416,-0.4245456378125178,-0.5650397796818276,-0.5857199709518857
2026-03-06,shipbuilding,35355.0,-0.0511272141706924,0.0881809787626961,0.172442381031338,-0.0558448134368436,-0.0426449799393686,-0.1406249250142177,-0.0927123630505619,-0.0980226627793645,-0.1222373130269867
2026-03-06,steel_materials,15670.0,-0.0006377551020407,0.2902428983120626,0.3910341766533511,-0.124909599762235,-0.2655116919252862,-0.1689119391975693,-0.1268540697291239,-0.4563898968258917,-0.3354725023940077
2026-03-13,KOSPI200,81540.0,0.0843806104129263,0.4000686813186813,0.8995923121723937,0.0034673447768096,-0.1014587220955145,-0.0402800035559871,0.2242621214614177,0.1332249056653496,0.2344359160097495
2026-03-13,auto,31280.0,0.0230580539656581,0.2269072367130811,0.5562189054726367,-0.0179294440561808,-0.2143723426033079,-0.1291513225570839,0.1680778846973367,0.1553152229206547,0.1882931884101246
2026-03-13,battery,16185.0,-0.0226449275362319,0.0428479381443298,0.3833333333333333,-0.013721496333008,-0.0945818603360137,0.0320774463631605,0.1317915809655654,0.1262546816240479,0.2222733642323373
2026-03-13,bio_health,23140.0,0.0248007085916741,0.0656228413539028,0.2477756807764897,0.0485903580073669,0.0120192377502992,-0.0158655942100041,0.1368351827327385,0.1306699694068112,0.126093352594464
2026-03-13,biosimilar_cdmo,13865.0,0.0673595073133179,0.1685630004214076,0.4695283518812931,0.0489906608768742,-7.106365953668536e-05,0.0272806931924274,0.1415240700795281,0.1188765716059243,0.1193009472761472
2026-03-13,construction,6865.0,0.2504553734061931,0.6582125603864735,0.709838107098381,0.0244938349446546,0.0235971757710888,0.1396410627634057,0.1609221103910494,0.2461246482985615,0.3391641202096009
2026-03-13,consumer,9040.0,0.020892151326934,0.0878459687123947,0.0885009030704395,0.0169216465056067,0.033018793503813,0.0317844851599917,0.1414131334344268,0.1290329644490777,0.140618888917225
2026-03-13,financial,14760.0,-0.0117174422497489,0.1336405529953916,0.2975824175824175,-0.1177611945671385,-0.0576533767170683,-0.0044690883102058,-0.0149891082592011,0.0778259613031489,0.0901129836996308
2026-03-13,k_beauty,15150.0,0.0073138297872339,0.0426703372333103,-0.0590062111801241,0.0879788544177758,0.0522889110309886,0.0499164984587895,0.1652383062928998,0.1464762179823058,0.1474755717340669
2026-03-13,k_food,11345.0,-0.0434232715008431,-0.0401861252115058,-0.093849840255591,-0.0099345050743911,0.0125766500273807,-0.0244620851535501,0.0876842314247414,0.1106985180844108,0.0828739601903588
2026-03-13,k_food,11345.0,-0.04342327150084313,-0.040186125211505885,-0.09384984025559107,-0.009934505074391198,0.012576650027380731,-0.024462085153550195,0.08768423142474147,0.11069851808441089,0.08287396019035886
2026-03-13,media_platform,12880.0,-0.0290237467018469,-0.0118910625239738,-0.0409530900967982,0.0771802490920542,0.003932943651248,0.0457231276682447,0.178782474974451,0.1025447819404477,0.1417317215998346
2026-03-13,semiconductor,96935.0,0.1482468609334282,0.6918579282659918,1.6517576254958284,-0.0120139100416285,-0.1467155535881223,-0.1051119865731369,0.2628127994108455,0.0082800963905609,0.0484146460079046
2026-03-13,shipbuilding,37950.0,0.0793515358361773,0.1463525147258721,0.1338512100388407,0.1304787500068698,0.058171535963176,-0.0385911709924973,0.1863235634437134,0.1008165159025447,0.1020337540217204
2026-03-13,steel_materials,15100.0,0.0192372595342558,0.2157809983896941,0.3897837091578462,0.0198750146362965,-0.0744618999223685,-0.0012504674955049,0.1447846143985316,0.1910497920029177,0.1676614717020643
2026-03-20,KOSPI200,86660.0,0.0586366967994136,0.4689380455970844,0.9588607594936708,-0.0257439136135126,0.068869364278403,0.0592684473212772,-0.0292112583903223,0.1703280863739176,0.0995484508772643
2026-03-20,auto,31940.0,-0.0206959987735704,0.2641994854541856,0.6094734189972286,-0.0437540527392286,0.0372922487411044,0.0532545135245918,-0.0258246086830478,0.2516645913444124,0.1824058360816758
2026-03-20,battery,16340.0,-0.0371243370654095,0.0158532794529064,0.3789029535864978,-0.0144794095291775,-0.0269946586914233,-0.0044303797468354,-0.0007579131961695,0.0675872016445904,-0.036507826109996
2026-03-20,bio_health,23220.0,-0.0196326789107029,0.0725173210161662,0.2150706436420721,-0.0444333875023771,0.0068944796622634,-0.0327050371344175,-0.0930237455097441,-0.0051247580880358,-0.0168394429244134
2026-03-20,biosimilar_cdmo,13785.0,-0.0068443804034582,0.1373762376237624,0.3785,-0.0742038877167762,-0.0311867627976452,-0.0910283518812931,-0.1231945485936504,-0.0311156991381085,-0.1183090450737205
2026-03-20,construction,7630.0,0.3109965635738831,0.7847953216374268,0.8839506172839506,0.0605411901676899,0.1265827612509533,0.1741125101855696,0.0360473552230353,0.1029855854798644,0.0344714474221639
2026-03-20,consumer,9420.0,-0.0182386659718603,0.145985401459854,0.1301739652069586,-0.0391308172987943,0.0581394327474593,0.0416730621365191,-0.0560524638044011,0.0251206392436462,0.0098885769765273
2026-03-20,financial,15580.0,-0.0843373493975904,0.2301618634030793,0.3642732049036776,-0.0726199071478415,0.0965213104076876,0.0666907873212601,0.045141287419297,0.154174687124756,0.0711598756314659
2026-03-20,k_beauty,16010.0,-0.0046627292508548,0.1156794425087108,-0.0314579552329098,-0.0119765590380888,0.0730091052754005,0.0275482559472143,-0.0999554134558646,0.0207201942444118,-0.0223682425115752
2026-03-20,k_food,11795.0,-0.076350822239624,-0.0046413502109704,-0.0507042253521127,-0.0329275507387809,0.0355447750005354,0.0431456149034783,-0.0229930456643897,0.0229681249731547,0.0676077000570285
2026-03-20,k_food,11795.0,-0.07635082223962408,-0.004641350210970452,-0.05070422535211272,-0.03292755073878095,0.035544775000535433,0.043145614903478346,-0.022993045664389755,0.022968124973154702,0.06760770005702854
2026-03-20,media_platform,12445.0,-0.0991675714802751,-0.0303856641994546,-0.0822271386430678,-0.0701438247784281,-0.0184946016754807,-0.0412740485462695,-0.1473240738704824,-0.0224275453267288,-0.0869971762145143
2026-03-20,semiconductor,103865.0,0.1703757958194827,0.8102832244008715,1.6435479765843728,0.0221289348860544,0.1184252961348797,-0.0082096489114555,0.034142844927683,0.2651408497230021,0.0969023376616813
2026-03-20,shipbuilding,36185.0,0.0268161180476731,0.0414448122031947,0.1135559316817971,-0.0525354177885042,-0.1049077025226774,-0.0202952783570435,-0.183014167795374,-0.1630792384858534,0.0182958926354537
2026-03-20,steel_materials,15050.0,-0.0153745502126267,0.1479786422578184,0.3132635253054101,-0.0346118097468826,-0.0678023561318756,-0.076520183852436,-0.0544868243831792,0.0066595437904928,-0.0752697163569311
2026-03-27,KOSPI200,81225.0,-0.1063373308394762,0.4220063025210083,0.7128848587094052,-0.1649740276388899,-0.046931743076076,-0.2459759007842656,-0.1392301140253772,-0.1158011073544791,-0.3052443481055429
2026-03-27,auto,30990.0,-0.1439226519337016,0.2498487598306109,0.5835462442514052,-0.1232266531601312,-0.0143507256235746,-0.0259271747458234,-0.0794726004209026,-0.0516429743646791,-0.0791816882704152
2026-03-27,battery,16870.0,-0.1092925026399155,0.178072625698324,0.4140821458507964,-0.072168165574506,0.1622193462454175,0.0351791922642985,-0.0576887560453284,0.1892140049368409,0.039609572011134
2026-03-27,bio_health,23695.0,-0.0387423935091277,0.0929428044280442,0.2217066254189224,-0.0191097145984248,0.0204254834118779,0.0066359817768502,0.0253236729039523,0.0135310037496145,0.0393410189112677
2026-03-27,biosimilar_cdmo,14130.0,-0.0238341968911917,0.1677685950413223,0.3921182266009853,-0.0169898164877334,0.0303923574175599,0.0136182266009852,0.0572140712290427,0.0615791202152051,0.1046465784822783
2026-03-27,construction,6925.0,0.0146520146520146,0.7119901112484548,0.6993865030674846,-0.2963445489218685,-0.072805210388972,-0.184564114216466,-0.3568857390895585,-0.1993879716399254,-0.3586766244020356
2026-03-27,consumer,9395.0,-0.0490890688259109,0.1408621736490589,0.1118343195266271,-0.0308504028540506,-0.0051232278107951,-0.0183396456803315,0.0082804144447437,-0.0632626605582544,-0.0600127078168506
2026-03-27,financial,15180.0,-0.1012433392539964,0.2019002375296912,0.2346482309882065,-0.016905989856406,-0.028261625873388,-0.1296249739154711,0.0557139172914354,-0.1247829362810757,-0.1963157612367312
2026-03-27,k_beauty,15660.0,-0.0300402601424589,0.0935754189944133,-0.0236907730673316,-0.0253775308916041,-0.0221040235142975,0.0077671821655781,-0.0134009718535152,-0.095113128789698,-0.0197810737816361
2026-03-27,k_food,11740.0,-0.0878010878010877,-0.0033955857385399,-0.1010719754977028,-0.0114502655614636,0.0012457644724305,-0.0503677501455901,0.0214772851773172,-0.0342990105281049,-0.0935133650490684
2026-03-27,k_food,11740.0,-0.08780108780108775,-0.00339558573853993,-0.10107197549770286,-0.011450265561463668,0.0012457644724305217,-0.05036775014559014,0.021477285177317285,-0.03429901052810491,-0.09351336504906849
2026-03-27,media_platform,12230.0,-0.1236116087423861,-0.0400313971742543,-0.1201438848920863,-0.024444037262111,-0.0096457329747996,-0.0379167462490185,0.045699787516317,0.0088488687006811,0.003357302297251
2026-03-27,semiconductor,95450.0,-0.0079509432001246,0.7260397830018084,1.1678401090165798,-0.1783267390196073,-0.0842434413990631,-0.475707867567793,-0.2004556739056618,-0.2026687375339428,-0.4674982186563374
2026-03-27,shipbuilding,33260.0,-0.1357671820189684,0.0115571776155718,0.0132520944402132,-0.1625833000666415,-0.0298876345876228,-0.1003038372415838,-0.1100478822781373,0.0750200679350545,-0.0800085588845402
2026-03-27,steel_materials,14420.0,-0.1464930452796685,0.180515759312321,0.1981719983381802,-0.1311184950670417,0.0325371170545025,-0.1150915269672299,-0.0965066853201591,0.1003394731863782,-0.0385713431147938
2026-04-03,KOSPI200,80575.0,-0.0358382194567428,0.3269927536231884,0.6670114823626772,0.0704991113827334,-0.0950135488978198,-0.045873376346728,0.2354731390216233,-0.0480818058217438,0.2001025244375376
2026-04-03,auto,29565.0,-0.0951798010711553,0.2015850436903068,0.5115030674846626,0.0487428508625463,-0.0482637161403041,-0.0720431767667426,0.1719695040226776,-0.0339129905167294,-0.0461160020209192
2026-04-03,battery,17010.0,0.0170403587443945,0.1866062085803976,0.4092792046396023,0.1263328613843101,0.0085335828820736,-0.004802941211194,0.1985010269588161,-0.1536857633633439,-0.0399821334754926
2026-04-03,bio_health,21240.0,-0.0915312232677502,-0.0200692041522491,0.0604093859211183,-0.0527888297586224,-0.1130120085802933,-0.161297239497804,-0.0336791151601976,-0.1334374919921713,-0.1679332212746542
2026-04-03,biosimilar_cdmo,12550.0,-0.0775450202131569,0.0480167014613779,0.2220058422590067,-0.0537108233219651,-0.1197518935799444,-0.1701123843419785,-0.0367210068342317,-0.1501442509975044,-0.1837306109429637
2026-04-03,construction,7255.0,0.1748987854251011,0.7652068126520681,0.8437102922490469,0.1602467707730865,0.0532167014036133,0.1443237891815623,0.4565913196949551,0.1260219117925853,0.3288879033980283
2026-04-03,consumer,9185.0,0.0455321570859419,0.1325524044389643,0.0812242495585637,0.0946212259118528,-0.0083097692100946,-0.0306100699680633,0.1254716287659034,-0.0031865413992995,-0.0122704242877318
2026-04-03,financial,14620.0,-0.0333884297520661,0.1439749608763694,0.2168123179359133,0.0678549095019303,-0.0579252766533218,-0.0178359130522931,0.0847608993583363,-0.0296636507799337,0.1117890608631779
2026-04-03,k_beauty,15100.0,0.0424577148774594,0.0789567702750981,-0.061820441130786,0.0724979750199183,-0.0146186487193151,-0.0381296680634543,0.0978755059115225,0.0074853747949823,-0.0458968502290324
2026-04-03,k_food,11815.0,0.0314273243125273,0.005531914893617,-0.0674822415153907,0.1192284121136151,0.0089275006321569,0.0335897339823121,0.1306786776750788,0.0076817361597264,0.0839574841279022
2026-04-03,k_food,11815.0,0.03142732431252737,0.00553191489361704,-0.06748224151539073,0.11922841211361512,0.00892750063215697,0.03358973398231213,0.1306786776750788,0.007681736159726449,0.08395748412790227
2026-04-03,media_platform,11485.0,-0.066260162601626,-0.1161985378991919,-0.168356263577118,0.0573514461407601,-0.0761671407249376,-0.0482123786850317,0.0817954834028712,-0.066521407750138,-0.0102956324360131
2026-04-03,semiconductor,93160.0,-0.0738181637421087,0.5333717389515267,0.9850841679096528,-0.065867220541984,-0.1926680440502817,-0.182755941106927,0.1124595184776233,-0.1084246026512185,0.292951926460866
2026-04-03,shipbuilding,33905.0,-0.0337703049301795,0.0325871783158215,0.0603596559812353,0.1019968770887889,0.0210300007002497,0.0471075615410221,0.2645801771554305,0.0509176352878726,0.147411398782606
2026-04-03,steel_materials,14665.0,-0.0316936282601518,0.1439157566302651,0.2647692971108235,0.1147994170195166,-0.0366000026820558,0.0665972987726433,0.2459179120865584,-0.0691371197365584,0.1816888257398732
2026-04-10,KOSPI200,88655.0,0.0655649038461538,0.3287619904076739,0.8611315209404848,0.1014031233028966,0.0017692367844854,0.1941200385778076,0.0309040119201632,0.0967827856823053,0.2399934149245357
2026-04-10,auto,31065.0,-0.0287634828826012,0.1814033086138049,0.6285714285714286,0.066416318188554,-0.0201817350765018,0.1170683610867659,0.0176734673260077,0.0280819810638022,0.1891115378535086
2026-04-10,battery,18120.0,0.0811455847255369,0.3135193910837259,0.5546975546975548,0.0641052259811423,0.1269131825033282,0.1454183500579524,-0.0622276354031677,0.1183795996212546,0.1502212912691465
2026-04-10,bio_health,21320.0,-0.0712263123502504,-0.0685889034512887,0.1221052631578947,0.0203049109174997,-0.0485196992990396,0.0616958772367763,0.0730937406761221,0.0644923092812537,0.2229931167345804
2026-04-10,biosimilar_cdmo,12750.0,-0.0593876798229435,0.044653830397378,0.3030148185998977,0.0181573403902133,-0.0033628710639999,0.0810089763408909,0.0718681637121785,0.1163890225159445,0.2511213606828695
2026-04-10,construction,8775.0,0.3396946564885497,1.099282296650718,1.3031496062992125,0.1647958710634485,0.3340754839986497,0.4594393140501656,0.0045491002903619,0.2808587825950364,0.3151155248686033
2026-04-10,consumer,9665.0,0.0738888888888888,0.2203282828282828,0.1519666269368296,0.0283567318029469,0.0877758783893185,0.0707423773782658,-0.0662644941089058,0.0960856475994131,0.1013524473463292
2026-04-10,financial,15750.0,0.0493004663557627,0.2411347517730495,0.3229735405291893,0.0826888961078289,0.0971597908966801,0.1061612225932759,0.0148339866058986,0.1550850675500019,0.1239971356455691
2026-04-10,k_beauty,16225.0,0.0925925925925925,0.1507092198581561,-0.0127776087617889,0.0501348777151331,0.0717524495830579,0.049042832368997,-0.0223630973047852,0.0863710983023731,0.0871725004324514
2026-04-10,k_food,12140.0,0.0588748364587876,0.0771960958296362,-0.0209677419354838,0.0274475121462602,0.0716641809360192,0.0465144995799068,-0.0917808999673548,0.0627366803038622,0.0129247655975947
2026-04-10,k_food,12140.0,0.05887483645878766,0.07719609582963627,-0.020967741935483897,0.02744751214626029,0.07166418093601923,0.04651449957990683,-0.09178089996735483,0.06273668030386226,0.0129247655975947
2026-04-10,media_platform,11605.0,-0.0786026200873362,-0.1114088820826952,-0.1535375638220277,-0.0123424574857101,0.0047896558164967,0.0148186997550903,-0.0696939036264703,0.0809567965414344,0.063031078440122
2026-04-10,semiconductor,103000.0,0.0499490316004076,0.465149359886202,1.2408354182530186,0.1237671953425163,-0.0682223790653246,0.2557512503433659,0.1896344158845003,0.124445664984957,0.4385071914502929
2026-04-10,shipbuilding,34150.0,-0.1077726975832789,-0.0014619883040936,0.0462622549019606,-0.0740023926530993,-0.0340491666199151,-0.0140974010792747,-0.1759992697418883,-0.0550791673201649,-0.0612049626202968
2026-04-10,steel_materials,15855.0,0.034584013050571,0.2843256379100851,0.4006183745583038,0.0662776413107228,0.14040988127982,0.1358490774474803,-0.0485217757087937,0.1770098839618759,0.069251778674837
2026-04-17,KOSPI200,94050.0,0.0841498559077809,0.3662115049389889,0.8864707652191355,0.018584952061627,0.0374495145313149,0.0253392442786506,-0.0828181712412696,0.0356802777468294,-0.168780794299157
2026-04-17,auto,32730.0,0.0180404354587868,0.1195484864032836,0.6892903225806453,0.046803918341388,-0.0618548222105213,0.0607188940092167,-0.019612399847166,-0.0416730871340194,-0.0563494670775492
2026-04-17,battery,18780.0,0.1496786042240587,0.2929432013769364,0.5024,0.0685330194985218,-0.0205761897067895,-0.0522975546975548,0.0044277935173795,-0.1474893722101178,-0.1977159047555072
2026-04-17,bio_health,22170.0,-0.0295469468154957,-0.0126920507682031,0.1865132459191865,0.0416793655347547,0.0558968526830856,0.0644079827612917,0.0213744546172549,0.1044165519821253,0.0027121055245153
2026-04-17,biosimilar_cdmo,13305.0,-0.0122494432071269,0.1064449064449064,0.3632172131147542,0.0471382366158166,0.0617910760475284,0.0602023945148564,0.0289808962256032,0.0651539471115283,-0.0208065818260345
2026-04-17,construction,9045.0,0.2748414376321353,0.949353448275862,1.3192307692307694,-0.0648532188564143,-0.1499288483748557,0.0160811629315569,-0.2296490899198628,-0.4840043323735055,-0.4433581511186086
2026-04-17,consumer,10135.0,0.1016304347826086,0.2527812113720642,0.2307225258044929,0.0277415458937198,0.0324529285437813,0.0787558988676633,-0.0006151859092271,-0.0553229498455372,0.0080135214893974
2026-04-17,financial,16135.0,0.0443365695792881,0.2620258114978491,0.4110188019239178,-0.0049638967764746,0.0208910597247995,0.0880452613947284,-0.0876527928843036,-0.0762687311718806,-0.0181159611985475
2026-04-17,k_beauty,17135.0,0.0959385992964503,0.1919999999999999,0.1051273782650756,0.0033460067038577,0.0412907801418438,0.1179049870268645,-0.0467888710112753,-0.030461669441214,0.0688621546578674
2026-04-17,k_food,12550.0,0.1032967032967033,0.0791057609630265,0.0480167014613779,0.0444218668379157,0.0019096651333903,0.0689844433968618,0.0169743546916554,-0.0697545158026289,0.0224699438169549
2026-04-17,k_food,12550.0,0.10329670329670337,0.07910576096302657,0.04801670146137793,0.04442186683791571,0.0019096651333903036,0.06898444339686183,0.016974354691655424,-0.06975451580262892,0.022469943816954996
2026-04-17,media_platform,12310.0,-0.0112449799196787,-0.0782478472482216,-0.0867952522255193,0.0673576401676574,0.0331610348344736,0.0667423115965084,0.0797000976533676,0.0283713790179769,0.0519236118414181
2026-04-17,semiconductor,110400.0,0.0674917810868303,0.564847625797307,1.1698113207547172,0.0175427494864226,0.0996982659111049,-0.0710240974983014,-0.1062244458560937,0.1679206449764296,-0.3267753478416673
2026-04-17,shipbuilding,36085.0,-0.0086538461538461,-0.0461274121067935,0.1358199559332704,0.0991188514294327,-0.0446654238026998,0.0895577010313097,0.1731212440825321,-0.0106162571827846,0.1036551021105844
2026-04-17,steel_materials,16345.0,0.1062605752961083,0.2266416510318949,0.297737197300516,0.0716765622455373,-0.0576839868781902,-0.1028811772577877,0.0053989209348144,-0.1980938681580102,-0.2387302547052681
2026-04-24,KOSPI200,98000.0,0.2009803921568627,0.3657584837293568,0.8210536095884047,0.1168305362490818,-0.000453021209632,-0.0654171556307308,0.0982455841874547,-0.037902535740947,-0.0907563999093814
2026-04-24,auto,32280.0,0.0453367875647667,-0.0575182481751824,0.5122979620520027,0.0272963521059799,-0.1770667345784661,-0.1769923605286425,-0.0195075662354081,-0.1152119123679448,-0.2377112545378592
2026-04-24,battery,21010.0,0.2607260726072606,0.3913907284768212,0.4263408010862186,0.1110474683832019,0.0984475270998848,-0.0760591989137813,0.04251444888468,0.1190237168066743,-0.0237616442162265
2026-04-24,bio_health,21970.0,-0.0629132011089784,0.0324248120300751,0.1430801248699271,-0.0333662542934827,0.0451168627982783,-0.0434331210492593,-0.0750456198282374,-0.0107799898848073,-0.1078411038105511
2026-04-24,biosimilar_cdmo,13220.0,-0.0570613409415121,0.1445887445887446,0.3206793206793206,-0.0448118977343852,0.0381438381438381,-0.0425378924354336,-0.0919501343502018,-0.0236472379036902,-0.10274028695029
2026-04-24,construction,9415.0,0.3517587939698492,0.8317120622568093,1.3566958698372966,0.0769173563377139,-0.1176413860190528,0.0374651006065271,0.1417705751941282,0.0322874623558029,0.0213839376749702
2026-04-24,consumer,10375.0,0.1326419213973799,0.25,0.2737875997544505,0.0310114866147712,-0.0027812113720642,0.0430650739499576,0.0032699407210514,-0.0352341399158455,-0.0356908249177057
2026-04-24,financial,15980.0,0.0603848706038487,0.2165968785687095,0.3266915732669158,0.0160483010245606,-0.0454289329291395,-0.084327228657002,0.0210121978010353,-0.066319992653939,-0.1723724900517305
2026-04-24,k_beauty,18135.0,0.2094031343781259,0.2286585365853659,0.1749271137026238,0.1134645350816756,0.036658536585366,0.0697997354375481,0.1101185283778178,-0.0046322435564778,-0.0481052515893164
2026-04-24,k_food,12530.0,0.0709401709401709,0.0746140651801028,0.0668369518944231,-0.0323565323565324,-0.0044916957829237,0.0188202504330452,-0.0767783991944481,-0.006401360916314,-0.0501641929638165
2026-04-24,k_food,12530.0,0.07094017094017091,0.07461406518010283,0.06683695189442318,-0.032356532356532464,-0.004491695782923744,0.01882025043304525,-0.07677839919444818,-0.006401360916314047,-0.05016419296381658
2026-04-24,media_platform,12220.0,0.0200333889816359,-0.06,-0.0961538461538461,0.0312783689013147,0.0182478472482215,-0.0093585939283268,-0.0360792712663426,-0.014913187586252,-0.0761009055248352
2026-04-24,semiconductor,119595.0,0.2459110323992082,0.6914645357471183,1.1923923006416133,0.1784192513123779,0.1266169099498113,0.0225809798868961,0.1608765018259552,0.0269186440387063,0.0936050773851975
2026-04-24,shipbuilding,42295.0,0.2461697112551562,0.086716341212744,0.1939308398023993,0.2548235574090023,0.1328437533195375,0.0581108838691288,0.1557047059795695,0.1775091771222374,-0.0314468171621808
2026-04-24,steel_materials,16910.0,0.1562393162393163,0.1562393162393163,0.3894823336072308,0.0499787409432079,-0.0704023347925786,0.0917451363067147,-0.0216978213023293,-0.0127183479143884,0.1946263135645025
2026-04-30,KOSPI200,99905.0,0.215833029086041,0.3360748913406888,0.7596653456627036,0.0148526369291783,-0.029683592388668,-0.061388263925701,-0.1019778993199034,-0.0292305711790359,0.0040288917050297
2026-04-30,auto,32165.0,0.0411069752387118,0.0148288373560498,0.5143596986817325,-0.0042298123260549,0.0723470855312323,0.0020617366297297,-0.0315261644320348,0.2494138201096984,0.1790540971583722
2026-04-30,battery,21450.0,0.242757821552723,0.25,0.2898376428141911,-0.0179682510545375,-0.1413907284768212,-0.1365031582720275,-0.1290157194377394,-0.239838255576706,-0.0604439593582462
2026-04-30,bio_health,21120.0,-0.0685777287761851,-0.1157630311911241,0.0523168908819133,-0.0056645276672067,-0.1481878432211993,-0.0907632339880137,0.027701726626276,-0.1933047060194777,-0.0473301129387544
2026-04-30,biosimilar_cdmo,12800.0,-0.0518518518518518,-0.0401199850018747,0.2838515546639919,0.0052094890896603,-0.1847087295906193,-0.0368277660153286,0.0500213868240455,-0.2228525677344575,0.0057101264201049
2026-04-30,construction,9330.0,0.2515090543259557,0.8098933074684771,1.2214285714285715,-0.1002497396438935,-0.0218187547883321,-0.1352672984087251,-0.1771670959816074,0.0958226312307206,-0.1727323990152522
2026-04-30,consumer,10185.0,0.0642633228840126,0.1856810244470315,0.2489270386266093,-0.0683785985133673,-0.0643189755529685,-0.0248605611278411,-0.0993900851281386,-0.0615377641809042,-0.0679256350777988
2026-04-30,financial,15840.0,0.0552964690206529,0.1416216216216217,0.3167082294264338,-0.0050884015831957,-0.0749752569470878,-0.0099833438404819,-0.0211367026077564,-0.0295463240179483,0.0743438848165201
2026-04-30,k_beauty,17250.0,0.0890151515151516,0.0754364089775561,0.1086118251928021,-0.1203879828629743,-0.1532221276078098,-0.0663152885098217,-0.23385251794465,-0.1898806641931758,-0.1361150239473698
2026-04-30,k_food,12380.0,0.0235634559735427,0.0590248075278014,0.0500424088210347,-0.0473767149666282,-0.0155892576523013,-0.0167945430733884,-0.0150201826100957,-0.0110975618693776,-0.0356147935064337
2026-04-30,k_food,12380.0,0.023563455973542702,0.05902480752780148,0.05004240882103472,-0.04737671496662821,-0.015589257652301347,-0.016794543073388457,-0.015020182610095745,-0.011097561869377603,-0.035614793506433706
2026-04-30,media_platform,12175.0,0.0,-0.1527487821851079,-0.106093979441997,-0.0200333889816359,-0.0927487821851078,-0.0099401332881509,-0.0513117578829507,-0.1109966294333294,-0.000581539359824
2026-04-30,semiconductor,123850.0,0.2911128485796195,0.5856859355995134,1.149054311990283,0.0452018161804113,-0.1057786001476048,-0.0433379886513303,-0.1332174351319666,-0.2323955100974162,-0.0659189685382264
2026-04-30,shipbuilding,41560.0,0.257869249394673,0.0941160984599183,0.0442211055276382,0.0116995381395168,0.0073997572471742,-0.149709734274761,-0.2431240192694854,-0.1254439960723633,-0.2078206181438899
2026-04-30,steel_materials,17385.0,0.1726812816188869,0.1322044936502768,0.4186046511627908,0.0164419653795706,-0.0240348225890394,0.0291223175555599,-0.0335367755636373,0.0463675122035391,-0.0626228187511548
2026-05-08,KOSPI200,115810.0,0.3991784462969674,0.5929848693259971,0.9917447759910568,0.1833454172109263,0.2569099779853083,0.2320794303283533,0.1684927802817479,0.2865935703739763,0.2934676942540544
2026-05-08,auto,35565.0,0.2053889171326894,0.1666393308184353,0.5902079141515761,0.1642819418939776,0.1518104934623854,0.0758482154698436,0.1685117542200325,0.079463407931153,0.0737864788401139
2026-05-08,battery,22410.0,0.2780153977758768,0.3565375302663438,0.3850432632880098,0.0352575762231537,0.1065375302663438,0.0952056204738187,0.0532258272776913,0.247928258743165,0.2317087787458462
2026-05-08,bio_health,20640.0,-0.006019744762822,-0.1029986962190352,0.0172498767865942,0.0625579840133631,0.0127643349720889,-0.035067014095319,0.0682225116805698,0.1609521781932883,0.0556962198926946
2026-05-08,biosimilar_cdmo,12620.0,0.0169218372280419,-0.0424886191198785,0.2270296548371415,0.0687736890798937,-0.0023686341180038,-0.0568218998268503,0.0635641999902334,0.1823400954726155,-0.0199941338115217
2026-05-08,construction,9565.0,0.2635402906208719,0.8718199608610568,1.344362745098039,0.0120312362949162,0.0619266533925797,0.1229341736694675,0.1122809759388097,0.0837454081809119,0.2582014720781926
2026-05-08,consumer,10275.0,0.1347321921590281,0.1823935558112772,0.255345143555284,0.0704688692750155,-0.0032874686357542,0.0064181049286746,0.1388474677883828,0.0610315069172142,0.0312786660565158
2026-05-08,financial,15765.0,0.0746421267893659,0.1756152125279642,0.3326289095519865,0.0193456577687129,0.0339935909063424,0.0159206801255527,0.0244340593519087,0.1089688478534303,0.0259040239660346
2026-05-08,k_beauty,17560.0,0.1856853477380149,0.1103382864369268,0.1163382072472982,0.0966701962228633,0.0349018774593707,0.0077263820544961,0.2170581790858377,0.1881240050671806,0.0740416705643178
2026-05-08,k_food,12130.0,0.0314625850340135,0.0506712862711129,0.029711375212224,0.0078991290604708,-0.0083535212566885,-0.0203310336088107,0.055275844027099,0.0072357363956128,-0.0035364905354222
2026-05-08,k_food,12130.0,0.03146258503401356,0.05067128627111295,0.029711375212224,0.007899129060470855,-0.008353521256688534,-0.020331033608810722,0.055275844027099064,0.007235736395612813,-0.0035364905354222653
2026-05-08,media_platform,11830.0,0.054367201426025,-0.137126185266229,-0.1621813031161473,0.054367201426025,0.0156225969188789,-0.0560873236741502,0.074400590407661,0.1083713791039867,-0.0461471903859993
2026-05-08,semiconductor,143715.0,0.5139049826187718,0.7687999999999999,1.446629213483146,0.2227921340391523,0.1831140644004865,0.297574901492863,0.177590317858741,0.2888926645480913,0.3409128901441933
2026-05-08,shipbuilding,40210.0,0.2247943953700883,0.136196665724781,0.0206879045564158,-0.0330748540245846,0.0420805672648627,-0.0235332009712223,-0.0447743921641015,0.0346808100176885,0.1261765333035387
2026-05-08,steel_materials,17700.0,0.1995933581836666,0.2164948453608246,0.5173596228032575,0.0269120765647796,0.0842903517105477,0.0987549716404667,0.010470111185209,0.1083251742995872,0.0696326540849068
2026-05-15,KOSPI200,117200.0,0.2960300785137675,0.4960428899668112,1.0949146483153096,-0.1031483677831999,-0.0969419793591859,0.1031698723242526,-0.2864937849941262,-0.3538519573444942,-0.1289095580041006
2026-05-15,auto,38830.0,0.2590791180285343,0.2380041447473297,0.8437796771130104,0.0536902008958448,0.0713648139288944,0.2535717629614342,-0.1105917409981327,-0.0804456795334909,0.1777235474915905
2026-05-15,battery,19525.0,0.1034190449279457,0.1451612903225807,0.2564350064350065,-0.174596352847931,-0.2113762399437631,-0.1286082568530033,-0.2098539290710848,-0.3179137702101069,-0.2238138773268221
2026-05-15,bio_health,20110.0,-0.05807962529274,-0.144073207065333,-0.0228377065111758,-0.0520598805299179,-0.0410745108462977,-0.0400875832977701,-0.114617864543281,-0.0538388458183867,-0.005020569202451
2026-05-15,biosimilar_cdmo,11745.0,-0.0852803738317756,-0.1433260393873084,0.0880037054191755,-0.1022022110598176,-0.1008374202674299,-0.1390259494179659,-0.1709759001397114,-0.0984687861494261,-0.0822040495911156
2026-05-15,construction,8380.0,-0.0411899313501143,0.4727592267135325,1.1908496732026146,-0.3047302219709863,-0.3990607341475243,-0.1535130718954245,-0.3167614582659025,-0.460987387540104,-0.2764472455648921
2026-05-15,consumer,10075.0,0.0424211070874289,0.0880129589632829,0.2415280345040049,-0.0923110850715991,-0.0943805968479942,-0.013817109051279,-0.1627799543466146,-0.09109312821224,-0.0202352139799537
2026-05-15,financial,14990.0,-0.0509654954099398,-0.0278858625162127,0.2147487844408429,-0.1256076221993058,-0.2035010750441769,-0.1178801251111436,-0.1449532799680188,-0.2374946659505193,-0.1338008052366963
2026-05-15,k_beauty,16855.0,0.03979025293029,0.0449473031618103,0.1373144399460188,-0.1458950948077249,-0.0653909832751165,0.0209762326987206,-0.2425652910305882,-0.1002928607344872,0.0132498506442244
2026-05-15,k_food,12330.0,0.0173267326732673,0.0148148148148148,0.0529461998292057,-0.0141358523607462,-0.0358564714562981,0.0232348246169817,-0.022034981421217,-0.0275029501996095,0.0435658582257925
2026-05-15,k_food,12330.0,0.017326732673267342,0.014814814814814836,0.05294619982920579,-0.014135852360746215,-0.03585647145629811,0.023234824616981786,-0.02203498142121707,-0.027502950199609577,0.04356585822579251
2026-05-15,media_platform,11530.0,-0.0090244950580146,-0.1430694908955778,-0.1401938851603281,-0.0633916964840396,-0.0059433056293488,0.0219874179558191,-0.1177588979100646,-0.0215659025482277,0.0780747416299694
2026-05-15,semiconductor,145885.0,0.38142133421713,0.6471152760528396,1.5437663469921534,-0.1324836484016418,-0.1216847239471603,0.0971371335090074,-0.3552757824407941,-0.3047987883476468,-0.2004377679838556
2026-05-15,shipbuilding,37325.0,0.0920128730251608,0.053485746542478,0.0661239645815481,-0.1327815223449275,-0.082710919182303,0.0454360600251322,-0.0997066683203429,-0.1247914864471657,0.0689692609963545
2026-05-15,steel_materials,17010.0,0.0631250000000001,0.1110385369039843,0.5283018867924529,-0.1364683581836665,-0.1054563084568402,0.0109422639891954,-0.1633804347484462,-0.189746660167388,-0.0878127076512713
2026-05-22,KOSPI200,123350.0,0.2726991333058193,0.4616660741794052,1.1827995045124755,-0.0233309452079482,-0.034376815787406,0.0878848561971659,0.0798174225752517,0.0625651635717798,-0.0152850161270867
2026-05-22,auto,38065.0,0.1379671150971599,0.1388182498130141,0.7065680340730778,-0.1211120029313743,-0.0991858949343156,-0.1372116430399326,-0.1748022038272192,-0.1705507088632101,-0.3907834060013668
2026-05-22,battery,19675.0,-0.070179584120983,0.0997764114030184,0.2254749299283711,-0.1735986290489287,-0.0453848789195623,-0.0309600765066353,0.0009977237990023,0.1659913610242007,0.097648180346368
2026-05-22,bio_health,20080.0,-0.0782648611429882,-0.1901593063117563,-0.0963096309630963,-0.0201852358502482,-0.0460860992464233,-0.0734719244519204,0.0318746446796697,-0.0050115884001256,-0.0333843411541502
2026-05-22,biosimilar_cdmo,11655.0,-0.1044948136765271,-0.2090261282660332,-0.0012853470437017,-0.0192144398447514,-0.0657000888787248,-0.0892890524628773,0.0829877712150661,0.0351373313887051,0.0497368969550886
2026-05-22,construction,8435.0,-0.093984962406015,0.3850574712643677,1.1795865633074936,-0.0527950310559006,-0.0877017554491648,-0.011263109895121,0.2519351909150856,0.3113589786983595,0.1422499620003035
2026-05-22,consumer,9770.0,-0.0234882558720639,0.0113871635610764,0.1958384332925336,-0.0659093629594929,-0.0766257954022064,-0.0456896012114713,0.0264017221121062,0.0177548014457877,-0.0318724921601922
2026-05-22,financial,15365.0,-0.0414847161572052,-0.0967078189300411,0.1989855637924307,0.0094807792527346,-0.0688219564138283,-0.0157632206484121,0.1350884014520404,0.1346791186303485,0.1021169044627314
2026-05-22,k_beauty,16230.0,-0.0404966006503103,-0.0103658536585365,0.1150807282720713,-0.0802868535806003,-0.0553131568203469,-0.0222337116739474,0.0656082412271245,0.0100778264547695,-0.0432099443726681
2026-05-22,k_food,11900.0,-0.0418679549114331,-0.0611439842209072,0.0067681895093063,-0.0591946875847004,-0.0759587990357221,-0.0461780103198994,-0.0450588352239542,-0.040102327579424,-0.0694128349368812
2026-05-22,k_food,11900.0,-0.041867954911433136,-0.06114398422090728,0.006768189509306355,-0.05919468758470048,-0.07595879903572211,-0.04617801031989943,-0.04505883522395426,-0.040102327579424,-0.06941283493688122
2026-05-22,media_platform,11300.0,-0.0606816292601828,-0.1942959001782531,-0.1567164179104477,-0.0516571342021682,-0.0512264092826753,-0.0165225327501196,0.0117345622818714,-0.0452831036533264,-0.0385099507059387
2026-05-22,semiconductor,155500.0,0.3443997752128993,0.6978762897854451,1.771836007130125,-0.0370215590042306,0.0507610137326055,0.2280696601379714,0.0954620893974111,0.1724457376797659,0.130932526628964
2026-05-22,shipbuilding,38470.0,0.0139694254085398,0.032059020791415,0.0736812726765281,-0.0780434476166209,-0.0214267257510629,0.00755730809498,0.0547380747283066,0.06128419343124,-0.0378787519301522
2026-05-22,steel_materials,16540.0,-0.0125373134328358,0.0643500643500643,0.4016949152542373,-0.0756623134328359,-0.04668847255392,-0.1266069715382156,0.0608060447508306,0.0587678359029202,-0.137549235527411
2026-05-29,KOSPI200,134815.0,0.3449221867517957,0.4832764880624931,1.3818904593639574,0.0722230534459764,0.0216104138830879,0.1990909548514818,0.0955539986539246,0.0559872296704939,0.1112060986543159
2026-05-29,auto,41120.0,0.2569157878648938,0.1359116022099447,0.8879706152433424,0.1189486727677338,-0.0029066476030694,0.1814025811702646,0.2400606756991081,0.0962792473312461,0.3186142242101972
2026-05-29,battery,20285.0,-0.0273315751618317,0.0710137275607181,0.3163530175210902,0.0428480089591513,-0.0287626838423002,0.090878087592719,0.21644663800808,0.016622195077262,0.1218381640993544
2026-05-29,bio_health,19860.0,-0.1045987376014427,-0.1943204868154158,-0.1076162660076387,-0.0263338764584545,-0.0041611805036594,-0.0113066350445424,-0.0061486406082063,0.0419249187427639,0.0621652894073779
2026-05-29,biosimilar_cdmo,11055.0,-0.1728395061728395,-0.2362694300518134,-0.0547242411286874,-0.0683446924963123,-0.0272433017857801,-0.0534388940849857,-0.0491302526515609,0.0384567870929446,0.0358501583778916
2026-05-29,construction,8010.0,-0.1541710665258712,0.1736263736263736,1.088657105606258,-0.0601861041198561,-0.211431097637994,-0.0909294577012356,-0.0073910730639554,-0.1237293421888292,-0.0796663478061145
2026-05-29,consumer,9440.0,-0.1026615969581749,-0.0445344129554655,0.126491646778043,-0.0791733410861109,-0.055921576516542,-0.0693467865144905,-0.013263978126618,0.0207042188856644,-0.0236571853030191
2026-05-29,financial,14515.0,-0.0781200381073357,-0.1406157489638839,0.1719822365765038,-0.0366353219501304,-0.0439079300338428,-0.0270033272159269,-0.046116101202865,0.0249140263799855,-0.0112401065675147
2026-05-29,k_beauty,15585.0,-0.1471956224350205,-0.0346856611954164,0.0300727032385987,-0.1066990217847101,-0.0243198075368799,-0.0850080250334726,-0.0264121682041097,0.030993349283467,-0.0627743133595251
2026-05-29,k_food,11190.0,-0.0968523002421307,-0.1305361305361305,-0.0869033047735617,-0.0549843453306976,-0.0693921463152232,-0.0936714942828681,0.0042103422540028,0.0065666527204988,-0.0474934839629687
2026-05-29,k_food,11190.0,-0.09685230024213076,-0.13053613053613056,-0.08690330477356178,-0.054984345330697626,-0.06939214631522328,-0.09367149428286814,0.004210342254002852,0.006566652720498833,-0.04749348396296871
2026-05-29,media_platform,11490.0,-0.0605069501226491,-0.1766391974202794,-0.1168332052267486,0.0001746791375336,0.0176567027579737,0.0398832126836991,0.0518318133397018,0.068883112040649,0.0564057454338187
2026-05-29,semiconductor,160980.0,0.2841416719846841,0.6731278906615392,1.858563437805203,-0.0602581032282152,-0.0247483991239059,0.086727430675078,-0.0232365442239845,-0.0755094128565114,-0.1413422294628934
2026-05-29,shipbuilding,37700.0,-0.1092734790313053,-0.0203975574899311,0.0619718309859154,-0.1232429044398452,-0.0524565782813462,-0.0117094416906127,-0.0451994568232242,-0.0310298525302832,-0.0192667497855927
2026-05-29,steel_materials,15415.0,-0.1081862886896153,-0.0875998816217815,0.316396242527754,-0.0956489752567795,-0.1519499459718458,-0.0852986727264832,-0.0199866618239435,-0.1052614734179258,0.0413082988117323
2026-06-05,KOSPI200,131030.0,0.2444085664086615,0.7263504611330698,1.336483594864479,-0.1005136203431342,0.2430739730705766,-0.045406864499478,-0.1727366737891107,0.2214635591874887,-0.2444978193509599
2026-06-05,auto,38835.0,0.1868887530562346,0.286779324055666,0.7564450474898237,-0.0700270348086591,0.1508677218457212,-0.1315255677535187,-0.1889757075763929,0.1537743694487907,-0.3129281489237834
2026-06-05,battery,17925.0,-0.194743935309973,0.1922181576321915,0.1643390711269892,-0.1674123601481413,0.1212044300714734,-0.152013946394101,-0.2102603691072926,0.1499671139137737,-0.2428920339868201
2026-06-05,bio_health,18435.0,-0.1277501774308019,-0.113701923076923,-0.1500691562932227,-0.0231514398293591,0.0806185637384927,-0.0424528902855839,0.0031824366290953,0.0847797442421521,-0.0311462552410415
2026-06-05,biosimilar_cdmo,10200.0,-0.2009400705052879,-0.1489361702127659,-0.1099476439790575,-0.0281005643324484,0.0873332598390475,-0.05522340285037,0.0402441281638639,0.1145765616248276,-0.0017845087653843
2026-06-05,construction,7250.0,-0.2123845736013037,0.2992831541218639,0.8613607188703467,-0.0582135070754324,0.1256567804954902,-0.2272963867359112,0.0019725970444236,0.3370878781334843,-0.1363669290346756
2026-06-05,consumer,9130.0,-0.1070904645476772,0.0966966966966966,0.0966966966966966,-0.0044288675895023,0.1412311096521622,-0.0297949500813463,0.0747444734966086,0.1971526861687043,0.0395518364331441
2026-06-05,financial,15955.0,0.0162420382165604,0.1283592644978783,0.2677791021056814,0.0943620763238961,0.2689750134617623,0.0957968655291776,0.1309973982740265,0.3128829434956052,0.1228001927451045
2026-06-05,k_beauty,15160.0,-0.1347031963470319,0.1221317542561066,0.0319945541184478,0.0124924260879885,0.1568174154515231,0.001921850879849,0.1191914478726986,0.181137222988403,0.0869298759133216
2026-06-05,k_food,11040.0,-0.1017087062652563,-0.0125223613595706,-0.0757639179573043,-0.0048564060231255,0.1180137691765599,0.0111393868162574,0.050127939307572,0.1874059154917832,0.1048108810991256
2026-06-05,k_food,11040.0,-0.1017087062652563,-0.012522361359570633,-0.0757639179573043,-0.004856406023125537,0.11801376917655992,0.01113938681625748,0.05012793930757209,0.1874059154917832,0.10481088109912562
2026-06-05,media_platform,11405.0,-0.064397046759639,-0.0218696397941681,-0.1343453510436433,-0.0038900966369899,0.1547695576261113,-0.0175121458168946,-0.0040647757745235,0.1371128548681376,-0.0573953585005937
2026-06-05,semiconductor,157180.0,0.2048137360110378,0.8513545347467608,1.8700812562768192,-0.0793279359736462,0.1782266440852216,0.0115178184716162,-0.019069832745431,0.2029750432091275,-0.0752096122034617
2026-06-05,shipbuilding,35550.0,-0.1481969569905354,0.1294678316123907,0.0558360558360557,-0.0389234779592301,0.1498653891023218,-0.0061357751498596,0.084319426480615,0.202321967383668,0.005573666540753
2026-06-05,steel_materials,14040.0,-0.2096819589079651,0.0007127583749109,0.2046332046332046,-0.1014956702183498,0.0883126399966924,-0.1117630378945493,-0.0058466949615703,0.2402625859685383,-0.026464365168066
2026-06-12,KOSPI200,129270.0,0.0853904282115869,0.5421413659409484,1.256217820054106,-0.1590181381970745,-0.1842090951921213,-0.0802657748103734,-0.0585045178539402,-0.427283068262698,-0.0348589103108953
2026-06-12,auto,36845.0,0.0100054824561404,0.1532081377151799,0.5536580223487244,-0.1768832706000942,-0.133571186340486,-0.2027870251410992,-0.1068562357914351,-0.2844389081862073,-0.0712614573875805
2026-06-12,battery,17200.0,-0.1615890811601267,0.0232004759071982,0.1139896373056994,0.0331548541498463,-0.1690176817249933,-0.0503494338212897,0.2005672142979876,-0.2902221117964667,0.1016645125728112
2026-06-12,bio_health,17760.0,-0.1368165249088699,-0.2289993488170175,-0.1998197792295561,-0.009066347478068,-0.1152974257400945,-0.0497506229363334,0.0140850923512911,-0.1959159894785872,-0.0072977326507495
2026-06-12,biosimilar_cdmo,9885.0,-0.2101478226128645,-0.2742290748898678,-0.1759066277615673,-0.0092077521075766,-0.1252929046771018,-0.0659589837825097,0.0188928122248718,-0.2126261645161493,-0.0107355809321396
2026-06-12,construction,7425.0,-0.1619638826185101,0.1574434918160561,0.8609022556390977,0.0504206909827935,-0.1418396623058078,-0.0004584632312489,0.108634198058226,-0.267496442801298,0.2268379235046622
2026-06-12,consumer,9340.0,-0.0669330669330668,0.0453273642977056,0.1178934769599042,0.0401573976146103,-0.051369332398991,0.0211967802632075,0.0445862652041126,-0.1926004420511532,0.0509917303445539
2026-06-12,financial,15340.0,0.0022868343678537,0.0098749177090191,0.1741293532338308,-0.0139552038487067,-0.1184843467888592,-0.0936497488718506,-0.1083172801726028,-0.3874593602506215,-0.1894466144010282
2026-06-12,k_beauty,15385.0,-0.1021301429822001,0.035329744279946,0.0537671232876713,0.0325730533648318,-0.0868020099761606,0.0217725691692234,0.0200806272768433,-0.2436194254276837,0.0198507182893743
2026-06-12,k_food,11110.0,-0.0492083868207102,-0.0430663221360896,-0.0671704450041981,0.052500319444546,-0.0305439607765189,0.0085934729531061,0.0573567254676715,-0.1485577299530789,-0.0025459138631512
2026-06-12,k_food,11110.0,-0.04920838682071027,-0.04306632213608963,-0.06717044500419811,0.05250031944454603,-0.030543960776518997,0.008593472953106196,0.057356725467671565,-0.14855772995307892,-0.0025459138631512834
2026-06-12,media_platform,11410.0,0.0013163668275559,-0.0904742925468313,-0.1283422459893047,0.065713413587195,-0.0686046527526632,0.0060031050543385,0.0696035102241849,-0.2233742103787745,0.0235152508712331
2026-06-12,semiconductor,168740.0,0.1401736545153553,0.7148373983739837,1.9330783938814533,-0.0646400814956824,-0.136517136372777,0.0629971376046341,0.0146878544779638,-0.3147437804579986,0.0514793191330178
2026-06-12,shipbuilding,35495.0,-0.1259541984732824,-0.0427454153182308,0.085474006116208,0.0222427585172529,-0.1722132469306215,0.0296379502801522,0.0611662364764831,-0.3220786360329434,0.0357737254300118
2026-06-12,steel_materials,13800.0,-0.1908531222515391,-0.094488188976378,0.1395540875309662,0.0188288366564259,-0.0952009473512889,-0.0650791171022384,0.1203245068747758,-0.1835135873479814,0.0466839207923108
2026-06-19,KOSPI200,146910.0,0.2851331846214406,0.6438402148371938,1.5035787321063396,0.1997427564098537,0.1016988488962453,0.2473609120522337,0.3587608946069283,0.2859079440883667,0.3276266868626072
2026-06-19,auto,35925.0,0.0449389179755672,0.0869894099848713,0.4344180475144739,0.0349334355194268,-0.0662187277303085,-0.1192399748342505,0.211816706119521,0.0673524586101774,0.0835470503068487
2026-06-19,battery,16935.0,-0.0821138211382114,0.0131618306909961,0.043438077634011,0.0794752600219153,-0.010038645216202,-0.0705515596716883,0.0463204058720689,0.1589790365087913,-0.0202021258503986
2026-06-19,bio_health,17875.0,-0.0569770509100501,-0.2357845233005557,-0.181547619047619,0.0798394739988198,-0.0067851744835382,0.0182721601819371,0.0889058214768878,0.1085122512565562,0.0680227831182705
2026-06-19,biosimilar_cdmo,9840.0,-0.1107094441934026,-0.2928494430470715,-0.1793160967472894,0.0994383784194619,-0.0186203681572036,-0.0034094689857221,0.1086461305270385,0.1066725365198981,0.0625495147967876
2026-06-19,construction,7115.0,-0.0947837150127226,0.0028188865398168,0.772104607721046,0.0671801676057874,-0.1546246052762392,-0.0887976479180516,0.0167594766229939,-0.0127849429704314,-0.0883391846868026
2026-06-19,consumer,9000.0,-0.0792838874680307,-0.032258064516129,0.098901098901099,-0.0123508205349638,-0.0775854288138346,-0.0189923780588052,-0.0525082181495741,-0.0262160964148436,-0.0401891583220128
2026-06-19,financial,15315.0,0.0316604917480634,-0.0071312803889789,0.2198327359617682,0.0293736573802096,-0.017006198097998,0.0457033827279373,0.0433288612289164,0.1014781486908611,0.139353131599788
2026-06-19,k_beauty,14920.0,-0.0818461538461537,-0.0478621569878748,0.0357514751822283,0.0202839891360463,-0.0831919012678209,-0.0180156481054429,-0.0122890642287855,0.0036101087083396,-0.0397882172746664
2026-06-19,k_food,10600.0,-0.115929941618015,-0.0877796901893287,-0.0932420872540633,-0.0667215547973048,-0.0447133680532391,-0.0260716422498652,-0.1192218742418508,-0.0141694072767201,-0.0346651152029714
2026-06-19,k_food,10600.0,-0.11592994161801506,-0.08777969018932874,-0.09324208725406335,-0.0667215547973048,-0.04471336805323911,-0.026071642249865246,-0.11922187424185082,-0.014169407276720114,-0.03466511520297144
2026-06-19,media_platform,10885.0,-0.037577365163572,-0.1555469356089992,-0.1532477635161415,-0.038893731991128,-0.0650726430621678,-0.0249055175268367,-0.104607145578323,0.0035320096904953,-0.0309086225811753
2026-06-19,semiconductor,181015.0,0.2895102404274265,0.7223120837297812,2.1198724577731816,0.1493365859120712,0.0074746853557974,0.1867940638917282,0.2139766674077536,0.1439918217285745,0.1237969262870941
2026-06-19,shipbuilding,37470.0,0.0516418748245859,0.0037503348513259,0.0856149500217295,0.1775960732978684,0.0464957501695567,0.0001409439055215,0.1553533147806154,0.2187089971001783,-0.0294970063746307
2026-06-19,steel_materials,12725.0,-0.2088902704382965,-0.1683006535947712,-0.0066354410616705,-0.0180371481867573,-0.0738124646183931,-0.1461895285926367,-0.0368659848431833,0.0213884827328957,-0.0811104114903983
2026-06-26,KOSPI200,137380.0,0.0519142419601836,0.6256064371080345,1.3896329796486344,-0.2332189426612569,-0.0182337777291592,-0.1139457524577052,-0.4329616990711107,-0.1199326266254046,-0.361306664509939
2026-06-26,auto,29600.0,-0.2407336154931384,-0.0558213716108453,0.2017864393016646,-0.2856725334687057,-0.1428107815957167,-0.2326316082128092,-0.3206059689881325,-0.0765920538654081,-0.1133916333785587
2026-06-26,battery,13990.0,-0.2656167979002625,-0.1665177241584748,-0.0871125611745513,-0.183502976762051,-0.179679554849471,-0.1305506388085624,-0.2629782367839663,-0.169640909633269,-0.059999079136874
2026-06-26,bio_health,16850.0,-0.17724609375,-0.277599142550911,-0.2133520074696545,-0.1202690428399498,-0.0418146192503552,-0.0318043884220354,-0.2001085168387697,-0.035029444766817,-0.0500765486039725
2026-06-26,biosimilar_cdmo,9205.0,-0.2009548611111111,-0.3408521303258145,-0.2284157585917854,-0.0902454169177084,-0.048002687278743,-0.0490996618444959,-0.1896837953371704,-0.0293823191215393,-0.0456901928587738
2026-06-26,construction,5910.0,-0.2653822249844624,-0.1734265734265734,0.4414634146341463,-0.1705985099717397,-0.1762454599663903,-0.3306411930868997,-0.2377786775775272,-0.021620854690151,-0.2418435451688481
2026-06-26,consumer,8410.0,-0.1119324181626187,-0.0961848468565287,0.008998200359928,-0.032648530694588,-0.0639267823403997,-0.0899028985411709,-0.0202977101596242,0.0136586464734349,-0.0709105204823656
2026-06-26,financial,13970.0,-0.0649263721552878,-0.0664884731039091,0.1087301587301587,-0.0965868639033512,-0.0593571927149302,-0.1111025772316094,-0.1259605212835609,-0.0423509946169321,-0.1568059599595468
2026-06-26,k_beauty,14570.0,-0.0704944178628389,-0.0621177985194721,-0.0006858710562414,0.0113517359833148,-0.0142556415315973,-0.0364373462384697,-0.0089322531527314,0.0689362597362236,-0.0184216981330267
2026-06-26,k_food,10075.0,-0.1204714098646879,-0.1558441558441559,-0.1454622561492791,-0.0045414682466728,-0.0680644656548271,-0.0522201688952157,0.0621800865506319,-0.023351097601588,-0.0261485266453505
2026-06-26,k_food,10075.0,-0.12047140986468796,-0.1558441558441559,-0.1454622561492791,-0.004541468246672897,-0.06806446565482716,-0.052220168895215746,0.0621800865506319,-0.023351097601588044,-0.0261485266453505
2026-06-26,media_platform,9315.0,-0.1531818181818182,-0.2308009909165979,-0.2627621685793431,-0.1156044530182461,-0.0752540553075986,-0.1095144050632015,-0.0767107210271181,-0.0101814122454307,-0.0846088875363647
2026-06-26,semiconductor,171695.0,0.0496729229076235,0.688415773429049,2.054799395071613,-0.2398373175198029,-0.0338963103007321,-0.0650730627015687,-0.3891739034318742,-0.0413709956565295,-0.251867126593297
2026-06-26,shipbuilding,30770.0,-0.2423048510219158,-0.1005553931598948,-0.0466305189775367,-0.2939467258465017,-0.1043057280112207,-0.1322454689992663,-0.4715427991443701,-0.1508014781807775,-0.1323864129047879
2026-06-26,steel_materials,10895.0,-0.3147798742138364,-0.2734244748249417,-0.1383946223803874,-0.1058896037755399,-0.1051238212301705,-0.1317591813187169,-0.0878524555887825,-0.0313113566117773,0.0144303472739198
2026-07-03,KOSPI200,131010.0,-0.0556476609240971,0.5943775100401607,1.2352840812148096,-0.1075619028842808,-0.0312289270678738,-0.1543488984338248,0.1256570397769761,-0.0129951493387145,-0.0404031459761196
2026-07-03,auto,31110.0,-0.2232209737827715,0.0069590548632465,0.2659206510681586,0.0175126417103669,0.0627804264740918,0.064134211766494,0.3031851751790726,0.2055912080698085,0.2967658199793033
2026-07-03,battery,14395.0,-0.2355284121083377,-0.1659907300115874,-0.0140410958904109,0.0300883857919247,0.0005269941468873,0.0730714652841404,0.2135913625539758,0.1802065489963584,0.2036221040927028
2026-07-03,bio_health,17920.0,-0.0644740276690158,-0.209702315325248,-0.1531190926275992,0.1127720660809841,0.0678968272256629,0.0602329148420552,0.233041108920934,0.1097114464760181,0.0920373032640907
2026-07-03,biosimilar_cdmo,9760.0,-0.074442863916548,-0.2770370370370371,-0.169715014887282,0.126511997194563,0.0638150932887774,0.0587007437045034,0.2167574141122715,0.1118177805675204,0.1078004055489993
2026-07-03,construction,6570.0,-0.1245836109260493,-0.1187122736418511,0.5965978128797085,0.1407986140584131,0.0547142997847223,0.1551343982455622,0.3113971240301528,0.2309597597511126,0.4857755913324619
2026-07-03,consumer,9150.0,-0.013477088948787,-0.0438871473354232,0.1178985949908368,0.0984553292138317,0.0522976995211055,0.1089003946309088,0.1311038599084197,0.1162244818615052,0.1988032931720798
2026-07-03,financial,15900.0,0.0354933246499511,0.0592938041305797,0.2383177570093457,0.1004196968052389,0.1257822772344888,0.1295875982791869,0.1970065607085902,0.1851394699494191,0.2406901755107964
2026-07-03,k_beauty,16400.0,0.057041572671608,0.0353535353535352,0.16435924742634,0.1275359905344469,0.0974713338730074,0.1650451184825814,0.1161842545511321,0.1117269754046047,0.2014824647210511
2026-07-03,k_food,10675.0,-0.0339366515837104,-0.1174038859032657,-0.1063206362494767,0.0865347582809775,0.0384402699408901,0.0391416198998023,0.0910762265276504,0.1065047355957172,0.0913617887950181
2026-07-03,k_food,10675.0,-0.0339366515837104,-0.11740388590326578,-0.10632063624947674,0.08653475828097756,0.038440269940890115,0.03914161989980236,0.09107622652765046,0.10650473559571727,0.0913617887950181
2026-07-03,media_platform,10185.0,-0.1375952582557155,-0.1634496919917865,-0.2183422870299309,0.0155865599261026,0.0673512989248114,0.0444198815494121,0.1311910129443488,0.14260535423241,0.1539342866126136
2026-07-03,semiconductor,157225.0,-0.065805109922757,0.6390409173833724,1.7201557093425603,-0.1154780328303806,-0.0493748560456765,-0.3346436857290524,0.1243592846894223,-0.0154785457449444,-0.2695706230274837
2026-07-03,shipbuilding,32300.0,-0.1067477876106194,-0.0223970944309926,-0.0265220012055454,0.1355570634112963,0.0781582987289021,0.0201085177719912,0.4295037892577981,0.1824640267401228,0.1523539867712576
2026-07-03,steel_materials,11465.0,-0.2139184093246485,-0.2266441821247892,-0.0893566322478157,0.1008614648891879,0.0467802927001524,0.0490379901325717,0.2067510686647278,0.151904113930323,0.1807971714512886
2026-07-10,KOSPI200,120605.0,-0.026201049656843,0.3551123595505618,0.8543204182041821,0.0294466112672541,-0.2392651504895988,-0.3809636630106274,0.1370085141515349,-0.208036223421725,-0.2266147645768026
2026-07-10,auto,30770.0,-0.1229870314949408,-0.0228644013972689,0.2317854283426741,0.1002339422878306,-0.0298234562605155,-0.0341352227254845,0.0827213005774637,-0.0926038827346074,-0.0982694344919785
2026-07-10,battery,13615.0,-0.1685496183206106,-0.2417153996101364,-0.0169675090252707,0.066978793787727,-0.0757246695985489,-0.0029264131348598,0.0368904079958023,-0.0762516637454363,-0.0759978784190003
2026-07-10,bio_health,16520.0,-0.0765790944661822,-0.2262295081967212,-0.2748024582967515,-0.0121050667971663,-0.0165271928714731,-0.1216833656691522,-0.1248771328781505,-0.0844240200971361,-0.1819162805112075
2026-07-10,biosimilar_cdmo,9325.0,-0.0532994923857867,-0.2680533751962323,-0.2353423534235342,0.0211433715307612,0.0089836618408047,-0.0656273385362522,-0.1053686256638017,-0.0548314314479726,-0.1243280822407556
2026-07-10,construction,6300.0,-0.1025641025641025,-0.2937219730941703,0.4946619217081851,0.0220195083619467,-0.1750096994523192,-0.1019358911715233,-0.1187791056964663,-0.2297239992370415,-0.2570702894170855
2026-07-10,consumer,9100.0,-0.0246516613076098,-0.0114068441064638,0.1186232329440688,-0.0111745723588227,0.0324803032289593,0.0007246379532319,-0.1096299015726545,-0.0198173962921461,-0.1081757566776768
2026-07-10,financial,16360.0,0.10840108401084,0.0575307045895281,0.2796245600312868,0.0729077593608888,-0.0017630995410515,0.041306803021941,-0.0275119374443501,-0.1275453767755404,-0.0882807952572459
2026-07-10,k_beauty,16040.0,0.0249201277955271,0.0449511400651465,0.1062068965517242,-0.0321214448760809,0.0095976047116113,-0.0581523508746157,-0.1596574354105279,-0.0878737291613961,-0.2231974693571972
2026-07-10,k_food,10775.0,-0.0186703096539162,-0.0887949260042283,-0.0683095546908776,0.0152663419297941,0.0286089598990374,0.0380110815585991,-0.0712684163511834,-0.0098313100418526,-0.0011305383412032
2026-07-10,k_food,10775.0,-0.01867030965391625,-0.08879492600422834,-0.06830955469087763,0.015266341929794147,0.028608959899037445,0.038011081558599114,-0.07126841635118342,-0.00983131004185267,-0.0011305383412032466
2026-07-10,media_platform,10140.0,-0.0637119113573406,-0.1174934725848564,-0.2410179640718562,0.0738833468983748,0.04595621940693,-0.0226756770419253,0.0582967869722721,-0.0213950795178813,-0.0670955585913374
2026-07-10,semiconductor,146380.0,-0.0735443037974683,0.4027791087685672,1.1338192419825073,-0.0077391938747113,-0.2362618086148051,-0.5863364673600531,0.1077388389556692,-0.1868869525691285,-0.2516927816310006
2026-07-10,shipbuilding,28350.0,-0.1622340425531915,-0.1752727272727272,-0.1276923076923076,-0.055486254942572,-0.1528756328417345,-0.1011703064867621,-0.1910433183538684,-0.2310339315706366,-0.1212788242587534
2026-07-10,steel_materials,10990.0,-0.1689981096408317,-0.2968650031989763,-0.1225548902195609,0.0449202996838168,-0.0702208210741871,-0.0331982579717451,-0.055941165205371,-0.1170011137743396,-0.0822362481043168
2026-07-16,KOSPI200,109000.0,-0.2326915631269578,0.2053522061262855,0.6225066984221495,-0.2064905134701148,-0.1497601534242763,-0.2318137197820327,-0.2359371247373689,0.0895049970653225,0.1491499432285947
2026-07-16,auto,29770.0,-0.2052856380138814,-0.0346952010376134,0.0999445778680954,-0.0822986065189406,-0.0118307996403445,-0.1318408504745787,-0.1825325488067712,0.017992656620171,-0.0977056277490941
2026-07-16,battery,13450.0,-0.2464985994397759,-0.2398982763492512,-0.0077462191073404,-0.0779489811191652,0.0018171232608852,0.0092212899179303,-0.1449277749068923,0.0775417928594341,0.0121477030527902
2026-07-16,bio_health,16040.0,-0.1553449183780937,-0.248711943793911,-0.3158455960759223,-0.0787658239119114,-0.0224824355971897,-0.0410431377791707,-0.066660757114745,-0.0059552427257165,0.0806402278899814
2026-07-16,biosimilar_cdmo,8885.0,-0.1582188536238749,-0.3080218068535826,-0.2840451248992748,-0.1049193612380881,-0.0399684316573503,-0.0487027714757405,-0.1260627327688493,-0.0489520934981551,0.0169245670605117
2026-07-16,construction,5780.0,-0.2674271229404309,-0.3386727688787185,0.3680473372781065,-0.1648630203763283,-0.0449507957845481,-0.1266145844300785,-0.1868825287382751,0.130058903667771,-0.0246786932585552
2026-07-16,consumer,9125.0,-0.0251068376068376,-0.0558717020175892,0.1420525657071338,-0.0004551762992277,-0.0444648579111254,0.023429332763065,0.010719396059595,-0.0769451611400847,0.022704694809833
2026-07-16,financial,16515.0,0.041955835962145,0.0455840455840454,0.3175109692859992,-0.066445248048695,-0.0119466590054826,0.0378864092547124,-0.1393530074095839,-0.010183559464431,-0.0034203937672285
2026-07-16,k_beauty,16240.0,0.0396927016645327,0.0018507094386182,0.1092896174863387,0.0147725738690056,-0.0431004306265283,0.0030827209346144,0.0468940187450865,-0.0526980353381396,0.0612350718092302
2026-07-16,k_food,10330.0,-0.0638876302673312,-0.1476897689768976,-0.0858407079646017,-0.0452173206134149,-0.0588948429726693,-0.0175311532737241,-0.0604836625432091,-0.0875038028717067,-0.0555422348323232
2026-07-16,k_food,10330.0,-0.06388763026733124,-0.14768976897689767,-0.08584070796460175,-0.04521732061341499,-0.05889484297266934,-0.01753115327372412,-0.06048366254320914,-0.08750380287170678,-0.055542234832323234
2026-07-16,media_platform,9780.0,-0.1428571428571429,-0.1594327460249247,-0.2502874664622461,-0.0791452314998022,-0.0419392734400683,-0.0092695023903898,-0.153028578398177,-0.0878954928469983,0.0134061746515354
2026-07-16,semiconductor,132230.0,-0.2485010371970105,0.2521187443776336,0.9079431498448884,-0.1749567333995422,-0.1506603643909336,-0.2258760921376188,-0.1672175395248308,0.0856014442238715,0.3604603752224342
2026-07-16,shipbuilding,28500.0,-0.2768332910428825,-0.1661790520772381,-0.2417187707862179,-0.114599248489691,0.009093675195489,-0.1140264630939102,-0.0591129935471189,0.1619693080372236,-0.0128561566071481
2026-07-16,steel_materials,10795.0,-0.2217015140591204,-0.3253125,-0.1151639344262295,-0.0527034044182886,-0.0284474968010236,0.0073909557933313,-0.0976237041021055,0.0417733242731634,0.0405892137650765
2026-07-24,KOSPI200,106365.0,-0.2300481378261971,0.0974515063970284,0.5032859868560526,0.0026434253007606,-0.107900699729257,-0.1192207115660968,0.2091339387708755,0.0418594536950192,0.1125930082159358
2026-07-24,auto,28360.0,-0.0807131280388978,-0.1521674140508221,-0.0439912354626664,0.1245725099749835,-0.1174722130132086,-0.1439358133307618,0.2068711164939242,-0.1056414133728641,-0.0120949628561831
2026-07-24,battery,13275.0,-0.1418875242404654,-0.3726370510396976,-0.0768428372739916,0.1046110751993104,-0.1327387746904463,-0.0690966181666512,0.1825600563184757,-0.1345558979513316,-0.0783179080845816
2026-07-24,bio_health,15990.0,-0.1153526970954357,-0.2660087215974294,-0.2992988606485539,0.039992221282658,-0.0172967778035183,0.0165467354273683,0.1187580451945694,0.0051856577936714,0.0575898732065391
2026-07-24,biosimilar_cdmo,8865.0,-0.0981688708036622,-0.3188628505570495,-0.2706705059646236,0.0600499828202126,-0.0108410437034669,0.0133746189346511,0.1649693440583007,0.0291273879538833,0.0620773904103917
2026-07-24,construction,6250.0,-0.0287490287490287,-0.3286788399570354,0.2873326467559216,0.2386780941914021,0.0099939289216831,-0.0807146905221849,0.4035411145677305,0.0549447247062313,0.0458998939078936
2026-07-24,consumer,9050.0,0.0462427745664739,-0.0954522738630684,0.1159062885326758,0.0713496121733116,-0.0395805718454791,-0.026146277174458,0.0718047884725393,0.0048842860656462,-0.049575609937523
2026-07-24,financial,15875.0,0.090315934065934,-0.0096693699313786,0.2431480031323414,0.048360098103789,-0.0552534155154241,-0.0743629661536577,0.114805346152484,-0.0433067565099415,-0.1122493754083702
2026-07-24,k_beauty,15925.0,0.084070796460177,-0.0585279337865799,0.1036036036036036,0.0443780947956442,-0.0603786432251981,-0.005686013882735,0.0296055209266385,-0.0172782125986697,-0.0087687348173495
2026-07-24,k_food,10780.0,0.0594594594594595,-0.1320450885668277,-0.0650477016478751,0.1233470897267907,0.0156446804100699,0.0207930063167266,0.1685644103402057,0.0745395233827392,0.0383241595904507
2026-07-24,k_food,10780.0,0.05945945945945952,-0.13204508856682773,-0.0650477016478751,0.12334708972679076,0.015644680410069944,0.020793006316726648,0.16856441034020575,0.07453952338273928,0.03832415959045077
2026-07-24,media_platform,10155.0,0.0309644670050761,-0.155860349127182,-0.2206446661550268,0.173821609862219,0.0035723968977426,0.0296428003072192,0.2529668413620213,0.045511670337811,0.038912302697609
2026-07-24,semiconductor,120755.0,-0.2956427904806346,0.0440063977867115,0.6847575863271713,-0.047141753283624,-0.208112346590922,-0.2231855635177171,0.1278149801159182,-0.0574519821999883,0.0026905286199017
2026-07-24,shipbuilding,29240.0,-0.1096224116930572,-0.2293094359515023,-0.2486187845303867,0.1672108793498253,-0.0631303838742641,-0.0069000137441688,0.2818101278395164,-0.0722240590697532,0.1071264493497414
2026-07-24,steel_materials,11055.0,-0.0591489361702127,-0.3399999999999999,-0.2109207708779443,0.1625525778889076,-0.0146874999999999,-0.0957568364517148,0.2152559823071963,0.0137599968010236,-0.1031477922450462
2026-07-31,KOSPI200,108820.0,-0.1910797249581862,0.080635551142006,0.4901745977404999,0.0389684128680108,-0.0168159552550224,-0.0131113891155527,0.0363249875672502,0.0910847444742346,0.106109322450544
2026-07-31,auto,27950.0,-0.0846569510397904,-0.1717291450585272,-0.1376118481950015,-0.0039438230008925,-0.019561731007705,-0.093620612732335,-0.1285163329758761,0.0979104820055035,0.0503152005984268
2026-07-31,battery,12785.0,-0.125213821416353,-0.4074159907300115,-0.2166053921568627,0.0166737028241124,-0.0347789396903139,-0.139762554882871,-0.087937372375198,0.0979598350001323,-0.0706659367162197
2026-07-31,bio_health,15775.0,-0.1253118935403382,-0.2780320366132723,-0.3005985369097761,-0.0099591964449025,-0.0120233150158429,-0.0012996762612221,-0.0499514177275605,0.0052734627876753,-0.0178464116885905
2026-07-31,biosimilar_cdmo,8390.0,-0.1572074334505273,-0.3724756918474196,-0.3312076524511758,-0.0590385626468651,-0.05361284129037,-0.0605371464865521,-0.1190885454670778,-0.042771797586903,-0.0739117654212033
2026-07-31,construction,5575.0,-0.1931982633863965,-0.4249613202681794,0.0867446393762183,-0.1644492346373678,-0.096282480311144,-0.2005880073797032,-0.40312732882877,-0.1062764092328272,-0.1198733168575183
2026-07-31,consumer,9000.0,-0.0033222591362126,-0.1354466858789625,0.0495626822157433,-0.0495650337026866,-0.0399944120158941,-0.0663436063169324,-0.1209146458759982,-0.000413840170415,-0.0401973291424744
2026-07-31,financial,15660.0,0.0663942798774259,-0.0144745122718691,0.1677852348993289,-0.0239216541885081,-0.0048051423404904,-0.0753627682330124,-0.0722817522922971,0.0504482731749337,-0.0009998020793546
2026-07-31,k_beauty,15920.0,-0.0322188449848024,-0.126953660542912,0.0053678560151562,-0.1162896414449794,-0.068425726756332,-0.0982357475884474,-0.1606677362406237,-0.0080470835311339,-0.0925497337057124
2026-07-31,k_food,10840.0,0.0260293421675343,-0.1243941841680129,-0.0879259570887673,-0.0334301172919251,0.0076509043988147,-0.0228782554408922,-0.1567772070187159,-0.0079937760112551,-0.0436712617576189
2026-07-31,k_food,10840.0,0.026029342167534386,-0.12439418416801296,-0.08792595708876738,-0.03343011729192513,0.007650904398814773,-0.02287825544089228,-0.1567772070187159,-0.007993776011255171,-0.04367126175761893
2026-07-31,media_platform,9965.0,-0.0273304050756466,-0.1963709677419355,-0.274217042971595,-0.0582948720807228,-0.0405106186147534,-0.0535723768165681,-0.2321164819429418,-0.0440830155124961,-0.0832151771237873
2026-07-31,semiconductor,120830.0,-0.2873278480639358,-0.0379777070063693,0.6735457063711912,0.0083149424166987,-0.0819841047930809,-0.0112118799559801,0.0554566957003227,0.1261282417978411,0.2119736835617369
2026-07-31,shipbuilding,28170.0,-0.14010989010989,-0.3278453829634932,-0.2723750484308407,-0.0304874784168328,-0.0985359470119908,-0.0237562639004539,-0.1976983577666582,-0.0354055631377266,-0.0168562501562851
2026-07-31,steel_materials,10700.0,-0.073993942016443,-0.4063800277392511,-0.280672268907563,-0.0148450058462302,-0.0663800277392511,-0.0697514980296186,-0.1773975837351379,-0.0516925277392511,0.0260053384220961
2026-08-07,KOSPI200,98090.0,-0.160655457151414,-0.1516173672375022,0.2688700601513485,0.0304242678067722,-0.2322529183795082,-0.2213045375891513,-0.0085441450612386,-0.2154369631244858,-0.2081931484735986
2026-08-07,auto,29200.0,-0.0533311719889771,-0.1319857312722948,-0.0758031334071847,0.0313257790508132,0.0397434137862323,0.0618087147878168,0.0352696020517058,0.0593051447939374,0.1554293275201518
2026-08-07,battery,14000.0,0.0878010878010877,-0.3832599118942731,-0.1940126655152562,0.2130149092174408,0.0241560788357384,0.0225927266416064,0.1963412063933284,0.0589350185260524,0.1623552815244775
2026-08-07,bio_health,17970.0,0.0683709869203328,-0.1335583413693346,-0.25,0.193682880460671,0.1444736952439377,0.0505985369097761,0.2036420769055735,0.1564970102597807,0.0518982131709983
2026-08-07,biosimilar_cdmo,9490.0,0.0259459459459459,-0.2456279809220986,-0.3027185892725936,0.1831533793964732,0.126847710925321,0.0284890631785821,0.2421919420433383,0.180460552215691,0.0890262096651343
2026-08-07,construction,6500.0,0.0942760942760942,-0.3319630010277492,0.25,0.2874743576624908,0.0929983192404302,0.1632553606237816,0.4519235922998587,0.1892807995515742,0.3638433680034849
2026-08-07,consumer,9945.0,0.0659163987138262,0.0,0.1281905842314237,0.0692386578500389,0.1354466858789625,0.0786279020156803,0.1188036915527255,0.1754410978948567,0.1449715083326128
2026-08-07,financial,16600.0,0.0573248407643312,0.0486418193303852,0.2309974045235447,-0.0090694391130947,0.0631163316022543,0.0632121696242158,0.0148522150754133,0.0679214739427448,0.1385749378572283
2026-08-07,k_beauty,18150.0,0.1104313245640868,0.0676470588235294,0.1176108374384237,0.1426501695488893,0.1946007193664414,0.1122429814232675,0.2589398109938687,0.2630264461227735,0.2104787290117149
2026-08-07,k_food,11595.0,0.0711316397228638,-0.0272651006711409,-0.0169563374311149,0.0451022975553294,0.0971290834968719,0.0709696196576524,0.0785324148472546,0.0894781790980572,0.0938478750985447
2026-08-07,k_food,11595.0,0.07113163972286385,-0.027265100671140963,-0.01695633743111491,0.04510229755532946,0.09712908349687199,0.07096961965765247,0.0785324148472546,0.08947817909805722,0.09384787509854475
2026-08-07,media_platform,10370.0,0.005819592628516,-0.1136752136752137,-0.2730459165790396,0.0331499977041627,0.0826957540667218,0.0011711263925553,0.0914448697848855,0.1232063726814752,0.0547435032091234
2026-08-07,semiconductor,107750.0,-0.2040921849608509,-0.2417311752287121,0.2216553287981859,0.0832356631030849,-0.2037534682223427,-0.4518903775730052,0.0749207206863862,-0.1217693634292618,-0.440678497617025
2026-08-07,shipbuilding,29500.0,0.0554561717352415,-0.2964464583830193,-0.2082662372517445,0.1955660618451316,0.0313989245804738,0.0641088111790961,0.2260535402619644,0.1299348715924647,0.0878650750795501
2026-08-07,steel_materials,11985.0,0.119047619047619,-0.3278182837913629,-0.2356505102040816,0.1930415610640621,0.0785617439478881,0.0450217587034813,0.2078865669102924,0.1449417716871393,0.1147732567331
2026-08-14,KOSPI200,110060.0,-0.0571807941063091,-0.1184974570501782,0.4636611476826917,0.1034746630451048,0.0331199101873239,0.1947910875313432,0.0730503952383326,0.2653728285668322,0.4160956251204946
2026-08-14,auto,31700.0,0.0619765494137354,-0.2026160231417432,0.0367947669664758,0.1153077214027126,-0.0706302918694483,0.1125979003736605,0.0839819423518993,-0.1103737056556807,0.0507891855858437
2026-08-14,battery,14850.0,0.074141048824593,-0.2793011404998786,-0.1032608695652174,-0.0136600389764947,0.1039587713943944,0.0907517959500388,-0.2266749481939355,0.079802692558656,0.0681590693084323
2026-08-14,bio_health,18380.0,0.1286459932453176,-0.1101428225611231,-0.1860053144375554,0.0602750063249848,0.0234155188082114,0.0639946855624445,-0.1334078741356862,-0.1210581764357262,0.0133961486526684
2026-08-14,biosimilar_cdmo,10070.0,0.1011481683980317,-0.1756037658616455,-0.224788298691301,0.0752022224520858,0.070024215060453,0.0779302905812926,-0.1079511569443874,-0.0568234958648679,0.0494412274027105
2026-08-14,construction,6830.0,0.1440536013400335,-0.2465526751241037,0.2440801457194898,0.0497775070639392,0.0854103259036455,-0.0059198542805101,-0.2376968505985516,-0.0075879933367847,-0.1691752149042917
2026-08-14,consumer,9850.0,0.0920177383592018,-0.0510597302504817,0.1123658949745907,0.0261013396453755,-0.0510597302504817,-0.015824689256833,-0.0431373182046633,-0.1865064161294443,-0.0944525912725133
2026-08-14,financial,16170.0,-0.02,0.0493186242699545,0.0826916638767993,-0.0773248407643312,0.0006768049395693,-0.1483057406467454,-0.0682554016512364,-0.062439526662685,-0.2115179102709612
2026-08-14,k_beauty,18650.0,0.1670838548185231,0.0536723163841807,0.2400265957446807,0.0566525302544362,-0.0139747424393485,0.122415758306257,-0.085997639294453,-0.20857546180579,0.0101727768829895
2026-08-14,k_food,11570.0,0.1178743961352657,-0.0646725949878739,-0.0244519392917369,0.0467427564124018,-0.0374074943167329,-0.007495601860622,0.0016404588570724,-0.1345365778136049,-0.0784652215182745
2026-08-14,k_food,11570.0,0.11787439613526574,-0.06467259498787392,-0.024451939291736946,0.04674275641240189,-0.03740749431673296,-0.0074956018606220365,0.0016404588570724243,-0.13453657781360495,-0.07846522151827451
2026-08-14,media_platform,10560.0,0.0819672131147541,-0.1103622577927548,-0.2039200904636261,0.0761476204862381,0.0033129558824588,0.0691258261154135,0.0429976227820754,-0.0793827981842629,0.0679546997228581
2026-08-14,semiconductor,126250.0,-0.1358658453114305,-0.1968829516539439,0.4954986969912343,0.0682263396494203,0.0448482235747681,0.2738433681930483,-0.0150093234536645,0.2486016917971109,0.7257337457660535
2026-08-14,shipbuilding,30150.0,0.0925892371806487,-0.2269230769230769,-0.1424914675767917,0.0371330654454071,0.0695233814599424,0.0657747696749527,-0.1584329963997244,0.0381244568794685,0.0016659584958566
2026-08-14,steel_materials,12365.0,0.1406826568265682,-0.2974431818181818,-0.1653729328383395,0.0216350377789491,0.030375101973181,0.0702775773657421,-0.1714065232851129,-0.0481866419747071,0.0252558186622607
2026-08-21,KOSPI200,109980.0,0.015371832156211,-0.0296453149814717,0.3416285452881975,0.0725526262625202,0.0888521420687065,-0.1220326023944942,-0.0309220367825846,0.0557322318813825,-0.3168236899258374
2026-08-21,auto,28885.0,-0.0318417965476789,-0.1446550192478531,-0.1228363194655329,-0.0938183459614143,0.05796100389389,-0.1596310864320088,-0.2091260673641269,0.1285912957633384,-0.2722289868056694
2026-08-21,battery,13705.0,0.0702850449043341,-0.2289732770745428,-0.2130347401665231,-0.0038560039202588,0.0503278634253357,-0.1097738706013057,0.0098040350562358,-0.0536309079690586,-0.2005256665513445
2026-08-21,bio_health,17545.0,0.1626905235255136,-0.0505952380952381,-0.2643605870020964,0.0340445302801959,0.059547584465885,-0.078355272564541,-0.0262304760447888,0.0361320656576735,-0.1423499581269856
2026-08-21,biosimilar_cdmo,9290.0,0.1020166073546855,-0.1398148148148148,-0.3359542530378842,0.0008684389566537,0.0357889510468306,-0.1111659543465831,-0.074333783495432,-0.0342352640136224,-0.1890962449278758
2026-08-21,construction,6235.0,0.0703862660944205,-0.1892067620286085,0.0649017933390265,-0.0736673352456129,0.0573459130954951,-0.1791783523804633,-0.1234448423095522,-0.0280644128081503,-0.1732584980999532
2026-08-21,consumer,9780.0,0.1063348416289593,0.0300157977883095,0.0145228215767634,0.0143171032697575,0.0810755280387912,-0.0978430733978272,-0.0117842363756179,0.1321352582892729,-0.0820183841409942
2026-08-21,financial,15590.0,-0.0201131363922061,0.0656185919343814,-0.096231884057971,-0.0001131363922061,0.0162999676644268,-0.1789235479347704,0.0772117043721251,0.0156231627248575,-0.0306178072880249
2026-08-21,k_beauty,18775.0,0.2077838533290448,0.1875395319418089,0.1560960591133005,0.0406999985105216,0.1338672155576281,-0.0839305366313802,-0.0159525317439146,0.1478419579969767,-0.2063462949376373
2026-08-21,k_food,11455.0,0.0993282149712091,-0.0242759795570698,-0.105078125,-0.0185461811640565,0.040396615430804,-0.080626185708263,-0.0652889375764584,0.077804109747537,-0.073130583847641
2026-08-21,k_food,11455.0,0.09932821497120914,-0.024275979557069838,-0.10507812500000002,-0.018546181164056597,0.040396615430804084,-0.08062618570826308,-0.06528893757645848,0.07780410974753704,-0.07313058384764104
2026-08-21,media_platform,9945.0,0.021047227926078,-0.0897025171624713,-0.2883720930232558,-0.0609199851886761,0.0206597406302835,-0.0844520025596297,-0.1370676056749142,0.0173467847478246,-0.1535778286750432
2026-08-21,semiconductor,127065.0,0.0010635783502717,-0.0987978297102734,0.4213087248322147,0.1369294236617022,0.0980851219436705,-0.0741899721590195,0.0687030840122818,0.0532368983689024,-0.3480333403520679
2026-08-21,shipbuilding,27145.0,-0.0210962856112513,-0.243661186960156,-0.2326501766784452,-0.1136855227919,-0.0167381100370791,-0.0901587091016534,-0.1508185882373072,-0.0862614914970215,-0.1559334787766062
2026-08-21,steel_materials,11720.0,0.1177873152122079,-0.2230692741133576,-0.2443584784010316,-0.0228953416143602,0.0743739077048242,-0.0789855455626921,-0.0445303793933093,0.0439988057316431,-0.1492631229284342
2026-08-28,KOSPI200,107180.0,0.1961386083365883,-0.1754750365412724,0.203120615142841,0.1807667761803773,-0.1458297215598006,-0.1385079301453564,0.108214149917857,-0.2346818636285071,-0.0164753277508622
2026-08-28,auto,28060.0,0.0817270624518118,-0.2749354005167959,-0.1747058823529411,0.1135688589994907,-0.1302803812689427,-0.0518695628874081,0.2073872049609051,-0.1882413851628327,0.1077615235446006
2026-08-28,battery,15110.0,0.3009040034438226,-0.2456315526709934,-0.174993174993175,0.2306189585394884,-0.0166582755964506,0.0380415651733481,0.2344749624597473,-0.0669861390217864,0.1478154357746538
2026-08-28,bio_health,17875.0,0.1744415243101182,-0.1106965174129352,-0.2848569713942789,0.0117510007846046,-0.0601012793176971,-0.0204963843921824,-0.0222935294955912,-0.1196488637835822,0.0578588881723585
2026-08-28,biosimilar_cdmo,9690.0,0.1853211009174311,-0.1394316163410301,-0.3446060196144741,0.0833044935627456,0.0003831984737846,-0.0086517665765899,0.0824360546060918,-0.035405752573046,0.1025141877699932
2026-08-28,construction,7155.0,0.3772858517805582,-0.0931558935361216,0.099923136049193,0.3068995856861376,0.0960508684924869,0.0350213427101664,0.3805669209317506,0.0387049553969917,0.2141996950906297
2026-08-28,consumer,10640.0,0.1776425013835085,0.1229551451187334,0.0857142857142856,0.0713076597545492,0.0929393473304238,0.0711914641375222,0.0569905564847916,0.0118638192916326,0.1690345375353494
2026-08-28,financial,16360.0,0.0809382226627024,0.1290545203588682,-0.0282150282150281,0.1010513590549085,0.0634359284244867,0.0680168558429428,0.1011644954471147,0.0471359607600598,0.2469404037777132
2026-08-28,k_beauty,21000.0,0.2939001848428835,0.3401403956604978,0.2966965112689101,0.0861163315138386,0.1526008637186888,0.1406004521556096,0.045416333003317,0.0187336481610607,0.2245309887869899
2026-08-28,k_food,12200.0,0.1182401466544453,0.073943661971831,-0.0549961270333074,0.0189119316832362,0.0982196415289008,0.0500819979666925,0.0374581128472928,0.0578230260980967,0.1307081836749556
2026-08-28,k_food,12200.0,0.11824014665444538,0.073943661971831,-0.054996127033307474,0.01891193168323624,0.09821964152890084,0.05008199796669255,0.037458112847292835,0.05782302609809675,0.13070818367495562
2026-08-28,media_platform,10010.0,0.0314270994332819,-0.0899999999999999,-0.282179992828971,0.0103798715072038,-0.0002974828375286,0.0061921001942848,0.07129985669588,-0.0209572234678121,0.0906441027539145
2026-08-28,semiconductor,124255.0,0.2635887527330045,-0.2273179528636278,0.2984481947855164,0.2625251743827328,-0.1285201231533544,-0.1228605300466982,0.1255957507210305,-0.226605245097025,-0.0486705578876787
2026-08-28,shipbuilding,28165.0,0.1068972293181371,-0.2670136629798308,-0.2677759001689848,0.1279935149293884,-0.0233524760196748,-0.0351257234905395,0.2416790377212885,-0.0066143659825956,0.0550329856111139
2026-08-28,steel_materials,13040.0,0.3299337072921979,-0.1597938144329896,-0.1950617283950617,0.2121463920799899,0.0632754596803679,0.0492967500059698,0.2350417336943502,-0.0110984480244562,0.128282295568662
2026-09-04,KOSPI200,105720.0,0.013614573346117,-0.193161871327177,0.3928853754940711,-0.1825240349904713,-0.0176868347859046,0.18976476035123,-0.3632908111708486,0.128142886773896,0.3282726904965865
2026-09-04,auto,27170.0,-0.0685635927322592,-0.3003733745332818,-0.0997349237905897,-0.150290655184071,-0.0254379740164859,0.0749709585623513,-0.2638595141835618,0.1048424072524567,0.1268405214497595
2026-09-04,battery,14860.0,0.1326219512195121,-0.1709902370990237,-0.0116395078150981,-0.1682820522243104,0.0746413155719697,0.1633536671780768,-0.3989010107637989,0.0912995911684203,0.1253121020047287
2026-09-04,bio_health,16920.0,-0.0136986301369863,-0.082180634662327,-0.1865384615384615,-0.1881401544471046,0.0285158827506082,0.0983185098558173,-0.1998911552317093,0.0886171620683053,0.1188148942479998
2026-09-04,biosimilar_cdmo,9075.0,-0.0268096514745308,-0.1102941176470588,-0.2428035043804756,-0.212130752391962,0.0291374986939713,0.1018025152339985,-0.2954352459547076,0.0287543002201866,0.1104542818105884
2026-09-04,construction,6645.0,0.0191717791411043,-0.0834482758620689,0.1908602150537635,-0.3581140726394538,0.0097076176740527,0.0909370790045704,-0.6650136583255915,-0.0863432508184341,0.055915736294404
2026-09-04,consumer,9955.0,0.0733153638814017,0.0903614457831325,0.1957957957957958,-0.1043271375021068,-0.0325936993356008,0.1100815100815102,-0.1756347972566561,-0.1255330466660247,0.038890045943988
2026-09-04,financial,16385.0,0.0373535929091484,0.0269507991225321,0.1587694483734087,-0.043584629753554,-0.102103721236336,0.1869844765884369,-0.1446359888084626,-0.1655396496608228,0.1189676207454941
2026-09-04,k_beauty,18815.0,0.1015807962529273,0.2410949868073879,0.3926720947446336,-0.1923193885899561,-0.0990454088531098,0.0959755834757234,-0.2784357201037948,-0.2516462725717987,-0.0446248686798862
2026-09-04,k_food,11805.0,0.0707482993197279,0.0692934782608696,0.0559033989266546,-0.0474918473347174,-0.0046501837109613,0.1108995259599621,-0.0664037790179536,-0.1028698252398622,0.0608175279932695
2026-09-04,k_food,11805.0,0.07074829931972793,0.06929347826086962,0.055903398926654635,-0.04749184733471745,-0.004650183710961375,0.11089952595996211,-0.06640377901795369,-0.10286982523986221,0.06081752799326956
2026-09-04,media_platform,9905.0,-0.0383495145631067,-0.131521262604121,-0.1505145797598628,-0.0697766139963886,-0.041521262604121,0.1316654130691081,-0.0801564855035925,-0.0412237797665924,0.1254733128748233
2026-09-04,semiconductor,123750.0,0.0363453647098233,-0.2126860923781651,0.4575971731448762,-0.2272433880231812,0.0146318604854627,0.1591489783593598,-0.489768562405914,0.1431519836388172,0.2820095084060581
2026-09-04,shipbuilding,27580.0,-0.073875083948959,-0.2241912798874824,-0.1237490071485305,-0.1807723132670962,0.0428223830923484,0.1440268930204542,-0.3087658281964847,0.0661748591120232,0.1791526165109938
2026-09-04,steel_materials,12695.0,0.0967602591792655,-0.0957977207977207,-0.0951532430506058,-0.2331734481129324,0.0639960936352689,0.0999084853444559,-0.4453198401929223,0.0007206339549009,0.050611735338486
