date,series,rs21,rs63,rs126,slope_rs21,slope_rs63,slope_rs126,accel_rs21,accel_rs63,accel_rs126
2025-02-28,auto,-0.0334634603062352,-0.0313264709329906,0.0076521382678204,0.0290721186589919,0.0193018131520607,0.0442297234483897,0.026322498564772,0.0752852263319497,0.0815549538844541
2025-02-28,auto,-0.03346346030623526,-0.03132647093299068,0.0076521382678204075,0.029072118658991952,0.0193018131520607,0.04422972344838971,0.02632249856477209,0.07528522633194978,0.0815549538844541
2025-02-28,battery,0.0014169067369096,-0.1201260061245742,-0.1363481931842651,0.0053565187235851,-0.0495246589008843,0.0378551135539803,-0.0514699518674115,-0.1919416618363452,0.0351187464165887
2025-02-28,battery,0.00141690673690964,-0.12012600612457425,-0.13634819318426517,0.005356518723585113,-0.04952465890088431,0.0378551135539803,-0.051469951867411545,-0.1919416618363452,0.03511874641658874
2025-02-28,bio_health,0.0236546572369784,0.1311853351327034,0.1465271508052257,0.0211783447913822,0.1621631702911763,0.0356724167489039,0.0376370564444563,0.2099427560447266,0.0772111101234349
2025-02-28,bio_health,0.02365465723697846,0.13118533513270347,0.14652715080522571,0.021178344791382253,0.16216317029117633,0.03567241674890398,0.03763705644445636,0.20994275604472667,0.07721111012343496
2025-02-28,biosimilar_cdmo,-0.0144690261443284,,,-0.0022602462438866,,,-0.0048720597372428,,
2025-02-28,biosimilar_cdmo,-0.014469026144328434,,,-0.0022602462438866544,,,-0.0048720597372428065,,
2025-02-28,construction,0.0031468544259727,0.031551478423375,-0.010734616427216,-0.0343840986229788,0.0138999525904559,-0.0052270214941086,-0.0041177736644046,0.0517512969196862,0.0031010195033917
2025-02-28,construction,0.003146854425972734,0.03155147842337502,-0.01073461642721607,-0.034384098622978865,0.013899952590455955,-0.005227021494108697,-0.004117773664404689,0.051751296919686274,0.0031010195033917
2025-02-28,consumer,0.0347725964306275,0.0057045659019343,0.0431593578250724,0.0485634597581052,0.0547132781502781,0.0784752660860701,0.056239205044154,0.0750585624625846,0.1299346017779205
2025-02-28,consumer,0.03477259643062758,0.005704565901934355,0.04315935782507241,0.048563459758105276,0.054713278150278155,0.07847526608607014,0.05623920504415403,0.07505856246258469,0.1299346017779205
2025-02-28,financial,-0.0013217474101951,-0.0721941350378113,0.0520219818132532,0.0134105514765292,0.0166583163815462,0.0121076065732907,0.0231158609958257,0.0545233020642518,0.0160726818651675
2025-02-28,financial,-0.0013217474101951954,-0.07219413503781136,0.05202198181325324,0.013410551476529253,0.016658316381546245,0.012107606573290797,0.023115860995825743,0.05452330206425182,0.016072681865167526
2025-02-28,k_beauty,0.0454740813256606,0.1013946444873961,0.0626743538678256,0.0617210016104519,0.0854605774316157,0.1248485470817118,0.0820707909304743,0.0194074847714991,0.1372537468140299
2025-02-28,k_beauty,0.045474081325660665,0.1013946444873961,0.0626743538678256,0.06172100161045191,0.08546057743161573,0.12484854708171189,0.08207079093047431,0.019407484771499117,0.1372537468140299
2025-02-28,k_food,0.0739076275139687,0.0652978792751877,0.0464319489853819,0.0452568330737312,0.0177023505999402,0.0237779324343496,0.0316040766468608,0.0331727172969262,0.0549413033701425
2025-02-28,k_food,0.07390762751396873,0.06529787927518771,0.04643194898538194,0.045256833073731295,0.017702350599940297,0.02377793243434967,0.031604076646860824,0.03317271729692628,0.05494130337014258
2025-02-28,media_platform,0.0812109244067291,0.0780686840796518,0.1942812768671824,0.0704470465167526,0.0461263907071787,0.0603521946267571,0.0802393725259722,0.0875388728019133,0.0955710330113168
2025-02-28,media_platform,0.08121092440672917,0.07806868407965184,0.19428127686718244,0.0704470465167526,0.04612639070717872,0.060352194626757116,0.08023937252597224,0.0875388728019133,0.09557103301131686
2025-02-28,semiconductor,-0.0640922326478333,0.0986218078763907,-0.0433589415581202,-0.0716368741116869,-0.0207880972054279,-0.071149991339711,-0.0495444522056197,-0.0761442059271122,-0.1018870645302302
2025-02-28,semiconductor,-0.06409223264783337,0.09862180787639074,-0.043358941558120256,-0.07163687411168695,-0.020788097205427958,-0.071149991339711,-0.04954445220561976,-0.07614420592711224,-0.10188706453023022
2025-02-28,shipbuilding,0.0568597479393584,0.3072046527376411,0.5344983026323111,0.0540695034717588,0.0346713272838499,0.0711215171637353,0.1846007280032628,0.2155433227897596,0.1505929883243335
2025-02-28,shipbuilding,0.05685974793935844,0.3072046527376411,0.5344983026323111,0.05406950347175887,0.03467132728384992,0.07112151716373538,0.18460072800326288,0.21554332278975963,0.15059298832433354
2025-02-28,steel_materials,0.0507728715858322,0.1006170228479732,0.3557949354238339,0.0089460761912907,0.0533252772285681,0.0168745282585847,-0.0594862625652365,-0.0758585562118807,-0.0721807907273823
2025-02-28,steel_materials,0.05077287158583221,0.10061702284797325,0.3557949354238339,0.00894607619129073,0.05332527722856817,0.01687452825858471,-0.05948626256523659,-0.07585855621188076,-0.07218079072738237
2025-03-07,auto,-0.0182304239426194,-0.0177054429877627,0.0206716358869226,0.0152330363636158,0.0136210279452279,0.0130194976191022,-0.0138390822953761,-0.0056807852068327,-0.0312102258292874
2025-03-07,auto,-0.018230423942619423,-0.017705442987762776,0.020671635886922668,0.015233036363615837,0.013621027945227904,0.01301949761910226,-0.013839082295376115,-0.005680785206832795,-0.031210225829287452
2025-03-07,battery,0.0347691731810881,-0.1374229657038028,-0.0997254914703492,0.0333522664441785,-0.0172969595792286,0.0366227017139159,0.0279957477205934,0.0322276993216557,-0.0012324118400643
2025-03-07,battery,0.03476917318108819,-0.13742296570380286,-0.09972549147034926,0.03335226644417855,-0.01729695957922861,0.036622701713915906,0.027995747720593434,0.0322276993216557,-0.0012324118400643957
2025-03-07,bio_health,-0.030812581194079,0.0468892273574002,0.112355810690053,-0.0544672384310574,-0.0842961077753032,-0.0341713401151726,-0.0756455832224397,-0.2464592780664796,-0.0698437568640766
2025-03-07,bio_health,-0.030812581194079036,0.0468892273574002,0.11235581069005307,-0.054467238431057496,-0.08429610777530328,-0.034171340115172644,-0.07564558322243975,-0.2464592780664796,-0.06984375686407662
2025-03-07,biosimilar_cdmo,-0.0433896993134964,,,-0.028920673169168,,,-0.0266604269252813,,
2025-03-07,biosimilar_cdmo,-0.043389699313496455,,,-0.02892067316916802,,,-0.026660426925281366,,
2025-03-07,construction,0.0573499307030147,0.041190804334255,0.0239485649932464,0.054203076277042,0.00963932591088,0.0346831814204625,0.0885871749000208,-0.0042606266795759,0.0399102029145712
2025-03-07,construction,0.05734993070301475,0.04119080433425504,0.02394856499324649,0.05420307627704202,0.009639325910880014,0.03468318142046256,0.08858717490002088,-0.004260626679575941,0.03991020291457126
2025-03-07,consumer,0.0237996411328538,0.0059369746963675,0.0981257623522806,-0.0109729552977737,0.0002324087944332,0.0549664045272082,-0.059536415055879,-0.0544808693558449,-0.0235088615588618
2025-03-07,consumer,0.02379964113285382,0.0059369746963675585,0.09812576235228065,-0.010972955297773757,0.00023240879443320317,0.054966404527208246,-0.05953641505587903,-0.05448086935584495,-0.023508861558861893
2025-03-07,financial,-0.0743204669091801,-0.1125597403621031,-0.0012677136925715,-0.0729987194989849,-0.0403656053242917,-0.0532896955058247,-0.0864092709755142,-0.057023921705838,-0.0653973020791155
2025-03-07,financial,-0.07432046690918015,-0.11255974036210314,-0.0012677136925715038,-0.07299871949898495,-0.04036560532429179,-0.05328969550582474,-0.08640927097551421,-0.05702392170583803,-0.06539730207911554
2025-03-07,k_beauty,0.0474888917215376,0.1034596849473883,0.0568299866426978,0.002014810395877,0.0020650404599922,-0.0058443672251277,-0.0597061912145748,-0.0833955369716235,-0.1306929143068396
2025-03-07,k_beauty,0.047488891721537696,0.10345968494738833,0.056829986642697894,0.0020148103958770314,0.002065040459992229,-0.005844367225127711,-0.05970619121457488,-0.0833955369716235,-0.1306929143068396
2025-03-07,k_food,0.0971469051923459,0.1015113883372513,0.1646641859490054,0.0232392776783771,0.0362135090620636,0.1182322369636235,-0.0220175553953541,0.0185111584621233,0.0944543045292738
2025-03-07,k_food,0.09714690519234592,0.10151138833725137,0.16466418594900545,0.02323927767837719,0.036213509062063665,0.1182322369636235,-0.022017555395354105,0.018511158462123367,0.09445430452927384
2025-03-07,media_platform,-0.0454895847999292,0.0184188192860552,0.2130246922319587,-0.1267005092066584,-0.0596498647935965,0.0187434153647763,-0.197147555723411,-0.1057762555007753,-0.0416087792619808
2025-03-07,media_platform,-0.04548958479992926,0.018418819286055266,0.21302469223195875,-0.12670050920665843,-0.059649864793596574,0.018743415364776306,-0.19714755572341103,-0.1057762555007753,-0.04160877926198081
2025-03-07,semiconductor,-0.0340562527566565,0.1066884544259023,-0.0946809341752565,0.0300359798911767,0.0080666465495116,-0.0513219926171363,0.1016728540028637,0.0288547437549395,0.0198279987225746
2025-03-07,semiconductor,-0.03405625275665658,0.10668845442590236,-0.09468093417525658,0.03003597989117679,0.008066646549511614,-0.051321992617136325,0.10167285400286374,0.02885474375493957,0.01982799872257468
2025-03-07,shipbuilding,0.0878325145934602,0.4049786029046622,0.5974177410791095,0.0309727666541017,0.0977739501670211,0.0629194384467983,-0.0230967368176571,0.0631026228831712,-0.008202078716937
2025-03-07,shipbuilding,0.0878325145934602,0.40497860290466225,0.5974177410791095,0.030972766654101758,0.09777395016702117,0.06291943844679837,-0.023096736817657115,0.06310262288317126,-0.008202078716937011
2025-03-07,steel_materials,0.2166083329706145,0.156414993365443,0.5042452747379023,0.1658354613847823,0.0557979705174698,0.1484503393140683,0.1568893851934916,0.0024726932889016,0.1315758110554836
2025-03-07,steel_materials,0.21660833297061455,0.15641499336544307,0.5042452747379023,0.16583546138478233,0.05579797051746982,0.14845033931406837,0.1568893851934916,0.0024726932889016506,0.13157581105548366
2025-03-14,auto,0.0243790739895435,-0.0017017826058216,0.0003693521382388,0.0426094979321629,0.0160036603819411,-0.0203022837486838,0.0273764615685471,0.0023826324367132,-0.033321781367786
2025-03-14,auto,0.02437907398954353,-0.0017017826058216556,0.00036935213823885427,0.042609497932162954,0.01600366038194112,-0.020302283748683814,0.027376461568547117,0.002382632436713217,-0.033321781367786074
2025-03-14,battery,0.0338831123602962,-0.1130446415588193,-0.1648290841584891,-0.0008860608207919,0.0243783241449835,-0.0651035926881399,-0.0342383272649704,0.0416752837242121,-0.1017262944020558
2025-03-14,battery,0.033883112360296286,-0.11304464155881933,-0.16482908415848918,-0.0008860608207919007,0.024378324144983532,-0.06510359268813992,-0.03423832726497045,0.04167528372421214,-0.10172629440205583
2025-03-14,bio_health,-0.0405627680540751,0.021479267765339,0.0513530825261886,-0.009750186859996,-0.0254099595920611,-0.0610027281638644,0.0447170515710614,0.0588861481832421,-0.0268313880486917
2025-03-14,bio_health,-0.040562768054075105,0.02147926776533904,0.05135308252618864,-0.009750186859996068,-0.02540995959206116,-0.06100272816386443,0.04471705157106143,0.058886148183242115,-0.026831388048691784
2025-03-14,biosimilar_cdmo,-0.0273956879801209,,,0.0159940113333755,,,0.0449146845025435,,
2025-03-14,biosimilar_cdmo,-0.02739568798012093,,,0.015994011333375524,,,0.044914684502543545,,
2025-03-14,construction,-0.0001916374451826,0.0451733843421231,-0.0084381227885852,-0.0575415681481974,0.0039825800078681,-0.0323866877818317,-0.1117446444252394,-0.0056567459030119,-0.0670698692022943
2025-03-14,construction,-0.00019163744518269077,0.045173384342123146,-0.008438122788585245,-0.05754156814819744,0.003982580007868108,-0.032386687781831736,-0.11174464442523946,-0.005656745903011906,-0.0670698692022943
2025-03-14,consumer,0.0222014403660051,-0.0310262304745063,0.0635214064288419,-0.0015982007668486,-0.0369632051708739,-0.0346043559234386,0.009374754530925,-0.0371956139653071,-0.0895707604506469
2025-03-14,consumer,0.022201440366005132,-0.031026230474506367,0.06352140642884196,-0.0015982007668486897,-0.036963205170873925,-0.03460435592343869,0.009374754530925067,-0.03719561396530713,-0.08957076045064694
2025-03-14,financial,-0.0340918556347923,-0.0753797599244706,0.0118573322003888,0.0402286112743878,0.0371799804376324,0.0131250458929603,0.1132273307733727,0.0775455857619242,0.0664147413987851
2025-03-14,financial,-0.034091855634792334,-0.07537975992447066,0.01185733220038887,0.040228611274387815,0.03717998043763249,0.013125045892960374,0.11322733077337277,0.07754558576192427,0.06641474139878512
2025-03-14,k_beauty,0.0857092192079853,0.0845998893193138,0.085043523485052,0.0382203274864476,-0.0188597956280744,0.0282135368423541,0.0362055170905706,-0.0209248360880667,0.0340579040674818
2025-03-14,k_beauty,0.08570921920798535,0.08459988931931384,0.08504352348505206,0.03822032748644766,-0.018859795628074494,0.02821353684235417,0.03620551709057063,-0.020924836088066723,0.03405790406748188
2025-03-14,k_food,0.0560412820594495,0.0548846527622037,0.1808796449420308,-0.0411056231328963,-0.0466267355750475,0.0162154589930253,-0.0643449008112735,-0.0828402446371112,-0.1020167779705981
2025-03-14,k_food,0.05604128205944958,0.05488465276220378,0.1808796449420308,-0.04110562313289634,-0.046626735575047595,0.016215458993025345,-0.06434490081127353,-0.08284024463711126,-0.10201677797059816
2025-03-14,media_platform,-0.0397178856193374,-0.0467160168598526,0.1606671243084066,0.0057716991805918,-0.0651348361459078,-0.052357567923552,0.1324722083872502,-0.0054849713523112,-0.0711009832883283
2025-03-14,media_platform,-0.03971788561933742,-0.046716016859852605,0.16066712430840668,0.005771699180591838,-0.06513483614590787,-0.05235756792355206,0.13247220838725027,-0.005484971352311296,-0.07110098328832837
2025-03-14,semiconductor,-0.0311329074981768,0.1226277460291356,-0.0168883671734938,0.0029233452584797,0.0159392916032332,0.0777925670017627,-0.027112634632697,0.0078726450537216,0.129114559618899
2025-03-14,semiconductor,-0.031132907498176876,0.12262774602913562,-0.016888367173493846,0.0029233452584797037,0.015939291603233263,0.07779256700176274,-0.027112634632697086,0.00787264505372165,0.12911455961889906
2025-03-14,shipbuilding,-0.0346751161040642,0.3931342383107088,0.6108900052505378,-0.1225076306975244,-0.0118443645939534,0.0134722641714283,-0.1534803973516262,-0.1096183147609746,-0.04944717427537
2025-03-14,shipbuilding,-0.03467511610406426,0.3931342383107088,0.6108900052505378,-0.12250763069752446,-0.011844364593953438,0.013472264171428328,-0.15348039735162622,-0.10961831476097461,-0.04944717427537004
2025-03-14,steel_materials,0.2095637297300607,-0.0611202417788012,0.4344796832987,-0.0070446032405537,-0.2175352351442443,-0.0697655914392022,-0.1728800646253361,-0.2733332056617141,-0.2182159307532706
2025-03-14,steel_materials,0.20956372973006077,-0.061120241778801265,0.4344796832987,-0.007044603240553782,-0.21753523514424433,-0.06976559143920225,-0.17288006462533612,-0.27333320566171415,-0.21821593075327061
2025-03-21,auto,0.0279165221625041,-0.0358192698200441,0.016214551789242,0.0035374481729606,-0.0341174872142224,0.0158451996510031,-0.0390720497592023,-0.0501211475961635,0.0361474833996869
2025-03-21,auto,0.027916522162504176,-0.03581926982004413,0.016214551789242027,0.0035374481729606444,-0.034117487214222475,0.015845199651003172,-0.03907204975920231,-0.050121147596163595,0.036147483399686986
2025-03-21,battery,-0.0379125894169387,-0.1535737892867237,-0.2822586701116962,-0.071795701777235,-0.0405291477279043,-0.117429585953207,-0.0709096409564431,-0.0649074718728879,-0.0523259932650671
2025-03-21,battery,-0.03791258941693876,-0.15357378928672372,-0.28225867011169625,-0.07179570177723504,-0.04052914772790439,-0.11742958595320707,-0.07090964095644314,-0.06490747187288792,-0.05232599326506715
2025-03-21,bio_health,-0.0873477817797591,-0.0680823847654512,-0.0521361265810988,-0.046785013725684,-0.0895616525307902,-0.1034892091072875,-0.0370348268656879,-0.0641516929387291,-0.0424864809434231
2025-03-21,bio_health,-0.0873477817797591,-0.06808238476545125,-0.052136126581098896,-0.046785013725684,-0.08956165253079029,-0.10348920910728754,-0.03703482686568793,-0.06415169293872913,-0.04248648094342311
2025-03-21,biosimilar_cdmo,-0.0376771610059283,,,-0.0102814730258073,,,-0.0262754843591829,,
2025-03-21,biosimilar_cdmo,-0.03767716100592833,,,-0.010281473025807397,,,-0.02627548435918292,,
2025-03-21,construction,-0.0369511100869703,0.0308674932434376,-0.0578092911931432,-0.0367594726417876,-0.0143058910986855,-0.049371168404558,0.0207820955064097,-0.0182884711065536,-0.0169844806227262
2025-03-21,construction,-0.036951110086970385,0.030867493243437627,-0.057809291193143264,-0.036759472641787694,-0.01430589109868552,-0.04937116840455802,0.020782095506409748,-0.018288471106553628,-0.016984480622726283
2025-03-21,consumer,0.0429336748924047,-0.0526140191242436,0.0215578375149936,0.0207322345263996,-0.0215877886497373,-0.0419635689138483,0.0223304352932482,0.0153754165211366,-0.0073592129904096
2025-03-21,consumer,0.04293367489240474,-0.05261401912424368,0.021557837514993627,0.020732234526399607,-0.021587788649737316,-0.04196356891384834,0.022330435293248296,0.015375416521136609,-0.007359212990409647
2025-03-21,financial,-0.0074480044969083,-0.0796598820413974,-0.0206105305154433,0.026643851137884,-0.0042801221169267,-0.0324678627158322,-0.0135847601365037,-0.0414601025545592,-0.0455929086087926
2025-03-21,financial,-0.0074480044969083,-0.0796598820413974,-0.02061053051544337,0.026643851137884034,-0.004280122116926743,-0.03246786271583224,-0.013584760136503782,-0.04146010255455923,-0.045592908608792615
2025-03-21,k_beauty,0.0483057867608971,-0.0044008512548905,0.0094238340631747,-0.0374034324470882,-0.0890007405742043,-0.0756196894218773,-0.0756237599335358,-0.0701409449461298,-0.1038332262642315
2025-03-21,k_beauty,0.04830578676089714,-0.0044008512548905365,0.009423834063174708,-0.037403432447088214,-0.08900074057420437,-0.07561968942187736,-0.07562375993353587,-0.07014094494612988,-0.10383322626423153
2025-03-21,k_food,0.0962049635396213,0.0470088061228251,0.1990579253915445,0.0401636814801718,-0.0078758466393786,0.0181782804495137,0.0812693046130681,0.0387508889356689,0.0019628214564884
2025-03-21,k_food,0.09620496353962138,0.0470088061228251,0.19905792539154454,0.0401636814801718,-0.00787584663937868,0.01817828044951375,0.08126930461306814,0.038750888935668915,0.001962821456488406
2025-03-21,media_platform,-0.0367367074257786,-0.1024806211130868,0.1128307195924733,0.0029811781935588,-0.0557646042532342,-0.0478364047159333,-0.002790520987033,0.0093702318926736,0.0045211632076187
2025-03-21,media_platform,-0.036736707425778614,-0.10248062111308687,0.11283071959247337,0.002981178193558809,-0.05576460425323426,-0.04783640471593331,-0.0027905209870330294,0.009370231892673608,0.00452116320761875
2025-03-21,semiconductor,-0.0412831101452993,0.1294951668842556,0.0704477173398396,-0.0101502026471225,0.00686742085512,0.0873360845133335,-0.0130735479056022,-0.0090718707481132,0.0095435175115707
2025-03-21,semiconductor,-0.041283110145299395,0.12949516688425566,0.07044771733983968,-0.01015020264712252,0.006867420855120043,0.08733608451333352,-0.013073547905602223,-0.00907187074811322,0.009543517511570787
2025-03-21,shipbuilding,-0.076530130100773,0.2717557911560408,0.5683149810315886,-0.0418550139967087,-0.1213784471546679,-0.0425750242189492,0.0806526167008157,-0.1095340825607145,-0.0560472883903775
2025-03-21,shipbuilding,-0.07653013010077303,0.27175579115604087,0.5683149810315886,-0.04185501399670877,-0.12137844715466795,-0.04257502421894921,0.0806526167008157,-0.10953408256071451,-0.056047288390377537
2025-03-21,steel_materials,0.1300453852439695,0.024427421687087,0.3477678818295928,-0.0795183444860911,0.0855476634658882,-0.0867118014691071,-0.0724737412455374,0.3030828986101326,-0.0169462100299049
2025-03-21,steel_materials,0.13004538524396958,0.024427421687087003,0.34776788182959284,-0.07951834448609119,0.08554766346588827,-0.08671180146910717,-0.0724737412455374,0.3030828986101326,-0.01694621002990493
2025-03-28,auto,0.0329151899904466,-0.0395087794797313,0.0354195186151933,0.0049986678279424,-0.0036895096596871,0.0192049668259512,0.0014612196549818,0.0304279775545353,0.0033597671749481
2025-03-28,auto,0.032915189990446625,-0.039508779479731304,0.035419518615193324,0.004998667827942449,-0.0036895096596871735,0.019204966825951297,0.0014612196549818046,0.0304279775545353,0.003359767174948125
2025-03-28,battery,-0.1088825916976058,-0.1351014664199421,-0.2893702217598785,-0.070970002280667,0.0184723228667815,-0.0071115516481822,0.0008256994965679,0.0590014705946859,0.1103180343050248
2025-03-28,battery,-0.10888259169760584,-0.13510146641994214,-0.2893702217598785,-0.07097000228066708,0.018472322866781576,-0.007111551648182224,0.0008256994965679665,0.05900147059468597,0.11031803430502485
2025-03-28,bio_health,-0.095667564475632,-0.0675716425829675,-0.0513575259016787,-0.0083197826958729,0.0005107421824837,0.0007786006794201,0.038465231029811,0.090072394713274,0.1042678097867076
2025-03-28,bio_health,-0.09566756447563207,-0.06757164258296755,-0.05135752590167875,-0.008319782695872968,0.0005107421824837033,0.0007786006794201494,0.03846523102981103,0.090072394713274,0.10426780978670769
2025-03-28,biosimilar_cdmo,-0.0626986165872154,,,-0.0250214555812871,,,-0.0147399825554797,,
2025-03-28,biosimilar_cdmo,-0.06269861658721543,,,-0.0250214555812871,,,-0.014739982555479703,,
2025-03-28,construction,-0.0168489069165075,0.0309428779525755,-0.0340562120980427,0.0201022031704628,7.538470913792672e-05,0.0237530790951004,0.0568616758122505,0.0143812758078234,0.0731242474996585
2025-03-28,construction,-0.016848906916507533,0.030942877952575554,-0.03405621209804277,0.02010220317046285,7.538470913792672e-05,0.023753079095100493,0.056861675812250545,0.014381275807823446,0.07312424749965851
2025-03-28,consumer,0.0387600424765203,-0.0473037200214254,-0.0312088657530544,-0.0041736324158844,0.0053102991028182,-0.0527667032680481,-0.024905866942284,0.0268980877525555,-0.0108031343541997
2025-03-28,consumer,0.03876004247652032,-0.047303720021425466,-0.031208865753054482,-0.004173632415884421,0.005310299102818217,-0.05276670326804811,-0.024905866942284027,0.026898087752555533,-0.010803134354199773
2025-03-28,financial,-0.0208397525596767,-0.0700626307258713,0.0099843147630724,-0.0133917480627684,0.009597251315526,0.0305948452785158,-0.0400355992006524,0.0138773734324527,0.0630627079943481
2025-03-28,financial,-0.02083975255967674,-0.07006263072587138,0.009984314763072488,-0.013391748062768438,0.009597251315526023,0.03059484527851586,-0.04003559920065247,0.013877373432452766,0.0630627079943481
2025-03-28,k_beauty,0.036162474213984,-0.010304064799155,-0.0647001140744245,-0.0121433125469131,-0.0059032135442644,-0.0741239481375992,0.025260119900175,0.0830975270299398,0.001495741284278
2025-03-28,k_beauty,0.036162474213984,-0.010304064799155022,-0.06470011407442455,-0.012143312546913143,-0.005903213544264485,-0.07412394813759926,0.02526011990017507,0.08309752702993989,0.001495741284278096
2025-03-28,k_food,0.0661903452547026,-0.0124947212465063,0.1576838655755388,-0.0300146182849186,-0.0595035273693314,-0.0413740598160057,-0.0701782997650904,-0.0516276807299527,-0.0595523402655194
2025-03-28,k_food,0.06619034525470269,-0.012494721246506302,0.15768386557553882,-0.030014618284918693,-0.0595035273693314,-0.041374059816005726,-0.07017829976509049,-0.05162768072995272,-0.05955234026551948
2025-03-28,media_platform,-0.0603446449656727,-0.0795201333696558,0.0966864231202957,-0.023607937539894,0.022960487743431,-0.0161442964721776,-0.0265891157334529,0.0787250919966653,0.0316921082437556
2025-03-28,media_platform,-0.06034464496567271,-0.0795201333696558,0.09668642312029574,-0.023607937539894097,0.02296048774343107,-0.016144296472177633,-0.026589115733452906,0.07872509199666533,0.03169210824375568
2025-03-28,semiconductor,-0.0480935452205095,0.0404452944609405,0.0256952538880417,-0.0068104350752101,-0.089049872423315,-0.0447524634517979,0.0033397675719123,-0.0959172932784351,-0.1320885479651314
2025-03-28,semiconductor,-0.04809354522050957,0.040445294460940584,0.025695253888041725,-0.006810435075210175,-0.08904987242331508,-0.04475246345179795,0.0033397675719123443,-0.09591729327843512,-0.13208854796513148
2025-03-28,shipbuilding,-0.0678159033279688,0.1603531618433433,0.5061438267714113,0.0087142267728042,-0.1114026293126975,-0.0621711542601772,0.0505692407695129,0.0099758178419704,-0.019596130041228
2025-03-28,shipbuilding,-0.06781590332796883,0.16035316184334336,0.5061438267714113,0.008714226772804201,-0.11140262931269751,-0.062171154260177275,0.05056924076951297,0.009975817841970436,-0.019596130041228066
2025-03-28,steel_materials,0.006193156879946,0.0014001736259217,0.2703480225915449,-0.1238522283640235,-0.0230272480611652,-0.0774198592380479,-0.0443338838779323,-0.1085749115270535,0.0092919422310592
2025-03-28,steel_materials,0.006193156879946038,0.001400173625921708,0.2703480225915449,-0.12385222836402354,-0.023027248061165295,-0.07741985923804795,-0.044333883877932356,-0.10857491152705356,0.009291942231059225
2025-04-04,auto,0.0027822035642377,-0.0351787026907237,-0.0178736420843151,-0.0301329864262088,0.0043300767890075,-0.0532931606995085,-0.0351316542541513,0.0080195864486947,-0.0724981275254598
2025-04-04,auto,0.0027822035642377507,-0.03517870269072376,-0.01787364208431519,-0.030132986426208874,0.004330076789007542,-0.05329316069950851,-0.03513165425415132,0.008019586448694715,-0.07249812752545981
2025-04-04,battery,-0.0811175539858856,-0.1195157252975804,-0.3161743096005257,0.0277650377117202,0.0155857411223616,-0.0268040878406472,0.0987350399923873,-0.0028865817444199,-0.019692536192465
2025-04-04,battery,-0.0811175539858856,-0.11951572529758048,-0.3161743096005257,0.02776503771172023,0.015585741122361663,-0.02680408784064725,0.09873503999238731,-0.0028865817444199138,-0.019692536192465027
2025-04-04,bio_health,-0.0586610177107648,-0.0158926771085918,-0.0590586974159215,0.0370065467648672,0.0516789654743756,-0.0077011715142427,0.0453263294607402,0.0511682232918919,-0.0084797721936629
2025-04-04,bio_health,-0.05866101771076482,-0.01589267710859188,-0.05905869741592151,0.037006546764867254,0.05167896547437567,-0.007701171514242766,0.04532632946074022,0.05116822329189197,-0.008479772193662916
2025-04-04,biosimilar_cdmo,-0.0298854551198518,-0.0506229685697722,,0.0328131614673635,,,0.0578346170486506,,
2025-04-04,biosimilar_cdmo,-0.029885455119851856,-0.05062296856977222,,0.03281316146736357,,,0.05783461704865067,,
2025-04-04,construction,-0.0042271812732275,0.0713628936692545,0.0113935170770729,0.01262172564328,0.0404200157166789,0.0454497291751156,-0.0074804775271828,0.040344631007541,0.0216966500800152
2025-04-04,construction,-0.0042271812732275205,0.07136289366925452,0.011393517077072923,0.012621725643280013,0.04042001571667897,0.045449729175115694,-0.007480477527182838,0.04034463100754104,0.0216966500800152
2025-04-04,consumer,0.0242088376841184,0.010147709460107,0.0329064671082657,-0.0145512047924019,0.0574514294815324,0.0641153328613202,-0.0103775723765174,0.0521411303787142,0.1168820361293683
2025-04-04,consumer,0.02420883768411841,0.010147709460107013,0.032906467108265725,-0.014551204792401906,0.05745142948153248,0.0641153328613202,-0.010377572376517485,0.05214113037871426,0.11688203612936832
2025-04-04,financial,0.0135200015796053,-0.0310558690026725,0.002819189746971,0.034359754139282,0.0390067617231988,-0.0071651250161014,0.0477515022020504,0.0294095104076728,-0.0377599702946173
2025-04-04,financial,0.013520001579605312,-0.031055869002672543,0.0028191897469710403,0.03435975413928205,0.039006761723198835,-0.007165125016101448,0.04775150220205049,0.029409510407672812,-0.03775997029461731
2025-04-04,k_beauty,0.0452750457666636,0.0784743055039391,-0.0075277766310833,0.0091125715526796,0.0887783703030942,0.0571723374433411,0.0212558840995927,0.0946815838473587,0.1312962855809404
2025-04-04,k_beauty,0.045275045766663635,0.07847430550393919,-0.007527776631083394,0.009112571552679638,0.08877837030309421,0.05717233744334116,0.02125588409959278,0.0946815838473587,0.13129628558094042
2025-04-04,k_food,0.0159299705817218,0.02130969046508,0.1548333347562416,-0.0502603746729808,0.0338044117115863,-0.0028505308192972,-0.0202457563880621,0.0933079390809177,0.0385235289967085
2025-04-04,k_food,0.015929970581721853,0.021309690465080022,0.15483333475624161,-0.050260374672980834,0.033804411711586324,-0.0028505308192972034,-0.02024575638806214,0.09330793908091772,0.03852352899670852
2025-04-04,media_platform,-0.0106701118439899,0.0244645526047055,0.155788473326542,0.0496745331216827,0.1039846859743613,0.0591020502062462,0.0732824706615768,0.0810241982309303,0.0752463466784238
2025-04-04,media_platform,-0.010670111843989916,0.02446455260470559,0.155788473326542,0.049674533121682796,0.10398468597436139,0.05910205020624626,0.07328247066157689,0.08102419823093032,0.07524634667842389
2025-04-04,semiconductor,-0.0262929944012727,-0.0105021904714659,-0.015639089173534,0.0218005508192368,-0.0509474849324065,-0.0413343430615757,0.0286109858944469,0.0381023874909085,0.0034181203902221
2025-04-04,semiconductor,-0.02629299440127275,-0.010502190471465944,-0.01563908917353407,0.02180055081923682,-0.05094748493240653,-0.041334343061575796,0.028610985894446994,0.03810238749090855,0.003418120390222157
2025-04-04,shipbuilding,-0.0714686756718796,0.1679456358216169,0.494616153093192,-0.0036527723439108,0.0075924739782735,-0.0115276736782192,-0.012366999116715,0.118995103290971,0.050643480581958
2025-04-04,shipbuilding,-0.07146867567187964,0.16794563582161692,0.49461615309319207,-0.003652772343910815,0.007592473978273562,-0.011527673678219275,-0.012366999116715016,0.11899510329097107,0.050643480581958
2025-04-04,steel_materials,-0.0823999418624324,0.0067584735175523,0.1301578775089706,-0.0885930987423785,0.0053582998916306,-0.1401901450825742,0.035259129621645,0.0283855479527959,-0.0627702858445262
2025-04-04,steel_materials,-0.08239994186243249,0.006758473517552321,0.13015787750897068,-0.08859309874237853,0.0053582998916306135,-0.1401901450825742,0.03525912962164501,0.02838554795279591,-0.06277028584452626
2025-04-11,auto,-0.0420619770033606,-0.0607577991790804,-0.0533631784569519,-0.0448441805675984,-0.0255790964883566,-0.0354895363726367,-0.0147111941413895,-0.0299091732773642,0.0178036243268717
2025-04-11,auto,-0.04206197700336067,-0.06075779917908042,-0.05336317845695193,-0.044844180567598424,-0.025579096488356656,-0.03548953637263674,-0.01471119414138955,-0.0299091732773642,0.01780362432687177
2025-04-11,battery,-0.1092652223318113,-0.1370510944540064,-0.3479665882805355,-0.0281476683459257,-0.0175353691564259,-0.0317922786800097,-0.0559127060576459,-0.0331211102787876,-0.0049881908393625
2025-04-11,battery,-0.10926522233181135,-0.13705109445400643,-0.3479665882805355,-0.028147668345925747,-0.01753536915642595,-0.03179227868000978,-0.05591270605764598,-0.03312111027878761,-0.004988190839362527
2025-04-11,bio_health,-0.0029405567244399,-0.0288024229164614,0.0075591504522956,0.0557204609863248,-0.0129097458078695,0.0666178478682171,0.0187139142214576,-0.0645887112822451,0.0743190193824598
2025-04-11,bio_health,-0.0029405567244399355,-0.0288024229164614,0.007559150452295604,0.05572046098632488,-0.012909745807869522,0.06661784786821712,0.018713914221457628,-0.06458871128224519,0.07431901938245988
2025-04-11,biosimilar_cdmo,-0.0180106121170759,-0.0583852445002558,,0.0118748430027758,-0.0077622759304836,,-0.0209383184645877,,
2025-04-11,biosimilar_cdmo,-0.018010612117075997,-0.05838524450025584,,0.011874843002775859,-0.00776227593048362,,-0.020938318464587713,,
2025-04-11,construction,0.0384624789219314,0.0993665141317287,0.0612064844759465,0.0426896601951589,0.0280036204624741,0.0498129673988736,0.0300679345518789,-0.0124163952542047,0.0043632382237579
2025-04-11,construction,0.03846247892193144,0.0993665141317287,0.061206484475946565,0.04268966019515896,0.028003620462474177,0.04981296739887364,0.03006793455187895,-0.012416395254204793,0.004363238223757948
2025-04-11,consumer,0.0590095899031261,0.063104668785869,0.0371924577460758,0.0348007522190076,0.052956959325762,0.0042859906378101,0.0493519570114096,-0.0044944701557704,-0.0598293422235101
2025-04-11,consumer,0.0590095899031261,0.06310466878586907,0.037192457746075824,0.03480075221900769,0.052956959325762054,0.0042859906378101,0.0493519570114096,-0.004494470155770425,-0.05982934222351011
2025-04-11,financial,-0.0044930838936654,-0.0122144857606472,0.0078948123219305,-0.0180130854732707,0.0188413832420253,0.0050756225749595,-0.0523728396125527,-0.0201653784811735,0.0122407475910609
2025-04-11,financial,-0.004493083893665428,-0.012214485760647209,0.007894812321930567,-0.01801308547327074,0.018841383242025334,0.005075622574959526,-0.05237283961255279,-0.0201653784811735,0.012240747591060974
2025-04-11,k_beauty,0.0514577961324372,0.104606871541223,0.0048027416068415,0.0061827503657736,0.0261325660372838,0.0123305182379249,-0.0029298211869059,-0.0626458042658103,-0.0448418192054161
2025-04-11,k_beauty,0.05145779613243728,0.10460687154122306,0.004802741606841576,0.006182750365773648,0.026132566037283866,0.01233051823792497,-0.00292982118690599,-0.06264580426581035,-0.04484181920541619
2025-04-11,k_food,0.0383010672596187,0.0898472375967452,0.1524861482185444,0.0223710966778969,0.0685375471316652,-0.0023471865376971,0.0726314713508777,0.0347331354200789,0.0005033442816
2025-04-11,k_food,0.03830106725961879,0.08984723759674529,0.15248614821854445,0.02237109667789694,0.06853754713166527,-0.0023471865376971657,0.07263147135087777,0.03473313542007894,0.0005033442816000377
2025-04-11,media_platform,-0.0214875929809915,0.0006518256788202,0.1028993675988154,-0.0108174811370016,-0.0238127269258853,-0.0528891057277265,-0.0604920142586844,-0.1277974129002467,-0.1119911559339728
2025-04-11,media_platform,-0.021487592980991566,0.0006518256788202725,0.10289936759881546,-0.01081748113700165,-0.02381272692588532,-0.05288910572772654,-0.060492014258684446,-0.1277974129002467,-0.1119911559339728
2025-04-11,semiconductor,-0.0518091543842957,-0.0588158578279615,-0.0474327907070163,-0.025516159983023,-0.0483136673564955,-0.0317937015334822,-0.0473167108022598,0.0026338175759109,0.0095406415280935
2025-04-11,semiconductor,-0.051809154384295786,-0.058815857827961504,-0.04743279070701634,-0.025516159983023035,-0.04831366735649556,-0.031793701533482266,-0.047316710802259854,0.0026338175759109683,0.00954064152809353
2025-04-11,shipbuilding,0.1078003214867445,0.2891464751341684,0.7447069460127567,0.1792689971586242,0.1212008393125515,0.2500907929195646,0.182921769502535,0.1136083653342779,0.2616184665977838
2025-04-11,shipbuilding,0.10780032148674457,0.28914647513416847,0.7447069460127567,0.1792689971586242,0.12120083931255154,0.2500907929195646,0.18292176950253503,0.11360836533427798,0.26161846659778387
2025-04-11,steel_materials,-0.1450810414331514,-0.0233220382950437,0.0695636849525493,-0.0626810995707189,-0.030080511812596,-0.0605941925564212,0.0259119991716595,-0.0354388117042266,0.0795959525261529
2025-04-11,steel_materials,-0.14508104143315148,-0.023322038295043757,0.06956368495254939,-0.06268109957071899,-0.030080511812596078,-0.06059419255642129,0.02591199917165954,-0.03543881170422669,0.07959595252615292
2025-04-18,auto,-0.0051766129928517,-0.0769865110111143,-0.0229314758861757,0.0368853640105089,-0.0162287118320338,0.0304317025707762,0.0817295445781073,0.0093503846563227,0.0659212389434129
2025-04-18,auto,-0.00517661299285177,-0.07698651101111431,-0.022931475886175723,0.0368853640105089,-0.016228711832033893,0.03043170257077621,0.08172954457810733,0.009350384656322763,0.06592123894341295
2025-04-18,battery,-0.1002036248443603,-0.1783993877819538,-0.3767743269829495,0.009061597487451,-0.0413482933279474,-0.028807738702414,0.0372092658333768,-0.0238129241715214,0.0029845399775957
2025-04-18,battery,-0.1002036248443603,-0.17839938778195386,-0.37677432698294955,0.009061597487451056,-0.04134829332794743,-0.028807738702414043,0.0372092658333768,-0.023812924171521477,0.002984539977595735
2025-04-18,bio_health,0.0512722303400446,-0.0149975775859093,-0.0223632216958056,0.0542127870644846,0.013804845330552,-0.0299223721481012,-0.0015076739218402,0.0267145911384215,-0.0965402200163183
2025-04-18,bio_health,0.05127223034004469,-0.01499757758590936,-0.022363221695805624,0.054212787064484624,0.01380484533055204,-0.02992237214810123,-0.001507673921840258,0.026714591138421562,-0.09654022001631835
2025-04-18,biosimilar_cdmo,0.0049276614634664,-0.0640309423734767,,0.0229382735805424,-0.0056456978732208,,0.0110634305777665,0.0021165780572627,
2025-04-18,biosimilar_cdmo,0.0049276614634664595,-0.06403094237347673,,0.022938273580542456,-0.0056456978732208896,,0.011063430577766598,0.00211657805726273,
2025-04-18,construction,0.0947372334648499,0.1210920189542188,0.0780645943360371,0.0562747545429185,0.0217255048224901,0.0168581098600906,0.0135850943477595,-0.006278115639984,-0.032954857538783
2025-04-18,construction,0.09473723346484997,0.12109201895421884,0.07806459433603719,0.056274754542918526,0.021725504822490138,0.01685810986009062,0.013585094347759563,-0.006278115639984039,-0.03295485753878302
2025-04-18,consumer,0.0845987729359438,0.0956787583818301,0.0775990494797049,0.0255891830328177,0.032574089595961,0.0404065917336291,-0.0092115691861899,-0.0203828697298009,0.036120601095819
2025-04-18,consumer,0.08459877293594387,0.09567875838183015,0.07759904947970497,0.025589183032817764,0.03257408959596109,0.04040659173362915,-0.009211569186189927,-0.020382869729800968,0.03612060109581905
2025-04-18,financial,0.0388449875508221,0.0038476685791379,0.0026826887345081,0.0433380714444875,0.0160621543397851,-0.0052121235874224,0.0613511569177582,-0.0027792289022401,-0.0102877461623819
2025-04-18,financial,0.03884498755082211,0.003847668579137986,0.002682688734508165,0.043338071444487536,0.016062154339785195,-0.0052121235874224014,0.061351156917758276,-0.0027792289022401384,-0.010287746162381928
2025-04-18,k_beauty,0.1106237038031832,0.1445934638080857,0.0725532476451498,0.0591659076707459,0.0399865922668626,0.0677505060383082,0.0529831573049722,0.0138540262295787,0.0554199878003832
2025-04-18,k_beauty,0.1106237038031832,0.1445934638080857,0.07255324764514981,0.05916590767074592,0.03998659226686263,0.06775050603830823,0.05298315730497227,0.013854026229578764,0.055419987800383264
2025-04-18,k_food,0.0608292651328226,0.1499563856758619,0.2019377143431779,0.0225281978732038,0.0601091480791166,0.0494515661246335,0.0001571011953068,-0.0084283990525486,0.0517987526623306
2025-04-18,k_food,0.06082926513282261,0.1499563856758619,0.20193771434317798,0.022528197873203815,0.0601091480791166,0.04945156612463353,0.0001571011953068746,-0.008428399052548663,0.051798752662330694
2025-04-18,media_platform,0.0542468137346239,0.0082002513630932,0.1001251903525497,0.0757344067156154,0.0075484256842729,-0.0027741772462657,0.0865518878526171,0.0313611526101582,0.0501149284814608
2025-04-18,media_platform,0.05424681373462392,0.008200251363093214,0.10012519035254974,0.07573440671561549,0.007548425684272941,-0.002774177246265719,0.08655188785261714,0.03136115261015826,0.05011492848146082
2025-04-18,semiconductor,-0.0812164430067675,-0.0791819923490904,-0.0691642387241064,-0.0294072886224717,-0.0203661345211288,-0.0217314480170901,-0.0038911286394487,0.0279475328353666,0.0100622535163921
2025-04-18,semiconductor,-0.08121644300676756,-0.0791819923490904,-0.06916423872410649,-0.029407288622471772,-0.020366134521128898,-0.02173144801709015,-0.0038911286394487377,0.027947532835366662,0.010062253516392117
2025-04-18,shipbuilding,0.1519600202133539,0.2251472199450057,0.7245522689650732,0.0441596987266094,-0.0639992551891627,-0.0201546770476834,-0.1351092984320148,-0.1852000945017142,-0.2702454699672481
2025-04-18,shipbuilding,0.15196002021335397,0.22514721994500575,0.7245522689650732,0.04415969872660941,-0.06399925518916272,-0.020154677047683478,-0.1351092984320148,-0.18520009450171426,-0.2702454699672481
2025-04-18,steel_materials,-0.1124148949165182,-0.0119740154116879,0.024286116079824,0.0326661465166332,0.0113480228833557,-0.0452775688727253,0.0953472460873522,0.0414285346959518,0.0153166236836959
2025-04-18,steel_materials,-0.11241489491651824,-0.011974015411687966,0.024286116079824005,0.03266614651663324,0.01134802288335579,-0.04527756887272538,0.09534724608735223,0.04142853469595187,0.015316623683695907
2025-04-25,auto,-0.0402112345874345,-0.0400545165747001,-0.0079723510611326,-0.0350346215945828,0.0369319944364141,0.014959124825043,-0.0719199856050917,0.053160706268448,-0.0154725777457331
2025-04-25,auto,-0.040211234587434586,-0.04005451657470016,-0.007972351061132699,-0.035034621594582815,0.03693199443641415,0.014959124825043024,-0.07191998560509172,0.053160706268448044,-0.015472577745733185
2025-04-25,battery,-0.0747573958067764,-0.1529997321048095,-0.3124602002592516,0.0254462290375838,0.0253996556771443,0.0643141267236979,0.0163846315501328,0.0667479490050917,0.093121865426112
2025-04-25,battery,-0.07475739580677643,-0.15299973210480955,-0.3124602002592516,0.025446229037583867,0.025399655677144306,0.06431412672369796,0.01638463155013281,0.06674794900509173,0.093121865426112
2025-04-25,bio_health,0.0485880730293615,-0.0251669430708353,-0.0418794801934138,-0.0026841573106831,-0.0101693654849259,-0.0195162584976081,-0.0568969443751677,-0.023974210815478,0.010406113650493
2025-04-25,bio_health,0.04858807302936152,-0.025166943070835335,-0.04187948019341381,-0.002684157310683166,-0.010169365484925974,-0.019516258497608185,-0.05689694437516779,-0.023974210815478014,0.010406113650493043
2025-04-25,biosimilar_cdmo,-0.0066956415207044,-0.0597740112653941,,-0.0116233029841709,0.0042569311080825,,-0.0345615765647133,0.0099026289813034,
2025-04-25,biosimilar_cdmo,-0.006695641520704454,-0.05977401126539417,,-0.011623302984170913,0.004256931108082562,,-0.03456157656471337,0.009902628981303452,
2025-04-25,construction,0.0816372066080961,0.0957722368913946,0.0725775584727265,-0.0131000268567538,-0.0253197820628241,-0.0054870358633106,-0.0693747813996723,-0.0470452868853142,-0.0223451457234012
2025-04-25,construction,0.08163720660809615,0.09577223689139469,0.07257755847272651,-0.013100026856753821,-0.025319782062824148,-0.005487035863310674,-0.06937478139967235,-0.047045286885314286,-0.022345145723401294
2025-04-25,consumer,0.0869807472139916,0.0944826850674471,0.1092607227609244,0.0023819742780477,-0.0011960733143829,0.0316616732812194,-0.02320720875477,-0.033770162910344,-0.0087449184524096
2025-04-25,consumer,0.08698074721399163,0.09448268506744717,0.10926072276092447,0.0023819742780477604,-0.0011960733143829838,0.03166167328121949,-0.023207208754770003,-0.03377016291034407,-0.008744918452409656
2025-04-25,financial,0.0536397220582756,0.0154749990247216,-0.0126055883504863,0.0147947345074535,0.0116273304455836,-0.0152882770849944,-0.028543336937034,-0.0044348238942015,-0.010076153497572
2025-04-25,financial,0.05363972205827561,0.015474999024721603,-0.012605588350486308,0.0147947345074535,0.011627330445583617,-0.015288277084994473,-0.028543336937034036,-0.004434823894201578,-0.010076153497572071
2025-04-25,k_beauty,0.1279470312395605,0.135955832162808,0.1010616286739128,0.0173233274363773,-0.0086376316452776,0.028508381028763,-0.0418425802343686,-0.0486242239121402,-0.0392421250095451
2025-04-25,k_beauty,0.12794703123956053,0.13595583216280804,0.10106162867391288,0.017323327436377323,-0.008637631645277644,0.028508381028763075,-0.0418425802343686,-0.048624223912140274,-0.03924212500954516
2025-04-25,k_food,0.0475026458153433,0.13279995393491,0.1915970788350213,-0.0133266193174792,-0.0171564317409518,-0.0103406355081566,-0.035854817190683,-0.0772655798200684,-0.0597922016327902
2025-04-25,k_food,0.04750264581534336,0.13279995393491006,0.1915970788350213,-0.013326619317479249,-0.017156431740951827,-0.01034063550815667,-0.035854817190683064,-0.07726557982006843,-0.0597922016327902
2025-04-25,media_platform,0.0237871602369827,-0.0005280862594851,0.0844535649139502,-0.0304596534976411,-0.0087283376225784,-0.0156716254385994,-0.1061940602132566,-0.0162767633068513,-0.0128974481923337
2025-04-25,media_platform,0.023787160236982796,-0.0005280862594851943,0.08445356491395029,-0.030459653497641126,-0.008728337622578408,-0.015671625438599457,-0.10619406021325661,-0.01627676330685135,-0.012897448192333738
2025-04-25,semiconductor,-0.0423363102843804,-0.1111986112683136,-0.0630685123234293,0.0388801327223871,-0.0320166189192232,0.0060957264006771,0.0682874213448588,-0.0116504843980943,0.0278271744177672
2025-04-25,semiconductor,-0.04233631028438045,-0.11119861126831365,-0.06306851232342936,0.038880132722387106,-0.03201661891922325,0.006095726400677126,0.06828742134485888,-0.011650484398094352,0.027827174417767275
2025-04-25,shipbuilding,0.3387753438950351,0.2229205832254326,0.8383308797287651,0.1868153236816812,-0.0022266367195731,0.1137786107636918,0.1426556249550717,0.0617726184695895,0.1339332878113753
2025-04-25,shipbuilding,0.33877534389503516,0.22292058322543262,0.8383308797287651,0.1868153236816812,-0.0022266367195731274,0.11377861076369189,0.14265562495507178,0.06177261846958959,0.13393328781137537
2025-04-25,steel_materials,-0.0555840410811059,-0.0026083705948063,0.0687003257355142,0.0568308538354123,0.0093656448168816,0.0444142096556902,0.024164707318779,-0.0019823780664741,0.0896917785284155
2025-04-25,steel_materials,-0.05558404108110593,-0.002608370594806342,0.06870032573551421,0.05683085383541231,0.009365644816881624,0.04441420965569021,0.024164707318779066,-0.0019823780664741664,0.08969177852841559
2025-05-02,auto,-0.0440344471210474,-0.0815404637147831,-0.0268414533149211,-0.0038232125336128,-0.041485947140083,-0.0188691022537884,0.0312114090609699,-0.0784179415764971,-0.0338282270788314
2025-05-02,auto,-0.044034447121047426,-0.08154046371478318,-0.02684145331492116,-0.003823212533612841,-0.041485947140083024,-0.01886910225378846,0.031211409060969975,-0.07841794157649717,-0.033828227078831485
2025-05-02,battery,-0.0193742997523758,-0.180184456726156,-0.3310031736460598,0.0553830960544006,-0.0271847246213464,-0.0185429733868082,0.0299368670168167,-0.0525843802984907,-0.0828571001105061
2025-05-02,battery,-0.019374299752375812,-0.18018445672615602,-0.3310031736460598,0.055383096054400616,-0.027184724621346468,-0.018542973386808215,0.02993686701681675,-0.052584380298490774,-0.08285710011050618
2025-05-02,bio_health,0.0423345904956795,-0.0563351363917754,-0.0260730883881762,-0.0062534825336819,-0.0311681933209401,0.0158063918052375,-0.0035693252229987,-0.0209988278360141,0.0353226503028457
2025-05-02,bio_health,0.04233459049567956,-0.05633513639177545,-0.026073088388176235,-0.006253482533681964,-0.03116819332094012,0.015806391805237574,-0.003569325222998798,-0.020998827836014144,0.03532265030284576
2025-05-02,biosimilar_cdmo,0.0084122441187473,-0.0845474216328477,,0.0151078856394517,-0.0247734103674536,,0.0267311886236226,-0.0290303414755361,
2025-05-02,biosimilar_cdmo,0.008412244118747303,-0.08454742163284779,,0.015107885639451757,-0.02477341036745362,,0.02673118862362267,-0.02903034147553618,
2025-05-02,construction,0.0596020214184906,0.0765793886961092,0.1085908350255996,-0.0220351851896054,-0.0191928481952854,0.0360132765528731,-0.0089351583328516,0.0061269338675387,0.0415003124161837
2025-05-02,construction,0.05960202141849069,0.07657938869610925,0.10859083502559963,-0.022035185189605455,-0.01919284819528544,0.03601327655287312,-0.008935158332851634,0.006126933867538709,0.04150031241618379
2025-05-02,consumer,0.0742006759648219,0.1032949314869464,0.1297010232869507,-0.0127800712491696,0.0088122464194992,0.0204403005260263,-0.0151620455272174,0.0100083197338822,-0.0112213727551931
2025-05-02,consumer,0.07420067596482194,0.10329493148694646,0.12970102328695077,-0.012780071249169689,0.008812246419499292,0.0204403005260263,-0.01516204552721745,0.010008319733882276,-0.011221372755193193
2025-05-02,financial,0.0666653747452457,0.0241072579273227,0.0266411634824864,0.01302565268697,0.0086322589026011,0.0392467518329727,-0.0017690818204834,-0.0029950715429825,0.0545350289179672
2025-05-02,financial,0.0666653747452457,0.02410725792732271,0.026641163482486463,0.01302565268697009,0.008632258902601109,0.03924675183297277,-0.0017690818204834091,-0.002995071542982508,0.05453502891796724
2025-05-02,k_beauty,0.1097385040656968,0.1914438058447165,0.1819909454259253,-0.0182085271738636,0.0554879736819085,0.0809293167520124,-0.035531854610241,0.0641256053271861,0.0524209357232493
2025-05-02,k_beauty,0.10973850406569685,0.19144380584471654,0.1819909454259253,-0.018208527173863676,0.0554879736819085,0.08092931675201243,-0.035531854610241,0.06412560532718614,0.05242093572324935
2025-05-02,k_food,0.0301100636302193,0.1611569137863022,0.2170666146848002,-0.0173925821851239,0.0283569598513921,0.0254695358497789,-0.0040659628676447,0.045513391592344,0.0358101713579356
2025-05-02,k_food,0.030110063630219397,0.16115691378630226,0.21706661468480026,-0.01739258218512396,0.028356959851392194,0.025469535849778957,-0.004065962867644712,0.04551339159234402,0.03581017135793563
2025-05-02,media_platform,0.0393590112724109,-0.0091046155173981,0.1032712471446629,0.0155718510354281,-0.0085765292579129,0.0188176822307126,0.0460315045330692,0.0001518083646654,0.0344893076693121
2025-05-02,media_platform,0.039359011272410926,-0.009104615517398162,0.10327124714466296,0.01557185103542813,-0.008576529257912968,0.018817682230712673,0.046031504533069256,0.00015180836466544,0.03448930766931213
2025-05-02,semiconductor,-0.049653827740428,-0.1015611472915172,-0.0717300810696855,-0.0073175174560475,0.0096374639767964,-0.0086615687462562,-0.0461976501784346,0.0416540828960196,-0.0147572951469333
2025-05-02,semiconductor,-0.049653827740428036,-0.10156114729151722,-0.07173008106968559,-0.007317517456047584,0.009637463976796434,-0.008661568746256232,-0.04619765017843469,0.041654082896019684,-0.014757295146933358
2025-05-02,shipbuilding,0.228690655896758,0.2501592540715147,0.8259280574076856,-0.110084687998277,0.0272386708460821,-0.0124028223210794,-0.2969000116799583,0.0294653075656552,-0.1261814330847713
2025-05-02,shipbuilding,0.22869065589675808,0.25015925407151474,0.8259280574076856,-0.11008468799827709,0.027238670846082114,-0.012402822321079476,-0.2969000116799583,0.02946530756565524,-0.12618143308477137
2025-05-02,steel_materials,-0.0326431051297054,-0.0346007179704115,0.0080861559659765,0.0229409359514004,-0.0319923473756051,-0.0606141697695377,-0.0338899178840118,-0.0413579921924868,-0.1050283794252279
2025-05-02,steel_materials,-0.032643105129705474,-0.03460071797041153,0.008086155965976505,0.022940935951400454,-0.03199234737560519,-0.06061416976953771,-0.033889917884011855,-0.041357992192486814,-0.10502837942522791
2025-05-09,auto,-0.0740795836604113,-0.0752367547332377,-0.0426401277334647,-0.0300451365393639,0.0063037089815454,-0.0157986744185435,-0.026221924005751,0.0477896561216284,0.0030704278352449
2025-05-09,auto,-0.07407958366041134,-0.07523675473323777,-0.042640127733464706,-0.030045136539363915,0.0063037089815454195,-0.015798674418543546,-0.026221924005751074,0.04778965612162844,0.0030704278352449155
2025-05-09,battery,-0.1003532154236394,-0.1782276025233188,-0.3775161101479777,-0.0809789156712635,0.0019568542028371,-0.0465129365019179,-0.1363620117256642,0.0291415788241836,-0.0279699631151096
2025-05-09,battery,-0.1003532154236394,-0.17822760252331882,-0.3775161101479777,-0.08097891567126358,0.0019568542028371994,-0.0465129365019179,-0.1363620117256642,0.029141578824183667,-0.027969963115109686
2025-05-09,bio_health,-0.035733369905319,-0.0988253160851188,-0.0551731411043108,-0.0780679604009986,-0.0424901796933433,-0.0291000527161345,-0.0718144778673166,-0.0113219863724032,-0.0449064445213721
2025-05-09,bio_health,-0.03573336990531906,-0.0988253160851188,-0.05517314110431082,-0.07806796040099862,-0.042490179693343344,-0.029100052716134583,-0.07181447786731665,-0.011321986372403225,-0.04490644452137216
2025-05-09,biosimilar_cdmo,-0.0604414105654755,-0.1127000935124437,,-0.0688536546842228,-0.0281526718795959,,-0.0839615403236746,-0.0033792615121422,
2025-05-09,biosimilar_cdmo,-0.060441410565475584,-0.1127000935124437,,-0.06885365468422289,-0.028152671879595914,,-0.08396154032367464,-0.0033792615121422953,
2025-05-09,construction,0.0338091309727981,0.0802675245082458,0.1174951458881792,-0.0257928904456925,0.0036881358121365,0.0089043108625795,-0.003757705256087,0.022880984007422,-0.0271089656902935
2025-05-09,construction,0.03380913097279814,0.08026752450824581,0.11749514588817922,-0.02579289044569255,0.0036881358121365615,0.00890431086257959,-0.003757705256087096,0.022880984007422,-0.02710896569029353
2025-05-09,consumer,0.0553680647239362,0.129316459208846,0.1624098429831286,-0.0188326112408856,0.0260215277218995,0.0327088196961778,-0.0060525399917159,0.0172092813024002,0.0122685191701515
2025-05-09,consumer,0.055368064723936294,0.12931645920884605,0.16240984298312866,-0.018832611240885644,0.026021527721899584,0.03270881969617789,-0.006052539991715955,0.017209281302400292,0.012268519170151593
2025-05-09,financial,0.063661846901458,0.0123875737373451,0.0188852346339578,-0.0030035278437876,-0.0117196841899775,-0.0077559288485286,-0.0160291805307577,-0.0203519430925787,-0.0470026806815013
2025-05-09,financial,0.06366184690145804,0.012387573737345114,0.01888523463395786,-0.0030035278437876567,-0.011719684189977597,-0.007755928848528604,-0.016029180530757747,-0.020351943092578706,-0.047002680681501374
2025-05-09,k_beauty,0.1497112418293282,0.2614865415518226,0.2319658883135895,0.0399727377636314,0.070042735707106,0.0499749428876642,0.058181264937495,0.0145547620251975,-0.0309543738643481
2025-05-09,k_beauty,0.14971124182932827,0.2614865415518226,0.23196588831358955,0.039972737763631416,0.07004273570710606,0.04997494288766424,0.05818126493749509,0.014554762025197565,-0.030954373864348184
2025-05-09,k_food,-0.0035099043767115,0.1442404323601662,0.2335253554403544,-0.0336199680069309,-0.016916481426136,0.0164587407555542,-0.0162273858218069,-0.0452734412775281,-0.0090107950942247
2025-05-09,k_food,-0.0035099043767115035,0.14424043236016626,0.23352535544035447,-0.0336199680069309,-0.016916481426136,0.016458740755554202,-0.01622738582180694,-0.04527344127752819,-0.009010795094224755
2025-05-09,media_platform,-0.0576346997773415,-0.0894149966352552,0.0782897154322439,-0.0969937110497525,-0.080310381117857,-0.024981531712419,-0.1125655620851806,-0.071733851859944,-0.0437992139431316
2025-05-09,media_platform,-0.05763469977734159,-0.0894149966352552,0.07828971543224394,-0.09699371104975252,-0.08031038111785704,-0.024981531712419014,-0.11256556208518065,-0.07173385185994408,-0.04379921394313169
2025-05-09,semiconductor,-0.0016488836314649,-0.0880374537729909,-0.0614370356533584,0.048004944108963,0.0135236935185262,0.0102930454163271,0.0553224615650106,0.0038862295417297,0.0189546141625833
2025-05-09,semiconductor,-0.0016488836314649813,-0.08803745377299099,-0.06143703565335845,0.048004944108963055,0.013523693518526225,0.01029304541632714,0.05532246156501064,0.003886229541729791,0.018954614162583372
2025-05-09,shipbuilding,0.2786143361333066,0.2508436847346043,0.9345594297136832,0.0499236802365485,0.0006844306630895,0.1086313723059976,0.1600083682348256,-0.0265542401829925,0.1210341946270771
2025-05-09,shipbuilding,0.27861433613330666,0.2508436847346043,0.9345594297136832,0.049923680236548584,0.0006844306630895414,0.10863137230599762,0.16000836823482567,-0.026554240182992572,0.1210341946270771
2025-05-09,steel_materials,-0.0280492423546021,0.0093356103531001,-0.1167996531125021,0.0045938627751033,0.0439363283235116,-0.1248858090784786,-0.0183470731762971,0.0759286756991168,-0.0642716393089409
2025-05-09,steel_materials,-0.028049242354602155,0.009335610353100154,-0.11679965311250218,0.004593862775103319,0.043936328323511686,-0.12488580907847868,-0.018347073176297135,0.07592867569911688,-0.06427163930894098
2025-05-16,auto,-0.0283977834118409,-0.0468275264703929,-0.0553960373851444,0.0456818002485703,0.0284092282628448,-0.0127559096516797,0.0757269367879343,0.0221055192812994,0.0030427647668638
2025-05-16,auto,-0.02839778341184096,-0.0468275264703929,-0.055396037385144425,0.04568180024857038,0.028409228262844866,-0.01275590965167972,0.0757269367879343,0.022105519281299446,0.003042764766863826
2025-05-16,battery,-0.1720574157009027,-0.2154734445817422,-0.4082269561666096,-0.0717042002772633,-0.0372458420584234,-0.0307108460186319,0.0092747153940002,-0.0392026962612606,0.0158020904832859
2025-05-16,battery,-0.17205741570090272,-0.21547344458174222,-0.40822695616660964,-0.07170420027726332,-0.037245842058423406,-0.030710846018631943,0.009274715394000266,-0.039202696261260606,0.015802090483285958
2025-05-16,bio_health,-0.0977527661625324,-0.1244911972298483,-0.1086502817364643,-0.0620193962572134,-0.0256658811447295,-0.0534771406321534,0.0160485641437851,0.0168242985486137,-0.0243770879160188
2025-05-16,bio_health,-0.09775276616253248,-0.12449119722984836,-0.1086502817364643,-0.06201939625721342,-0.025665881144729563,-0.053477140632153475,0.016048564143785193,0.01682429854861378,-0.02437708791601889
2025-05-16,biosimilar_cdmo,-0.114533165673172,-0.1486363623122122,,-0.0540917551076964,-0.0359362687997685,,0.0147618995765264,-0.0077835969201726,
2025-05-16,biosimilar_cdmo,-0.11453316567317207,-0.14863636231221222,,-0.05409175510769648,-0.03593626879976852,,0.014761899576526405,-0.0077835969201726085,
2025-05-16,construction,0.0271492319235477,0.0698869339073422,0.1036049563189245,-0.0066598990492503,-0.0103805906009035,-0.0138901895692546,0.0191329913964422,-0.0140687264130401,-0.0227945004318342
2025-05-16,construction,0.02714923192354779,0.06988693390734224,0.10360495631892452,-0.006659899049250351,-0.010380590600903572,-0.013890189569254696,0.0191329913964422,-0.014068726413040133,-0.022794500431834286
2025-05-16,consumer,0.0363942406876023,0.1175949738469508,0.1000300827180495,-0.0189738240363339,-0.0117214853618952,-0.062379760265079,-0.0001412127954483,-0.0377430130837947,-0.0950885799612569
2025-05-16,consumer,0.03639424068760233,0.11759497384695083,0.10003008271804958,-0.018973824036333964,-0.011721485361895212,-0.062379760265079076,-0.00014121279544832,-0.037743013083794796,-0.09508857996125697
2025-05-16,financial,0.0861652533730621,0.0484831166892072,0.0112127167133788,0.022503406471604,0.0360955429518621,-0.0076725179205789,0.0255069343153917,0.0478152271418397,8.341092794961202e-05
2025-05-16,financial,0.08616525337306213,0.04848311668920724,0.011212716713378867,0.022503406471604093,0.036095542951862125,-0.007672517920578992,0.02550693431539175,0.04781522714183972,8.341092794961202e-05
2025-05-16,k_beauty,0.0825425551624259,0.2406563615909251,0.1348783236838251,-0.0671686866669023,-0.0208301799608974,-0.0970875646297644,-0.1071414244305337,-0.0908729156680034,-0.1470625075174286
2025-05-16,k_beauty,0.08254255516242592,0.24065636159092518,0.13487832368382513,-0.06716868666690234,-0.02083017996089742,-0.09708756462976442,-0.10714142443053376,-0.09087291566800348,-0.14706250751742866
2025-05-16,k_food,0.0003881543486856,0.0955936304197591,0.1442442967560406,0.0038980587253971,-0.0486468019404071,-0.0892810586843138,0.037518026732328,-0.0317303205142711,-0.105739799439868
2025-05-16,k_food,0.00038815434868566534,0.0955936304197591,0.14424429675604067,0.003898058725397169,-0.04864680194040716,-0.0892810586843138,0.03751802673232807,-0.03173032051427116,-0.105739799439868
2025-05-16,media_platform,-0.0203429056765558,-0.0745088213326133,0.0122553482013494,0.0372917941007857,0.0149061753026418,-0.0660343672308945,0.1342855051505382,0.0952165564204988,-0.0410528355184754
2025-05-16,media_platform,-0.020342905676555834,-0.07450882133261338,0.012255348201349436,0.03729179410078576,0.014906175302641822,-0.06603436723089451,0.13428550515053828,0.09521655642049887,-0.041052835518475495
2025-05-16,semiconductor,0.0123888193370482,-0.091524275031301,-0.0388807755568137,0.0140377029685132,-0.00348682125831,0.0225562600965446,-0.0339672411404498,-0.0170105147768362,0.0122632146802175
2025-05-16,semiconductor,0.012388819337048274,-0.091524275031301,-0.038880775556813796,0.014037702968513255,-0.0034868212583100133,0.022556260096544656,-0.0339672411404498,-0.01701051477683624,0.012263214680217516
2025-05-16,shipbuilding,0.0513905004439925,0.1505853150785969,0.8887890816565027,-0.2272238356893141,-0.1002583696560073,-0.0457703480571805,-0.2771475159258627,-0.1009428003190968,-0.1544017203631781
2025-05-16,shipbuilding,0.051390500443992515,0.15058531507859696,0.8887890816565027,-0.22722383568931415,-0.10025836965600732,-0.0457703480571805,-0.27714751592586273,-0.10094280031909686,-0.15440172036317812
2025-05-16,steel_materials,-0.063520264705071,-0.0092745456042584,-0.1373527725013036,-0.0354710223504688,-0.0186101559573586,-0.0205531193888014,-0.0400648851255721,-0.0625464842808702,0.1043326896896772
2025-05-16,steel_materials,-0.063520264705071,-0.009274545604258444,-0.13735277250130362,-0.03547102235046884,-0.0186101559573586,-0.020553119388801444,-0.04006488512557216,-0.06254648428087028,0.10433268968967724
2025-05-23,auto,-0.0942485346848153,-0.0731454075812542,-0.1403554712783963,-0.0658507512729743,-0.0263178811108613,-0.0849594338932518,-0.1115325515215447,-0.0547271093737061,-0.0722035242415721
2025-05-23,auto,-0.09424853468481531,-0.07314540758125421,-0.14035547127839632,-0.06585075127297435,-0.026317881110861308,-0.08495943389325189,-0.11153255152154473,-0.05472710937370617,-0.07220352424157217
2025-05-23,battery,-0.1834342982039203,-0.2854618514127973,-0.4516822570623001,-0.0113768825030176,-0.0699884068310551,-0.0434553008956904,0.0603273177742457,-0.0327425647726317,-0.0127444548770585
2025-05-23,battery,-0.18343429820392032,-0.28546185141279734,-0.45168225706230014,-0.011376882503017605,-0.06998840683105512,-0.043455300895690496,0.060327317774245715,-0.03274256477263171,-0.012744454877058553
2025-05-23,bio_health,-0.0597560245583067,-0.0621107301091301,-0.0877016088804346,0.0379967416042257,0.0623804671207182,0.0209486728560296,0.1000161378614391,0.0880463482654477,0.0744258134881831
2025-05-23,bio_health,-0.05975602455830675,-0.06211073010913015,-0.08770160888043466,0.037996741604225726,0.06238046712071821,0.020948672856029638,0.10001613786143915,0.08804634826544777,0.07442581348818311
2025-05-23,biosimilar_cdmo,-0.0774430513225026,-0.0896216189253846,,0.0370901143506694,0.0590147433868275,,0.0911818694583659,0.094951012186596,
2025-05-23,biosimilar_cdmo,-0.07744305132250262,-0.08962161892538467,,0.037090114350669445,0.05901474338682755,,0.09118186945836593,0.09495101218659607,
2025-05-23,construction,0.1035223910314717,0.1537485292525984,0.206682039291808,0.0763731591079239,0.0838615953452561,0.1030770829728835,0.0830330581571743,0.0942421859461597,0.1169672725421382
2025-05-23,construction,0.10352239103147176,0.1537485292525984,0.20668203929180806,0.07637315910792397,0.08386159534525617,0.10307708297288354,0.08303305815717432,0.09424218594615974,0.11696727254213823
2025-05-23,consumer,0.028527582953957,0.169167428309068,0.0922008594718817,-0.0078666577336452,0.0515724544621172,-0.0078292232461678,0.0111071663026887,0.0632939398240124,0.0545505370189112
2025-05-23,consumer,0.028527582953957076,0.16916742830906806,0.09220085947188172,-0.007866657733645255,0.05157245446211722,-0.00782922324616786,0.011107166302688709,0.06329393982401244,0.054550537018911216
2025-05-23,financial,0.0783578586447635,0.1242892273220193,0.0074989486244183,-0.0078073947282986,0.075806110632812,-0.0037137680889605,-0.0303108011999027,0.0397105676809499,0.0039587498316184
2025-05-23,financial,0.07835785864476352,0.1242892273220193,0.007498948624418356,-0.007807394728298611,0.07580611063281206,-0.003713768088960512,-0.030310801199902704,0.03971056768094994,0.00395874983161848
2025-05-23,k_beauty,0.1180815443367711,0.3145549299263535,0.2976587449352301,0.0355389891743451,0.0738985683354283,0.162780421251405,0.1027076758412475,0.0947287482963257,0.2598679858811694
2025-05-23,k_beauty,0.1180815443367711,0.3145549299263535,0.29765874493523015,0.03553898917434517,0.0738985683354283,0.16278042125140502,0.10270767584124751,0.09472874829632572,0.25986798588116944
2025-05-23,k_food,-0.0446696106714257,0.0949124873909461,0.1239692458044763,-0.0450577650201113,-0.0006811430288129,-0.0202750509515643,-0.0489558237455085,0.0479656589115942,0.0690060077327494
2025-05-23,k_food,-0.04466961067142572,0.09491248739094615,0.12396924580447632,-0.045057765020111384,-0.0006811430288129472,-0.020275050951564344,-0.04895582374550855,0.04796565891159421,0.06900600773274945
2025-05-23,media_platform,-0.0164668450096212,-0.0003589059718096,0.0332844536950427,0.0038760606669345,0.0741499153608037,0.0210291054936933,-0.0334157334338511,0.0592437400581619,0.0870634727245878
2025-05-23,media_platform,-0.016466845009621256,-0.0003589059718096532,0.03328445369504274,0.0038760606669345776,0.07414991536080373,0.0210291054936933,-0.03341573343385118,0.05924374005816191,0.08706347272458781
2025-05-23,semiconductor,-0.0242300866415605,-0.1442753187283176,-0.0375816420002876,-0.0366189059786088,-0.0527510436970166,0.0012991335565261,-0.050656608947122,-0.0492642224387066,-0.0212571265400185
2025-05-23,semiconductor,-0.024230086641560566,-0.14427531872831767,-0.037581642000287685,-0.03661890597860884,-0.052751043697016664,0.0012991335565261108,-0.050656608947122095,-0.04926422243870665,-0.021257126540018545
2025-05-23,shipbuilding,0.0918030076947191,0.1397043608606039,0.6857725109319226,0.0404125072507266,-0.010880954217993,-0.2030165707245801,0.2676363429400408,0.0893774154380142,-0.1572462226673996
2025-05-23,shipbuilding,0.09180300769471916,0.1397043608606039,0.6857725109319226,0.04041250725072665,-0.010880954217993066,-0.20301657072458013,0.2676363429400408,0.08937741543801425,-0.15724622266739963
2025-05-23,steel_materials,-0.0624666945455718,-0.0523749520301038,-0.0953100423247343,0.0010535701594991,-0.0431004064258454,0.0420427301765692,0.0365245925099679,-0.0244902504684868,0.0625958495653706
2025-05-23,steel_materials,-0.062466694545571855,-0.052374952030103894,-0.09531004232473439,0.0010535701594991398,-0.04310040642584545,0.04204273017656923,0.03652459250996798,-0.02449025046848685,0.06259584956537068
2025-05-30,auto,-0.1050048354330147,-0.1031896206354586,-0.1650284802431786,-0.0107563007481994,-0.0300442130542044,-0.0246730089647823,0.0550944505247749,-0.0037263319433431,0.0602864249284695
2025-05-30,auto,-0.10500483543301475,-0.10318962063545867,-0.16502848024317862,-0.010756300748199443,-0.03004421305420446,-0.024673008964782306,0.05509445052477491,-0.003726331943343153,0.060286424928469584
2025-05-30,battery,-0.1683383409570772,-0.3111237434927709,-0.388641590670887,0.015095957246843,-0.0256618920799736,0.0630406663914131,0.0264728397498607,0.0443265147510815,0.1064959672871036
2025-05-30,battery,-0.16833834095707723,-0.31112374349277094,-0.388641590670887,0.015095957246843095,-0.025661892079973603,0.06304066639141315,0.0264728397498607,0.044326514751081514,0.10649596728710364
2025-05-30,bio_health,-0.0353138072362249,-0.0981858276294641,-0.0497719268449783,0.0244422173220818,-0.036075097520334,0.0379296820354563,-0.0135545242821438,-0.0984555646410522,0.0169810091794266
2025-05-30,bio_health,-0.0353138072362249,-0.09818582762946415,-0.04977192684497833,0.02444221732208185,-0.036075097520334,0.037929682035456325,-0.013554524282143876,-0.0984555646410522,0.016981009179426687
2025-05-30,biosimilar_cdmo,-0.077957668208152,-0.1193732741685097,,-0.0005146168856494,-0.029751655243125,,-0.0376047312363189,-0.0887663986299526,
2025-05-30,biosimilar_cdmo,-0.07795766820815209,-0.11937327416850974,,-0.000514616885649466,-0.029751655243125064,,-0.03760473123631891,-0.08876639862995261,
2025-05-30,construction,0.1074314803071936,0.1832841372668707,0.2495280744965293,0.0039090892757218,0.0295356080142723,0.0428460352047213,-0.0724640698322021,-0.0543259873309838,-0.0602310477681622
2025-05-30,construction,0.10743148030719363,0.18328413726687076,0.24952807449652936,0.0039090892757218665,0.029535608014272352,0.0428460352047213,-0.0724640698322021,-0.054325987330983816,-0.06023104776816224
2025-05-30,consumer,3.729248372019711e-05,0.1209283905054532,0.0888537177973278,-0.0284902904702368,-0.0482390378036148,-0.0033471416745538,-0.0206236327365916,-0.099811492265732,0.004482081571614
2025-05-30,consumer,3.729248372019711e-05,0.12092839050545323,0.08885371779732787,-0.02849029047023688,-0.048239037803614826,-0.003347141674553855,-0.020623632736591624,-0.09981149226573205,0.004482081571614005
2025-05-30,financial,0.0907217843806302,0.1172302829169751,0.0218748324408402,0.0123639257358667,-0.0070589444050441,0.0143758838164218,0.0201713204641653,-0.0828650550378562,0.0180896519053823
2025-05-30,financial,0.09072178438063028,0.11723028291697513,0.02187483244084021,0.012363925735866754,-0.007058944405044176,0.014375883816421853,0.020171320464165365,-0.08286505503785624,0.018089651905382365
2025-05-30,k_beauty,0.0813140694874439,0.2459486997429671,0.3146022979481837,-0.0367674748493271,-0.0686062301833863,0.0169435530129535,-0.0723064640236723,-0.1425047985188146,-0.1458368682384514
2025-05-30,k_beauty,0.08131406948744391,0.24594869974296718,0.31460229794818373,-0.036767474849327186,-0.0686062301833863,0.016943553012953583,-0.07230646402367236,-0.1425047985188146,-0.14583686823845143
2025-05-30,k_food,-0.0409064202475693,0.0488024259069965,0.0802544323858338,0.0037631904238564,-0.0461100614839495,-0.0437148134186424,0.0488209554439678,-0.0454289184551366,-0.0234397624670781
2025-05-30,k_food,-0.0409064202475693,0.04880242590699657,0.08025443238583385,0.0037631904238564218,-0.04611006148394958,-0.04371481341864247,0.048820955443967806,-0.045428918455136635,-0.02343976246707813
2025-05-30,media_platform,-0.0325768063971918,-0.071008247016282,-0.0201591181062643,-0.0161099613875705,-0.0706493410444724,-0.0534435718013071,-0.0199860220545051,-0.1447992564052761,-0.0744726772950004
2025-05-30,media_platform,-0.03257680639719185,-0.07100824701628206,-0.020159118106264362,-0.016109961387570593,-0.0706493410444724,-0.0534435718013071,-0.01998602205450517,-0.14479925640527613,-0.0744726772950004
2025-05-30,semiconductor,-0.0238369992873113,-0.12621314094127,-0.0076645943245687,0.0003930873542492,0.0180621777870476,0.0299170476757189,0.037011993332858,0.0708132214840643,0.0286179141191927
2025-05-30,semiconductor,-0.02383699928731131,-0.12621314094127,-0.007664594324568785,0.00039308735424925523,0.018062177787047662,0.0299170476757189,0.037011993332858095,0.07081322148406433,0.02861791411919279
2025-05-30,shipbuilding,-0.0030812051857935,0.2453331582883551,0.6235490180157073,-0.0948842128805127,0.1056287974277512,-0.0622234929162153,-0.1352967201312394,0.1165097516457442,0.1407930778083648
2025-05-30,shipbuilding,-0.0030812051857935785,0.2453331582883551,0.6235490180157073,-0.09488421288051274,0.10562879742775122,-0.06222349291621532,-0.1352967201312394,0.11650975164574429,0.1407930778083648
2025-05-30,steel_materials,-0.0561923811482178,-0.0802925201966283,-0.0344019085638884,0.0062743133973539,-0.0279175681665244,0.0609081337608459,0.0052207432378548,0.0151828382593209,0.0188654035842766
2025-05-30,steel_materials,-0.056192381148217896,-0.08029252019662836,-0.03440190856388847,0.006274313397353959,-0.027917568166524465,0.06090813376084592,0.005220743237854819,0.015182838259320985,0.018865403584276685
2025-06-05,auto,-0.1157498312952457,-0.1444300161455413,-0.1581449309806384,-0.0107449958622309,-0.0412403955100826,0.0068835492625402,1.1304885968455023e-05,-0.0111961824558781,0.0315565582273225
2025-06-05,auto,-0.11574983129524574,-0.1444300161455413,-0.15814493098063842,-0.010744995862230988,-0.04124039551008263,0.006883549262540201,1.1304885968455025e-05,-0.011196182455878168,0.031556558227322506
2025-06-05,battery,-0.1577711492337791,-0.2916049740123421,-0.432065977848284,0.0105671917232981,0.0195187694804288,-0.043424387177397,-0.0045287655235449,0.0451806615604024,-0.1064650535688102
2025-06-05,battery,-0.1577711492337791,-0.2916049740123421,-0.43206597784828404,0.01056719172329812,0.019518769480428855,-0.04342438717739705,-0.004528765523544975,0.04518066156040246,-0.1064650535688102
2025-06-05,bio_health,-0.1126159281613425,-0.1899524371099881,-0.0825588681991382,-0.0773021209251176,-0.0917666094805239,-0.0327869413541599,-0.1017443382471995,-0.0556915119601899,-0.0707166233896162
2025-06-05,bio_health,-0.11261592816134258,-0.1899524371099881,-0.08255886819913827,-0.07730212092511768,-0.09176660948052395,-0.03278694135415994,-0.10174433824719953,-0.055691511960189954,-0.07071662338961626
2025-06-05,biosimilar_cdmo,-0.1046752187913055,-0.1747387440010347,,-0.0267175505831535,-0.0553654698325249,,-0.026202933697504,-0.0256138145893999,
2025-06-05,biosimilar_cdmo,-0.10467521879130559,-0.17473874400103473,,-0.026717550583153504,-0.055365469832524994,,-0.02620293369750404,-0.02561381458939993,
2025-06-05,construction,0.1343165871760807,0.2222702684141528,0.2461849835532257,0.0268851068688871,0.0389861311472821,-0.0033430909433036,0.0229760175931652,0.0094505231330097,-0.0461891261480249
2025-06-05,construction,0.13431658717608075,0.22227026841415287,0.2461849835532257,0.02688510686888712,0.03898613114728211,-0.0033430909433036504,0.022976017593165254,0.009450523133009758,-0.04618912614802495
2025-06-05,consumer,-0.0266620497546339,0.072017002618365,0.0929131830297376,-0.0266993422383541,-0.0489113878870881,0.0040594652324097,0.0017909482318827,-0.0006723500834733,0.0074066069069635
2025-06-05,consumer,-0.026662049754633932,0.07201700261836508,0.09291318302973761,-0.02669934223835413,-0.048911387887088154,0.0040594652324097424,0.0017909482318827497,-0.0006723500834733276,0.007406606906963598
2025-06-05,financial,0.0233708048403158,0.0995024836142823,0.0052091627758457,-0.0673509795403144,-0.0177277993026927,-0.0166656696649944,-0.0797149052761811,-0.0106688548976485,-0.0310415534814163
2025-06-05,financial,0.02337080484031584,0.09950248361428238,0.00520916277584571,-0.06735097954031444,-0.01772779930269275,-0.016665669664994498,-0.07971490527618119,-0.010668854897648572,-0.03104155348141635
2025-06-05,k_beauty,0.0367743157410964,0.2106240925533928,0.3495840039801099,-0.0445397537463474,-0.0353246071895743,0.0349817060319261,-0.0077722788970202,0.0332816229938119,0.0180381530189726
2025-06-05,k_beauty,0.036774315741096464,0.21062409255339287,0.3495840039801099,-0.044539753746347444,-0.03532460718957431,0.034981706031926185,-0.007772278897020257,0.03328162299381199,0.018038153018972602
2025-06-05,k_food,-0.0889272648787706,-0.0139798970642215,0.0964902338584758,-0.0480208446312013,-0.0627823229712181,0.016235801472642,-0.0517840350550578,-0.0166722614872685,0.0599506148912845
2025-06-05,k_food,-0.08892726487877067,-0.013979897064221536,0.09649023385847588,-0.048020844631201376,-0.06278232297121811,0.01623580147264203,-0.0517840350550578,-0.016672261487268525,0.059950614891284504
2025-06-05,media_platform,-0.0584119162108518,-0.0797768505264902,-0.0180150471953521,-0.0258351098136599,-0.0087686035102081,0.0021440709109121,-0.0097251484260894,0.0618807375342642,0.0555876427122192
2025-06-05,media_platform,-0.058411916210851844,-0.0797768505264902,-0.018015047195352185,-0.025835109813659995,-0.00876860351020814,0.002144070910912177,-0.009725148426089403,0.06188073753426426,0.055587642712219276
2025-06-05,semiconductor,0.0008520853066709,-0.0822479149623816,0.0025280164377425,0.0246890845939822,0.0439652259788884,0.0101926107623113,0.0242959972397329,0.0259030481918407,-0.0197244369134075
2025-06-05,semiconductor,0.0008520853066709133,-0.0822479149623816,0.0025280164377425862,0.024689084593982225,0.04396522597888841,0.010192610762311372,0.02429599723973297,0.02590304819184075,-0.019724436913407528
2025-06-05,shipbuilding,-0.0159616530684056,0.098069782836766,0.5850007410701052,-0.0128804478826121,-0.147263375451589,-0.038548276945602,0.0820037649979006,-0.2528921728793403,0.0236752159706132
2025-06-05,shipbuilding,-0.01596165306840569,0.09806978283676604,0.5850007410701052,-0.012880447882612112,-0.14726337545158907,-0.038548276945602034,0.08200376499790063,-0.2528921728793403,0.023675215970613284
2025-06-05,steel_materials,-0.0610066051868698,-0.1437192069758291,-0.0279825508957123,-0.0048142240386519,-0.0634266867792008,0.0064193576681761,-0.0110885374360059,-0.0355091186126763,-0.0544887760926697
2025-06-05,steel_materials,-0.061006605186869844,-0.14371920697582918,-0.027982550895712333,-0.004814224038651949,-0.06342668677920082,0.00641935766817614,-0.011088537436005907,-0.03550911861267636,-0.05448877609266978
2025-06-13,auto,-0.1018506461877382,-0.1466810828169451,-0.1768002665163242,0.0138991851075075,-0.0022510666714038,-0.0186553355356857,0.0246441809697385,0.0389893288386787,-0.0255388847982259
2025-06-13,auto,-0.1018506461877382,-0.14668108281694514,-0.1768002665163242,0.013899185107507539,-0.002251066671403845,-0.01865533553568577,0.024644180969738527,0.03898932883867878,-0.02553888479822597
2025-06-13,battery,-0.1376930667402557,-0.3592857684316235,-0.4597798496939131,0.0200780824935233,-0.0676807944192814,-0.0277138718456291,0.0095108907702252,-0.0871995638997102,0.0157105153317679
2025-06-13,battery,-0.13769306674025572,-0.3592857684316235,-0.45977984969391317,0.020078082493523386,-0.06768079441928143,-0.027713871845629123,0.009510890770225267,-0.08719956389971029,0.015710515331767927
2025-06-13,bio_health,-0.0642295916407664,-0.1537977018615807,-0.1125946100917432,0.0483863365205761,0.0361547352484074,-0.0300357418926049,0.1256884574456938,0.1279213447289313,0.0027511994615549
2025-06-13,bio_health,-0.06422959164076647,-0.1537977018615807,-0.11259461009174321,0.04838633652057611,0.0361547352484074,-0.03003574189260494,0.1256884574456938,0.12792134472893135,0.0027511994615549984
2025-06-13,biosimilar_cdmo,-0.0619726506362403,-0.1795211011792323,,0.0427025681550652,-0.0047823571781976,,0.0694201187382187,0.0505831126543273,
2025-06-13,biosimilar_cdmo,-0.061972650636240356,-0.17952110117923237,,0.042702568155065235,-0.004782357178197638,,0.06942011873821874,0.050583112654327356,
2025-06-13,construction,0.1802825458348713,0.2489017487539071,0.2902454790423825,0.0459659586587906,0.0266314803397542,0.0440604954891568,0.0190808517899034,-0.0123546508075278,0.0474035864324604
2025-06-13,construction,0.18028254583487135,0.24890174875390714,0.2902454790423825,0.04596595865879061,0.026631480339754265,0.044060495489156803,0.019080851789903486,-0.012354650807527845,0.047403586432460454
2025-06-13,consumer,-0.0367915410814485,0.0260544985805428,0.0347383301598291,-0.0101294913268146,-0.0459625040378222,-0.0581748528699084,0.0165698509115395,0.0029488838492659,-0.0622343181023181
2025-06-13,consumer,-0.03679154108144855,0.026054498580542873,0.03473833015982919,-0.010129491326814621,-0.045962504037822205,-0.05817485286990842,0.016569850911539508,0.0029488838492659486,-0.062234318102318165
2025-06-13,financial,0.0387514845807561,0.1316250139270991,-0.0257031627233221,0.0153806797404403,0.0321225303128167,-0.0309123254991678,0.0827316592807547,0.0498503296155095,-0.0142466558341733
2025-06-13,financial,0.03875148458075617,0.13162501392709913,-0.02570316272332218,0.015380679740440328,0.032122530312816755,-0.030912325499167892,0.08273165928075477,0.0498503296155095,-0.014246655834173394
2025-06-13,k_beauty,-0.0023368723095376,0.1678482676099155,0.3450029378154682,-0.039111188050634,-0.0427758249434773,-0.0045810661646417,0.0054285656957133,-0.007451217753903,-0.0395627721965679
2025-06-13,k_beauty,-0.0023368723095376076,0.16784826760991556,0.3450029378154682,-0.03911118805063407,-0.042775824943477314,-0.004581066164641712,0.005428565695713372,-0.0074512177539030056,-0.0395627721965679
2025-06-13,k_food,-0.0784772725254623,-0.0843572727073613,0.0076045912455524,0.0104499923533083,-0.0703773756431398,-0.0888856426129234,0.0584708369845097,-0.0075950526719217,-0.1051214440855654
2025-06-13,k_food,-0.07847727252546233,-0.08435727270736137,0.007604591245552461,0.010449992353308346,-0.07037737564313984,-0.08888564261292342,0.05847083698450972,-0.0075950526719217315,-0.10512144408556545
2025-06-13,media_platform,0.0196270602363766,-0.0490458780143934,-0.0943898506775171,0.0780389764472284,0.0307309725120967,-0.0763748034821649,0.1038740862608884,0.0394995760223049,-0.0785188743930771
2025-06-13,media_platform,0.019627060236376614,-0.04904587801439342,-0.09438985067751715,0.07803897644722846,0.030730972512096777,-0.07637480348216497,0.10387408626088845,0.039499576022304916,-0.07851887439307714
2025-06-13,semiconductor,-0.0429565532826221,-0.0682120875221763,0.0688659915274638,-0.043808638589293,0.0140358274402052,0.0663379750897212,-0.0684977231832753,-0.0299293985386831,0.0561453643274099
2025-06-13,semiconductor,-0.042956553282622156,-0.06821208752217633,0.06886599152746387,-0.04380863858929307,0.014035827440205262,0.06633797508972128,-0.0684977231832753,-0.02992939853868315,0.05614536432740991
2025-06-13,shipbuilding,0.0333530810933853,0.1974057130417816,0.7730063514467183,0.0493147341617909,0.0993359302050156,0.188005610376613,0.0621951820444031,0.2465993056566047,0.226553887322215
2025-06-13,shipbuilding,0.033353081093385306,0.19740571304178167,0.7730063514467183,0.049314734161790996,0.09933593020501563,0.188005610376613,0.06219518204440311,0.2465993056566047,0.22655388732221504
2025-06-13,steel_materials,0.0205400277146936,-0.1586823110124282,-0.0956674721064336,0.0815466329015635,-0.014963104036599,-0.0676849212107213,0.0863608569402154,0.0484635827426017,-0.0741042788788974
2025-06-13,steel_materials,0.020540027714693654,-0.15868231101242825,-0.09566747210643367,0.0815466329015635,-0.014963104036599062,-0.06768492121072134,0.08636085694021545,0.04846358274260176,-0.07410427887889748
2025-06-20,auto,-0.070163840319211,-0.1548087126754003,-0.1983662378103259,0.0316868058685271,-0.0081276298584551,-0.0215659712940017,0.0177876207610195,-0.0058765631870513,-0.0029106357583159
2025-06-20,auto,-0.07016384031921108,-0.1548087126754003,-0.19836623781032592,0.031686805868527124,-0.008127629858455165,-0.02156597129400173,0.017787620761019585,-0.00587656318705132,-0.0029106357583159603
2025-06-20,battery,-0.0636121131839781,-0.3166167514960182,-0.4697110112376953,0.0740809535562775,0.0426690169356053,-0.0099311615437821,0.0540028710627541,0.1103498113548867,0.0177827103018469
2025-06-20,battery,-0.06361211318397819,-0.3166167514960182,-0.4697110112376953,0.07408095355627753,0.04266901693560532,-0.009931161543782152,0.05400287106275414,0.11034981135488675,0.01778271030184697
2025-06-20,bio_health,-0.0877958957969273,-0.182050761313376,-0.1358968758655951,-0.0235663041561609,-0.0282530594517953,-0.0233022657738519,-0.071952640676737,-0.0644077947002027,0.0067334761187529
2025-06-20,bio_health,-0.08779589579692737,-0.18205076131337605,-0.13589687586559518,-0.0235663041561609,-0.028253059451795348,-0.02330226577385197,-0.07195264067673701,-0.06440779470020275,0.006733476118752968
2025-06-20,biosimilar_cdmo,-0.0999564687223952,-0.2222471804964034,,-0.0379838180861549,-0.042726079317171,,-0.0806863862412201,-0.0379437221389734,
2025-06-20,biosimilar_cdmo,-0.09995646872239528,-0.22224718049640346,,-0.03798381808615492,-0.042726079317171095,,-0.08068638624122015,-0.03794372213897346,
2025-06-20,construction,0.1131732933485518,0.2175324646265573,0.3758307281047528,-0.0671092524863194,-0.0313692841273498,0.0855852490623703,-0.1130752111451101,-0.0580007644671041,0.0415247535732135
2025-06-20,construction,0.11317329334855186,0.2175324646265573,0.3758307281047528,-0.06710925248631949,-0.03136928412734985,0.0855852490623703,-0.1130752111451101,-0.058000764467104116,0.0415247535732135
2025-06-20,consumer,-0.0618557505116557,0.0495500821545045,-0.0035556825860056,-0.0250642094302071,0.0234955835739616,-0.0382940127458348,-0.0149347181033925,0.0694580876117838,0.0198808401240735
2025-06-20,consumer,-0.061855750511655705,0.049550082154504516,-0.003555682586005693,-0.02506420943020715,0.023495583573961643,-0.03829401274583488,-0.01493471810339253,0.06945808761178385,0.01988084012407354
2025-06-20,financial,-0.0019385745149895,0.1185372870406982,0.0206496616662015,-0.0406900590957457,-0.0130877268864009,0.0463528243895237,-0.056070738836186,-0.0452102571992176,0.0772651498886916
2025-06-20,financial,-0.0019385745149895772,0.11853728704069821,0.020649661666201524,-0.040690059095745745,-0.013087726886400919,0.046352824389523706,-0.056070738836186074,-0.045210257199217674,0.0772651498886916
2025-06-20,k_beauty,-0.008919045632584,0.2069549917849333,0.3375748474392337,-0.0065821733230464,0.0391067241750178,-0.0074280903762344,0.0325290147275876,0.0818825491184951,-0.0028470242115927
2025-06-20,k_beauty,-0.008919045632584055,0.20695499178493337,0.3375748474392337,-0.006582173323046447,0.039106724175017815,-0.007428090376234486,0.032529014727587624,0.08188254911849513,-0.0028470242115927746
2025-06-20,k_food,-0.125338759325315,-0.1016749257835316,-0.0458932019736075,-0.0468614867998526,-0.0173176530761702,-0.05349779321916,-0.057311479153161,0.0530597225669695,0.0353878493937633
2025-06-20,k_food,-0.12533875932531502,-0.10167492578353166,-0.04589320197360758,-0.04686148679985269,-0.01731765307617028,-0.05349779321916004,-0.05731147915316104,0.05305972256696956,0.03538784939376338
2025-06-20,media_platform,0.1251013581370437,0.1102677806909426,0.0423243887925364,0.105474297900667,0.1593136587053361,0.1367142394700535,0.0274353214534386,0.1285826861932393,0.2130890429522185
2025-06-20,media_platform,0.1251013581370437,0.11026778069094267,0.042324388792536416,0.10547429790066709,0.1593136587053361,0.13671423947005357,0.027435321453438632,0.12858268619323932,0.21308904295221853
2025-06-20,semiconductor,-0.0243794009865958,-0.1024258941349298,0.0358487446764312,0.0185771522960263,-0.0342138066127535,-0.0330172468510325,0.0623857908853193,-0.0482496340529587,-0.0993552219407538
2025-06-20,semiconductor,-0.024379400986595856,-0.10242589413492986,0.03584874467643129,0.0185771522960263,-0.03421380661275353,-0.03301724685103258,0.06238579088531937,-0.04824963405295879,-0.09935522194075386
2025-06-20,shipbuilding,0.0156824517945741,0.1535962706229974,0.856204389531046,-0.0176706292988111,-0.0438094424187842,0.0831980380843278,-0.0669853634606021,-0.1431453726237999,-0.1048075722922852
2025-06-20,shipbuilding,0.01568245179457417,0.1535962706229974,0.856204389531046,-0.017670629298811136,-0.04380944241878426,0.0831980380843278,-0.06698536346060213,-0.1431453726237999,-0.10480757229228521
2025-06-20,steel_materials,0.0585813736133564,-0.1421273812411014,-0.13455083477681,0.0380413458986628,0.0165549297713267,-0.0388833626703764,-0.0435052870029006,0.0315180338079258,0.0288015585403449
2025-06-20,steel_materials,0.05858137361335647,-0.14212738124110147,-0.13455083477681007,0.038041345898662815,0.016554929771326776,-0.0388833626703764,-0.04350528700290068,0.03151803380792584,0.02880155854034494
2025-06-27,auto,-0.0639520964193043,-0.2348290183478506,-0.2214897295098636,0.0062117438999067,-0.0800203056724503,-0.0231234916995377,-0.0254750619686203,-0.0718926758139951,-0.001557520405536
2025-06-27,auto,-0.06395209641930433,-0.23482901834785064,-0.22148972950986368,0.006211743899906752,-0.08002030567245033,-0.023123491699537757,-0.02547506196862037,-0.07189267581399517,-0.001557520405536028
2025-06-27,battery,-0.0490719721841796,-0.3472322608613623,-0.5035765403108576,0.0145401409997985,-0.030615509365344,-0.0338655290731623,-0.059540812556479,-0.0732845263009493,-0.0239343675293801
2025-06-27,battery,-0.04907197218417969,-0.3472322608613623,-0.5035765403108576,0.014540140999798501,-0.030615509365344074,-0.033865529073162315,-0.05954081255647903,-0.07328452630094939,-0.023934367529380163
2025-06-27,bio_health,-0.1565341292324296,-0.1499289803408525,-0.2343930340150837,-0.0687382334355022,0.0321217809725234,-0.0984961581494885,-0.0451719292793413,0.0603748404243188,-0.0751938923756365
2025-06-27,bio_health,-0.1565341292324296,-0.14992898034085256,-0.2343930340150837,-0.06873823343550223,0.032121780972523495,-0.09849615814948853,-0.04517192927934133,0.06037484042431884,-0.07519389237563656
2025-06-27,biosimilar_cdmo,-0.1558514989209247,-0.230779481179019,,-0.0558950301985294,-0.0085323006826155,,-0.0179112121123745,0.0341937786345555,
2025-06-27,biosimilar_cdmo,-0.15585149892092476,-0.23077948117901903,,-0.05589503019852948,-0.008532300682615568,,-0.017911212112374564,0.03419377863455553,
2025-06-27,construction,-0.0097540392436781,0.2629638008383734,0.3170889748549323,-0.1229273325922299,0.0454313362118161,-0.0587417532498204,-0.0558180801059104,0.076800620339166,-0.1443270023121907
2025-06-27,construction,-0.009754039243678125,0.26296380083837345,0.31708897485493237,-0.12292733259222999,0.045431336211816165,-0.05874175324982045,-0.055818080105910495,0.07680062033916601,-0.14432700231219076
2025-06-27,consumer,-0.1198131505183632,0.0135620330591965,-0.0473041738136077,-0.0579574000067075,-0.0359880490953079,-0.043748491227602,-0.0328931905765004,-0.0594836326692695,-0.0054544784817671
2025-06-27,consumer,-0.11981315051836328,0.013562033059196565,-0.04730417381360774,-0.05795740000670757,-0.03598804909530795,-0.04374849122760205,-0.03289319057650042,-0.05948363266926959,-0.0054544784817671665
2025-06-27,financial,-0.0229780380843138,0.1245937626801205,0.0700712067673199,-0.0210394635693242,0.0060564756394223,0.0494215451011184,0.0196505955264214,0.0191442025258232,0.0030687207115946
2025-06-27,financial,-0.022978038084313868,0.12459376268012057,0.07007120676731993,-0.02103946356932429,0.006056475639422354,0.0494215451011184,0.019650595526421455,0.019144202525823273,0.003068720711594697
2025-06-27,k_beauty,-0.084443072679716,0.1973633153328513,0.1829111184174474,-0.075524027047132,-0.009591676452082,-0.1546637290217862,-0.0689418537240855,-0.0486984006270998,-0.1472356386455517
2025-06-27,k_beauty,-0.08444307267971607,0.19736331533285134,0.18291111841744745,-0.07552402704713201,-0.009591676452082032,-0.15466372902178627,-0.06894185372408557,-0.04869840062709985,-0.14723563864555178
2025-06-27,k_food,-0.1297789399772402,-0.1209141381076919,-0.1240636798742402,-0.0044401806519251,-0.0192392123241602,-0.0781704779006327,0.0424213061479274,-0.0019215592479899,-0.0246726846814726
2025-06-27,k_food,-0.12977893997724022,-0.12091413810769192,-0.12406367987424027,-0.004440180651925196,-0.01923921232416026,-0.0781704779006327,0.042421306147927496,-0.001921559247989979,-0.024672684681472656
2025-06-27,media_platform,0.0360235211882087,0.0682552786196655,-0.0548563729759066,-0.0890778369488349,-0.0420125020712771,-0.097180761768443,-0.194552134849502,-0.2013261607766132,-0.2338950012384966
2025-06-27,media_platform,0.03602352118820873,0.06825527861966552,-0.05485637297590662,-0.08907783694883498,-0.04201250207127716,-0.09718076176844304,-0.19455213484950207,-0.20132616077661325,-0.2338950012384966
2025-06-27,semiconductor,0.0407470383934809,-0.0599967523061635,0.0199357350595741,0.0651264393800767,0.0424291418287663,-0.0159130096168571,0.0465492870840504,0.0766429484415198,0.0171042372341754
2025-06-27,semiconductor,0.04074703839348093,-0.059996752306163526,0.019935735059574133,0.06512643938007678,0.04242914182876634,-0.015913009616857154,0.046549287084050484,0.07664294844151986,0.017104237234175423
2025-06-27,shipbuilding,-0.1132838489468333,0.2326621654987997,0.5474136023152878,-0.1289663007414074,0.0790658948758022,-0.3087907872157582,-0.1112956714425963,0.1228753372945865,-0.391988825300086
2025-06-27,shipbuilding,-0.1132838489468333,0.2326621654987997,0.5474136023152878,-0.12896630074140747,0.07906589487580229,-0.30879078721575826,-0.11129567144259633,0.12287533729458655,-0.39198882530008605
2025-06-27,steel_materials,0.0732693656702827,-0.0744240387924766,-0.0701650404147746,0.0146879920569262,0.0677033424486248,0.0643857943620354,-0.0233533538417365,0.051148412677298,0.1032691570324118
2025-06-27,steel_materials,0.07326936567028275,-0.07442403879247661,-0.07016504041477467,0.01468799205692628,0.06770334244862486,0.0643857943620354,-0.023353353841736535,0.05114841267729808,0.1032691570324118
2025-07-04,auto,0.0005054948993112,-0.1746708394507194,-0.2300754458161864,0.0644575913186156,0.0601581788971311,-0.0085857163063227,0.0582458474187088,0.1401784845695814,0.0145377753932149
2025-07-04,auto,0.0005054948993112873,-0.17467083945071948,-0.23007544581618644,0.06445759131861561,0.060158178897131154,-0.008585716306322766,0.05824584741870886,0.14017848456958149,0.014537775393214991
2025-07-04,battery,0.0412764155324312,-0.1963710883454548,-0.3758124725516029,0.0903483877166109,0.1508611725159074,0.1277640677592547,0.0758082467168124,0.1814766818812515,0.161629596832417
2025-07-04,battery,0.04127641553243122,-0.1963710883454548,-0.3758124725516029,0.09034838771661091,0.15086117251590747,0.12776406775925475,0.07580824671681241,0.18147668188125154,0.16162959683241707
2025-07-04,bio_health,-0.0759636005803776,-0.1398165196029013,-0.1869319163642646,0.0805705286520519,0.0101124607379512,0.047461117650819,0.1493087620875541,-0.0220093202345722,0.1459572758003076
2025-07-04,bio_health,-0.07596360058037765,-0.1398165196029013,-0.18693191636426465,0.08057052865205194,0.010112460737951245,0.04746111765081906,0.14930876208755417,-0.02200932023457225,0.1459572758003076
2025-07-04,biosimilar_cdmo,-0.100842881579126,-0.2026654568139283,,0.0550086173417987,0.0281140243650906,,0.1109036475403282,0.0366463250477062,
2025-07-04,biosimilar_cdmo,-0.10084288157912602,-0.20266545681392834,,0.05500861734179874,0.028114024365090695,,0.11090364754032822,0.03664632504770626,
2025-07-04,construction,-0.0735378437483025,0.1329397379912664,0.1896198830409357,-0.0637838045046244,-0.130024062847107,-0.1274690918139966,0.0591435280876055,-0.1754553990589231,-0.0687273385641762
2025-07-04,construction,-0.07353784374830252,0.13293973799126646,0.1896198830409357,-0.0637838045046244,-0.130024062847107,-0.12746909181399668,0.05914352808760559,-0.17545539905892316,-0.06872733856417623
2025-07-04,consumer,-0.077227354287128,-0.0036873857047097,-0.0403406668372132,0.0425857962312352,-0.0172494187639062,0.0069635069763944,0.1005431962379428,0.0187386303314016,0.0507119982039965
2025-07-04,consumer,-0.07722735428712801,-0.0036873857047097225,-0.04034066683721327,0.04258579623123526,-0.017249418763906288,0.0069635069763944735,0.10054319623794283,0.018738630331401662,0.05071199820399652
2025-07-04,financial,-0.0020199745629927,0.1316963307567273,0.0796340179041601,0.0209580635213211,0.0071025680766068,0.0095628111368402,0.0419975270906454,0.0010460924371844,-0.0398587339642781
2025-07-04,financial,-0.0020199745629927435,0.13169633075672738,0.07963401790416014,0.020958063521321124,0.007102568076606808,0.00956281113684021,0.041997527090645415,0.0010460924371844538,-0.03985873396427819
2025-07-04,k_beauty,-0.0913136728075962,0.0996049425463065,0.151315114190403,-0.0068706001278802,-0.0977583727865447,-0.0315960042270444,0.0686534269192518,-0.0881666963344627,0.1230677247947418
2025-07-04,k_beauty,-0.09131367280759628,0.09960494254630659,0.151315114190403,-0.006870600127880211,-0.09775837278654476,-0.03159600422704445,0.0686534269192518,-0.08816669633446272,0.12306772479474182
2025-07-04,k_food,-0.0743680637566046,-0.1199434148887681,-0.1261437908496732,0.0554108762206355,0.0009707232189237,-0.0020801109754329,0.0598510568725607,0.020209935543084,0.0760903669251997
2025-07-04,k_food,-0.07436806375660465,-0.11994341488876814,-0.1261437908496732,0.05541087622063556,0.0009707232189237747,-0.002080110975432925,0.05985105687256076,0.020209935543084034,0.07609036692519977
2025-07-04,media_platform,0.0455888808886577,0.0143619602134887,-0.0371198635217324,0.009565359700449,-0.0538933184061767,0.0177365094541741,0.098643196649284,-0.0118808163348995,0.1149172712226171
2025-07-04,media_platform,0.04558888088865776,0.01436196021348879,-0.037119863521732466,0.009565359700449028,-0.05389331840617673,0.017736509454174154,0.098643196649284,-0.011880816334899569,0.11491727122261719
2025-07-04,semiconductor,0.0200087010169502,-0.0493159582112652,-0.015087183623305,-0.0207383373765306,0.0106807940948983,-0.0350229186828792,-0.0858647767566074,-0.031748347733868,-0.019109909066022
2025-07-04,semiconductor,0.020008701016950292,-0.04931595821126522,-0.015087183623305078,-0.020738337376530636,0.010680794094898305,-0.03502291868287921,-0.08586477675660742,-0.03174834773386803,-0.019109909066022057
2025-07-04,shipbuilding,-0.1926110846887369,0.0425427471261401,0.2513733450369395,-0.0793272357419035,-0.1901194183726595,-0.2960402572783482,0.0496390649995038,-0.2691853132484618,0.0127505299374099
2025-07-04,shipbuilding,-0.1926110846887369,0.042542747126140146,0.25137334503693953,-0.07932723574190359,-0.19011941837265955,-0.29604025727834826,0.04963906499950388,-0.26918531324846184,0.012750529937409993
2025-07-04,steel_materials,0.1342096506397381,0.0179630521574976,-0.013672789483162,0.0609402849694553,0.0923870909499742,0.0564922509316125,0.046252292912529,0.0246837485013493,-0.0078935434304228
2025-07-04,steel_materials,0.1342096506397381,0.017963052157497605,-0.013672789483162084,0.06094028496945536,0.09238709094997422,0.056492250931612586,0.04625229291252908,0.024683748501349356,-0.007893543430422811
2025-07-11,auto,-0.0407818449920407,-0.2034204897805045,-0.2638033276511249,-0.041287339891352,-0.028749650329785,-0.0337278818349384,-0.1057449312099676,-0.0889078292269162,-0.0251421655286157
2025-07-11,auto,-0.04078184499204074,-0.20342048978050453,-0.2638033276511249,-0.041287339891352026,-0.028749650329785048,-0.03372788183493847,-0.10574493120996764,-0.0889078292269162,-0.0251421655286157
2025-07-11,battery,0.0231732030715834,-0.2531394221611653,-0.3750770703711019,-0.0181032124608477,-0.0567683338157105,0.0007354021805009,-0.1084516001774587,-0.207629506331618,-0.1270286655787538
2025-07-11,battery,0.023173203071583437,-0.25313942216116536,-0.37507707037110194,-0.018103212460847784,-0.05676833381571056,0.0007354021805009436,-0.1084516001774587,-0.20762950633161803,-0.1270286655787538
2025-07-11,bio_health,-0.0702732522825562,-0.2032811142130604,-0.2283964651917815,0.0056903482978214,-0.063464594610159,-0.0414645488275169,-0.0748801803542305,-0.0735770553481103,-0.088925666478336
2025-07-11,bio_health,-0.07027325228255621,-0.2032811142130604,-0.22839646519178158,0.005690348297821446,-0.06346459461015908,-0.041464548827516934,-0.0748801803542305,-0.07357705534811032,-0.088925666478336
2025-07-11,biosimilar_cdmo,-0.0710772012154445,-0.2491650769357416,-0.3108958198043701,0.0297656803636814,-0.0464996201218133,,-0.0252429369781173,-0.074613644486904,
2025-07-11,biosimilar_cdmo,-0.07107720121544459,-0.24916507693574164,-0.3108958198043701,0.029765680363681435,-0.0464996201218133,,-0.025242936978117303,-0.074613644486904,
2025-07-11,construction,-0.1316916304154519,0.0814056482842577,0.2003383077139142,-0.0581537866671494,-0.0515340897070086,0.0107184246729785,0.0056300178374749,0.0784899731400983,0.1381875164869752
2025-07-11,construction,-0.13169163041545195,0.08140564828425778,0.20033830771391425,-0.05815378666714943,-0.05153408970700868,0.010718424672978566,0.005630017837474965,0.07848997314009831,0.13818751648697525
2025-07-11,consumer,-0.0031133708745649,-0.0422711740095969,0.0157430067061701,0.074113983412563,-0.0385837883048871,0.0560836735433833,0.0315281871813277,-0.0213343695409808,0.0491201665669889
2025-07-11,consumer,-0.00311337087456498,-0.0422711740095969,0.015743006706170126,0.07411398341256303,-0.03858378830488718,0.056083673543383394,0.03152818718132777,-0.02133436954098089,0.04912016656698892
2025-07-11,financial,0.0807710073639702,0.2512256794977647,0.1980988831457555,0.0827909819269629,0.1195293487410373,0.1184648652415953,0.0618329184056418,0.1124267806644305,0.1089020541047551
2025-07-11,financial,0.08077100736397025,0.25122567949776475,0.19809888314575552,0.08279098192696299,0.11952934874103738,0.11846486524159539,0.06183291840564187,0.11242678066443057,0.10890205410475517
2025-07-11,k_beauty,-0.0478263666261549,0.1273950541193607,0.2178695642715298,0.0434873061814413,0.0277901115730541,0.0665544500811268,0.0503579063093215,0.1255484843595988,0.0981504543081712
2025-07-11,k_beauty,-0.047826366626154915,0.1273950541193607,0.21786956427152981,0.043487306181441365,0.02779011157305411,0.06655445008112681,0.050357906309321576,0.12554848435959887,0.09815045430817126
2025-07-11,k_food,-0.0275124638450865,-0.1859300972880142,-0.1040618171171865,0.0468555999115181,-0.0659866823992461,0.0220819737324866,-0.0085552763091174,-0.0669574056181698,0.0241620847079195
2025-07-11,k_food,-0.027512463845086543,-0.18593009728801424,-0.10406181711718654,0.04685559991151811,-0.0659866823992461,0.02208197373248666,-0.008555276309117454,-0.06695740561816987,0.024162084707919584
2025-07-11,media_platform,-0.0197401285891887,-0.0808425708265256,-0.0449515473585495,-0.0653290094778464,-0.0952045310400144,-0.007831683836817,-0.0748943691782955,-0.0413112126338377,-0.0255681932909912
2025-07-11,media_platform,-0.01974012858918872,-0.08084257082652568,-0.04495154735854956,-0.06532900947784648,-0.09520453104001447,-0.007831683836817094,-0.0748943691782955,-0.041311212633837746,-0.025568193290991248
2025-07-11,semiconductor,-0.0090408658731457,-0.021279588687753,-0.0586238249263957,-0.029049566890096,0.0280363695235121,-0.0435366413030906,-0.0083112295135654,0.0173555754286138,-0.0085137226202114
2025-07-11,semiconductor,-0.009040865873145787,-0.021279588687753037,-0.05862382492639573,-0.02904956689009608,0.028036369523512183,-0.04353664130309065,-0.008311229513565443,0.01735557542861388,-0.008513722620211439
2025-07-11,shipbuilding,-0.1466337921908099,-0.0085136236683518,0.2357039796337383,0.0459772924979269,-0.0510563707944919,-0.0156693654032011,0.1253045282398305,0.1390630475781675,0.2803708918751471
2025-07-11,shipbuilding,-0.14663379219080996,-0.008513623668351844,0.23570397963373835,0.045977292497926925,-0.05105637079449199,-0.015669365403201185,0.12530452823983051,0.13906304757816756,0.2803708918751471
2025-07-11,steel_materials,0.1076756113850054,0.0677920336825184,0.0427459695714729,-0.0265340392547326,0.0498289815250208,0.056418759054635,-0.087474324224188,-0.0425581094249534,-7.349187697758275e-05
2025-07-11,steel_materials,0.10767561138500548,0.0677920336825184,0.04274596957147292,-0.026534039254732633,0.0498289815250208,0.056418759054635004,-0.087474324224188,-0.042558109424953416,-7.349187697758275e-05
2025-07-18,auto,-0.0238567988921432,-0.1780224654031843,-0.2234340882196739,0.0169250460998975,0.0253980243773201,0.0403692394314509,0.0582123859912495,0.0541476747071052,0.0740971212663894
2025-07-18,auto,-0.023856798892143205,-0.17802246540318434,-0.22343408821967392,0.016925046099897534,0.025398024377320194,0.04036923943145099,0.05821238599124956,0.05414767470710524,0.07409712126638945
2025-07-18,battery,0.0867424751494516,-0.2362596404937789,-0.3896517553673168,0.0635692720778682,0.0168797816673864,-0.0145746849962148,0.081672484538716,0.073648115483097,-0.0153100871767157
2025-07-18,battery,0.08674247514945166,-0.2362596404937789,-0.3896517553673168,0.06356927207786822,0.016879781667386462,-0.014574684996214837,0.081672484538716,0.07364811548309702,-0.015310087176715781
2025-07-18,bio_health,0.0551188864633258,-0.1274382272584926,-0.1593533674281781,0.125392138745882,0.0758428869545677,0.0690430977636034,0.1197017904480606,0.1393074815647268,0.1105076465911203
2025-07-18,bio_health,0.055118886463325856,-0.12743822725849263,-0.15935336742817818,0.12539213874588206,0.07584288695456776,0.0690430977636034,0.11970179044806062,0.13930748156472683,0.11050764659112033
2025-07-18,biosimilar_cdmo,0.0059642619522857,-0.2091697425850915,-0.2856519105801065,0.0770414631677303,0.03999533435065,0.0252439092242635,0.0472757828040488,0.0864949544724633,
2025-07-18,biosimilar_cdmo,0.005964261952285721,-0.20916974258509158,-0.2856519105801065,0.0770414631677303,0.03999533435065006,0.02524390922426356,0.04727578280404887,0.08649495447246336,
2025-07-18,construction,-0.1294357593537757,0.0429158743977298,0.2142557395142621,0.0022558710616762,-0.0384897738865279,0.0139174318003478,0.0604096577288256,0.0130443158204807,0.0031990071273693
2025-07-18,construction,-0.12943575935377571,0.042915874397729814,0.21425573951426213,0.00225587106167624,-0.03848977388652797,0.01391743180034788,0.06040965772882567,0.013044315820480712,0.0031990071273693133
2025-07-18,consumer,0.0082525800134745,-0.0313671664079142,0.0521335952215751,0.0113659508880394,0.0109040076016826,0.036390588515405,-0.0627480325245235,0.0494877959065698,-0.0196930850279783
2025-07-18,consumer,0.008252580013474509,-0.03136716640791426,0.052133595221575124,0.011365950888039489,0.010904007601682641,0.036390588515405,-0.06274803252452354,0.04948779590656982,-0.019693085027978396
2025-07-18,financial,0.0567223761432358,0.1821260625038168,0.1744517496104718,-0.0240486312207344,-0.0690996169939479,-0.0236471335352836,-0.1068396131476974,-0.1886289657349853,-0.142111998776879
2025-07-18,financial,0.05672237614323583,0.1821260625038168,0.17445174961047183,-0.024048631220734418,-0.06909961699394795,-0.023647133535283693,-0.10683961314769741,-0.18862896573498533,-0.14211199877687908
2025-07-18,k_beauty,-0.0139251847742216,0.0915688108308283,0.2251386111814475,0.0339011818519332,-0.0358262432885323,0.0072690469099176,-0.0095861243295081,-0.0636163548615864,-0.0592854031712091
2025-07-18,k_beauty,-0.013925184774221666,0.09156881083082835,0.2251386111814475,0.03390118185193325,-0.035826243288532345,0.007269046909917698,-0.009586124329508117,-0.06361635486158645,-0.05928540317120912
2025-07-18,k_food,-0.0244535660747755,-0.1850572877303808,-0.066254842916041,0.0030588977703109,0.0008728095576333,0.0378069742011455,-0.0437967021412071,0.0668594919568794,0.0157250004686588
2025-07-18,k_food,-0.024453566074775557,-0.18505728773038088,-0.066254842916041,0.0030588977703109865,0.0008728095576333583,0.03780697420114554,-0.04379670214120712,0.06685949195687946,0.01572500046865888
2025-07-18,media_platform,-0.1224093754711254,-0.068895392179987,-0.0528598609346715,-0.1026692468819366,0.0119471786465386,-0.0079083135761219,-0.0373402374040902,0.107151709686553,-7.662973930488981e-05
2025-07-18,media_platform,-0.1224093754711254,-0.06889539217998708,-0.05285986093467154,-0.10266924688193668,0.011947178646538603,-0.007908313576121984,-0.037340237404090204,0.10715170968655308,-7.662973930488981e-05
2025-07-18,semiconductor,-0.0191871889921892,-0.0575363218137108,-0.1659233838119156,-0.0101463231190435,-0.0362567331259577,-0.1072995588855199,0.0189032437710525,-0.0642931026494699,-0.0637629175824292
2025-07-18,semiconductor,-0.019187188992189297,-0.05753632181371082,-0.16592338381191563,-0.01014632311904351,-0.036256733125957785,-0.1072995588855199,0.01890324377105257,-0.06429310264946997,-0.06376291758242925
2025-07-18,shipbuilding,-0.1323878229534297,-0.0728189730510329,0.2522262663271879,0.0142459692373801,-0.064305349382681,0.0165222866934495,-0.0317313232605467,-0.013248978588189,0.0321916520966507
2025-07-18,shipbuilding,-0.13238782295342977,-0.07281897305103291,0.2522262663271879,0.014245969237380196,-0.06430534938268107,0.016522286693449573,-0.03173132326054673,-0.013248978588189075,0.03219165209665076
2025-07-18,steel_materials,0.0827107338004211,0.0877591184672692,0.080909193029822,-0.0249648775845843,0.0199670847847508,0.0381632234583491,0.0015691616701483,-0.0298618967402699,-0.0182555355962859
2025-07-18,steel_materials,0.08271073380042115,0.08775911846726925,0.08090919302982202,-0.024964877584584322,0.019967084784750844,0.038163223458349105,0.0015691616701483113,-0.029861896740269955,-0.0182555355962859
2025-07-25,auto,0.0152244753542469,-0.1628453783572336,-0.2251510277387982,0.0390812742463901,0.0151770870459506,-0.0017169395191243,0.0221562281464926,-0.0102209373313695,-0.0420861789505753
2025-07-25,auto,0.01522447535424698,-0.16284537835723367,-0.22515102773879825,0.039081274246390185,0.015177087045950666,-0.0017169395191243275,0.02215622814649265,-0.010220937331369528,-0.042086178950575315
2025-07-25,battery,0.1372781242504197,-0.119211562952177,-0.3285956279029119,0.050535649100968,0.1170480775416018,0.0610561274644048,-0.0130336229769001,0.1001682958742153,0.0756308124606196
2025-07-25,battery,0.13727812425041974,-0.11921156295217705,-0.32859562790291197,0.05053564910096808,0.11704807754160185,0.06105612746440481,-0.013033622976900139,0.10016829587421539,0.07563081246061965
2025-07-25,bio_health,0.0857769036379907,-0.157174613617689,-0.157587090844665,0.0306580171746648,-0.0297363863591964,0.0017662765835131,-0.0947341215712171,-0.1055792733137641,-0.0672768211800902
2025-07-25,bio_health,0.08577690363799073,-0.15717461361768903,-0.15758709084466505,0.030658017174664876,-0.0297363863591964,0.0017662765835131378,-0.09473412157121719,-0.10557927331376415,-0.06727682118009026
2025-07-25,biosimilar_cdmo,0.0631172010838907,-0.2094871228998729,-0.2595772133547314,0.057152939131605,-0.0003173803147813,0.0260746972253751,-0.0198885240361252,-0.0403127146654314,0.0008307880011115
2025-07-25,biosimilar_cdmo,0.06311720108389074,-0.20948712289987292,-0.2595772133547314,0.05715293913160502,-0.0003173803147813459,0.026074697225375143,-0.019888524036125288,-0.040312714665431404,0.000830788001111582
2025-07-25,construction,-0.1253327404945912,0.0019178287428716,0.1378105082529823,0.0041030188591845,-0.0409980456548582,-0.0764452312612797,0.0018471477975082,-0.0025082717683302,-0.0903626630616276
2025-07-25,construction,-0.1253327404945912,0.0019178287428716079,0.13781050825298236,0.004103018859184515,-0.040998045654858206,-0.07644523126127978,0.001847147797508275,-0.002508271768330239,-0.09036266306162766
2025-07-25,consumer,-0.0014517555954201,-0.1271631274074109,0.0191552818755607,-0.0097043356088946,-0.0957959609994967,-0.0329783133460144,-0.0210702864969341,-0.1066999686011793,-0.0693689018614194
2025-07-25,consumer,-0.0014517555954201011,-0.12716312740741098,0.019155281875560703,-0.00970433560889461,-0.09579596099949672,-0.03297831334601442,-0.0210702864969341,-0.10669996860117936,-0.06936890186141942
2025-07-25,financial,0.0550301574253937,0.139574011422751,0.1709172038751536,-0.001692218717842,-0.0425520510810657,-0.0035345457353181,0.0223564125028923,0.0265475659128822,0.0201125877999654
2025-07-25,financial,0.055030157425393744,0.13957401142275105,0.17091720387515363,-0.0016922187178420867,-0.042552051081065745,-0.0035345457353181953,0.02235641250289233,0.02654756591288221,0.020112587799965498
2025-07-25,k_beauty,-0.0189701101131034,0.0214361106761546,0.195499231458947,-0.0050449253388817,-0.0701327001546736,-0.0296393797225005,-0.038946107190815,-0.0343064568661413,-0.0369084266324182
2025-07-25,k_beauty,-0.018970110113103456,0.021436110676154696,0.195499231458947,-0.005044925338881789,-0.07013270015467366,-0.029639379722500525,-0.03894610719081504,-0.03430645686614131,-0.03690842663241822
2025-07-25,k_food,-0.0262872742602342,-0.2390722644197864,-0.0689754036039234,-0.0018337081854586,-0.0540149766894055,-0.0027205606878824,-0.0048926059557696,-0.0548877862470389,-0.0405275348890279
2025-07-25,k_food,-0.02628727426023425,-0.23907226441978646,-0.0689754036039234,-0.0018337081854586934,-0.05401497668940558,-0.0027205606878824007,-0.00489260595576968,-0.05488778624703894,-0.04052753488902794
2025-07-25,media_platform,-0.1220483390765591,-0.1300830858659252,-0.1064345064253864,0.0003610363945663,-0.0611876936859381,-0.0535746454907148,0.1030302832765029,-0.0731348723324767,-0.0456663319145929
2025-07-25,media_platform,-0.1220483390765591,-0.1300830858659252,-0.10643450642538643,0.0003610363945663053,-0.06118769368593813,-0.05357464549071489,0.10303028327650299,-0.07313487233247673,-0.045666331914592906
2025-07-25,semiconductor,-0.0868635585348799,-0.0793971526558117,-0.1902356792759638,-0.0676763695426906,-0.0218608308421008,-0.0243122954640482,-0.0575300464236471,0.0143959022838568,0.0829872634214716
2025-07-25,semiconductor,-0.08686355853487993,-0.07939715265581171,-0.19023567927596385,-0.06767636954269063,-0.021860830842100887,-0.024312295464048228,-0.05753004642364712,0.014395902283856898,0.08298726342147167
2025-07-25,shipbuilding,0.043153366029917,0.0378175660508106,0.2697159127530637,0.1755411889833468,0.1106365391018435,0.0174896464258758,0.1612952197459666,0.1749418884845246,0.0009673597324262
2025-07-25,shipbuilding,0.04315336602991704,0.03781756605081066,0.2697159127530637,0.1755411889833468,0.11063653910184357,0.017489646425875804,0.1612952197459666,0.17494188848452463,0.0009673597324262317
2025-07-25,steel_materials,0.1333390700310965,0.1524022942510339,0.150234888168288,0.0506283362306754,0.0646431757837646,0.0693256951384659,0.0755932138152597,0.0446760909990138,0.0311624716801168
2025-07-25,steel_materials,0.13333907003109657,0.1524022942510339,0.150234888168288,0.05062833623067542,0.06464317578376466,0.06932569513846598,0.07559321381525974,0.04467609099901382,0.031162471680116877
2025-08-01,auto,-0.0226393034643301,-0.1683678470653073,-0.2323985325001871,-0.0378637788185771,-0.0055224687080737,-0.0072475047613889,-0.0769450530649673,-0.0206995557540243,-0.0055305652422645
2025-08-01,auto,-0.022639303464330185,-0.16836784706530739,-0.23239853250018716,-0.037863778818577165,-0.005522468708073713,-0.007247504761388912,-0.07694505306496735,-0.02069955575402438,-0.005530565242264585
2025-08-01,battery,0.027865389809813,-0.1725023348746541,-0.3351796381379872,-0.1094127344406067,-0.0532907719224771,-0.0065840102350752,-0.1599483835415748,-0.1703388494640789,-0.06764013769948
2025-08-01,battery,0.027865389809813013,-0.17250233487465416,-0.33517963813798723,-0.10941273444060673,-0.05329077192247711,-0.006584010235075266,-0.1599483835415748,-0.17033884946407896,-0.06764013769948007
2025-08-01,bio_health,0.011725849091967,-0.1682464540867716,-0.2033552126172886,-0.0740510545460236,-0.0110718404690826,-0.0457681217726235,-0.1047090717206885,0.0186645458901137,-0.0475343983561367
2025-08-01,bio_health,0.011725849091967055,-0.16824645408677164,-0.20335521261728862,-0.07405105454602368,-0.011071840469082606,-0.04576812177262357,-0.10470907172068855,0.018664545890113793,-0.04753439835613671
2025-08-01,biosimilar_cdmo,-0.0088809378964569,-0.2438687003275745,-0.2782059598689743,-0.0719981389803476,-0.0343815774277016,-0.0186287465142429,-0.1291510781119527,-0.0340641971129203,-0.0447034437396181
2025-08-01,biosimilar_cdmo,-0.008880937896456942,-0.24386870032757457,-0.27820595986897434,-0.07199813898034768,-0.03438157742770165,-0.018628746514242955,-0.1291510781119527,-0.0340641971129203,-0.0447034437396181
2025-08-01,construction,-0.0529442993661924,0.0019918489759589,0.1246325881242234,0.0723884411283987,7.402023308733519e-05,-0.0131779201287589,0.0682854222692141,0.0410720658879455,0.0632673111325208
2025-08-01,construction,-0.05294429936619249,0.001991848975958943,0.1246325881242234,0.0723884411283987,7.402023308733519e-05,-0.013177920128758958,0.06828542226921419,0.04107206588794554,0.06326731113252082
2025-08-01,consumer,-0.0093687505961147,-0.0854918663956536,0.0463810996995182,-0.0079169950006946,0.0416712610117573,0.0272258178239575,0.0017873406081999,0.137467222011254,0.0602041311699719
2025-08-01,consumer,-0.00936875059611475,-0.08549186639565365,0.0463810996995182,-0.007916995000694649,0.04167126101175733,0.0272258178239575,0.001787340608199961,0.13746722201125405,0.06020413116997192
2025-08-01,financial,-0.0321977320344458,0.0315920046751998,0.0606939767904743,-0.0872278894598396,-0.1079820067475512,-0.1102232270846792,-0.0855356707419975,-0.0654299556664854,-0.106688681349361
2025-08-01,financial,-0.03219773203444587,0.03159200467519985,0.06069397679047439,-0.08722788945983961,-0.1079820067475512,-0.11022322708467924,-0.08553567074199753,-0.06542995566648546,-0.10668868134936105
2025-08-01,k_beauty,-0.0109512369509022,-0.0262771441174616,0.2082098027133629,0.0080188731622011,-0.0477132547936163,0.0127105712544159,0.0130637985010829,0.0224194453610573,0.0423499509769165
2025-08-01,k_beauty,-0.010951236950902277,-0.026277144117461626,0.20820980271336298,0.008018873162201179,-0.04771325479361632,0.012710571254415992,0.013063798501082968,0.022419445361057333,0.04234995097691652
2025-08-01,k_food,-0.028158461729,-0.1755622924722195,-0.000502927646266,-0.0018711874687658,0.0635099719475669,0.0684724759576573,-3.7479283307106925e-05,0.1175249486369724,0.0711930366455397
2025-08-01,k_food,-0.02815846172900005,-0.17556229247221955,-0.000502927646266027,-0.0018711874687658003,0.06350997194756691,0.06847247595765737,-3.7479283307106925e-05,0.11752494863697249,0.07119303664553978
2025-08-01,media_platform,-0.0956804645906473,-0.1241278374887089,-0.0933199889414655,0.0263678744859117,0.0059552483772162,0.0131145174839208,0.0260068380913454,0.0671429420631544,0.0666891629746357
2025-08-01,media_platform,-0.09568046459064738,-0.12412783748870893,-0.09331998894146554,0.026367874485911713,0.005955248377216282,0.013114517483920896,0.026006838091345408,0.06714294206315441,0.06668916297463579
2025-08-01,semiconductor,-0.0380062988635736,-0.0337039186008398,-0.2070923745729815,0.0488572596713062,0.0456932340549718,-0.0168566952970177,0.1165336292139969,0.0675540648970727,0.0074556001670305
2025-08-01,semiconductor,-0.03800629886357365,-0.03370391860083988,-0.20709237457298157,0.048857259671306275,0.04569323405497183,-0.01685669529701772,0.1165336292139969,0.06755406489707272,0.007455600167030507
2025-08-01,shipbuilding,0.2104663167131101,0.0637874315476425,0.4502631652398421,0.167312950683193,0.0259698654968318,0.1805472524867784,-0.0082282383001537,-0.0846666736050116,0.1630576060609025
2025-08-01,shipbuilding,0.2104663167131101,0.06378743154764255,0.4502631652398421,0.16731295068319307,0.02596986549683189,0.1805472524867784,-0.008228238300153734,-0.08466667360501168,0.16305760606090258
2025-08-01,steel_materials,-0.0191315775980323,0.0447550649136465,0.0415188459809945,-0.1524706476291288,-0.1076472293373873,-0.1087160421872934,-0.2030989838598043,-0.172290405121152,-0.1780417373257594
2025-08-01,steel_materials,-0.0191315775980323,0.04475506491364656,0.041518845980994534,-0.15247064762912887,-0.10764722933738735,-0.10871604218729347,-0.2030989838598043,-0.172290405121152,-0.17804173732575945
2025-08-08,auto,-0.0215504665372046,-0.1469883424939604,-0.2354690982976766,0.0010888369271255,0.0213795045713469,-0.0030705657974894,0.0389526157457027,0.0269019732794206,0.0041769389638994
2025-08-08,auto,-0.021550466537204604,-0.14698834249396042,-0.2354690982976766,0.0010888369271255804,0.021379504571346963,-0.003070565797489433,0.038952615745702746,0.026901973279420677,0.004176938963899479
2025-08-08,battery,0.0824483346864113,-0.0720704707675781,-0.2872353106772376,0.0545829448765983,0.100431864107076,0.0479443274607496,0.163995679317205,0.1537226360295531,0.0545283376958248
2025-08-08,battery,0.08244833468641133,-0.07207047076757811,-0.2872353106772376,0.054582944876598316,0.10043186410707605,0.047944327460749614,0.16399567931720505,0.15372263602955316,0.05452833769582488
2025-08-08,bio_health,-0.0141305768095184,-0.1424922723280701,-0.2577315060472434,-0.0258564259014855,0.0257541817587014,-0.0543762934299547,0.0481946286445381,0.036826022227784,-0.0086081716573311
2025-08-08,bio_health,-0.014130576809518458,-0.14249227232807016,-0.2577315060472434,-0.025856425901485514,0.025754181758701478,-0.05437629342995476,0.04819462864453816,0.03682602222778408,-0.008608171657331187
2025-08-08,biosimilar_cdmo,-0.0469462654981253,-0.210365717923453,-0.3354850641089695,-0.0380653276016683,0.0335029824041215,-0.0572791042399951,0.0339328113786793,0.0678845598318231,-0.0386503577257522
2025-08-08,biosimilar_cdmo,-0.046946265498125306,-0.21036571792345304,-0.3354850641089695,-0.038065327601668364,0.03350298240412153,-0.05727910423999516,0.03393281137867932,0.06788455983182318,-0.038650357725752205
2025-08-08,construction,-0.0173500040704458,0.0333113781727327,0.1386969623761873,0.0355942952957466,0.0313195291967738,0.0140643742519639,-0.036794145832652,0.0312455089636864,0.0272422943807228
2025-08-08,construction,-0.017350004070445846,0.033311378172732775,0.13869696237618734,0.03559429529574665,0.03131952919677383,0.01406437425196394,-0.03679414583265206,0.031245508963686497,0.027242294380722898
2025-08-08,consumer,0.0035400516795864,-0.0817236440539064,0.0693648333713523,0.0129088022757012,0.0037682223417472,0.0229837336718341,0.0208257972763958,-0.0379030386700101,-0.0042420841521233
2025-08-08,consumer,0.0035400516795864867,-0.08172364405390642,0.06936483337135235,0.012908802275701237,0.0037682223417472294,0.02298373367183415,0.020825797276395885,-0.0379030386700101,-0.004242084152123349
2025-08-08,financial,-0.0577003620889171,0.0364837409781231,0.053671136480518,-0.0255026300544712,0.0048917363029232,-0.0070228403099563,0.0617252594053683,0.1128737430504744,0.1032003867747228
2025-08-08,financial,-0.057700362088917156,0.036483740978123125,0.05367113648051802,-0.025502630054471287,0.0048917363029232774,-0.0070228403099563685,0.06172525940536833,0.11287374305047448,0.10320038677472287
2025-08-08,k_beauty,0.0385110976441178,0.0071061351426338,0.3407066251242476,0.0494623345950201,0.0333832792600954,0.1324968224108846,0.0414434614328189,0.0810965340537117,0.1197862511564686
2025-08-08,k_beauty,0.038511097644117864,0.007106135142633807,0.34070662512424765,0.04946233459502014,0.03338327926009543,0.13249682241088467,0.04144346143281896,0.08109653405371176,0.11978625115646868
2025-08-08,k_food,-0.0545331272395138,-0.2133285300841478,-0.0672323430149182,-0.0263746655105138,-0.0377662376119283,-0.0667294153686521,-0.024503478041748,-0.1012762095594952,-0.1352018913263095
2025-08-08,k_food,-0.05453312723951387,-0.21332853008414787,-0.0672323430149182,-0.026374665510513817,-0.03776623761192832,-0.06672941536865218,-0.024503478041748017,-0.10127620955949523,-0.13520189132630955
2025-08-08,media_platform,-0.040397754050672,-0.0692935559908838,-0.1784225748370613,0.0552827105399753,0.0548342814978251,-0.0851025858955958,0.0289148360540636,0.0488790331206088,-0.0982171033795167
2025-08-08,media_platform,-0.04039775405067203,-0.06929355599088383,-0.17842257483706137,0.055282710539975355,0.0548342814978251,-0.08510258589559583,0.028914836054063642,0.04887903312060882,-0.09821710337951672
2025-08-08,semiconductor,-0.0129077597682248,-0.0308983341039685,-0.1406734064169308,0.0250985390953487,0.0028055844968712,0.0664189681560507,-0.0237587205759575,-0.0428876495581005,0.0832756634530684
2025-08-08,semiconductor,-0.012907759768224891,-0.030898334103968583,-0.14067340641693082,0.02509853909534876,0.002805584496871294,0.06641896815605075,-0.023758720575957515,-0.04288764955810054,0.08327566345306847
2025-08-08,shipbuilding,0.218262384438131,0.0490000581009661,0.3807212441408225,0.0077960677250209,-0.0147873734466763,-0.0695419210990195,-0.1595168829581721,-0.0407572389435082,-0.2500891735857979
2025-08-08,shipbuilding,0.21826238443813106,0.04900005810096619,0.38072124414082253,0.00779606772502095,-0.014787373446676355,-0.06954192109901958,-0.15951688295817212,-0.040757238943508245,-0.25008917358579796
2025-08-08,steel_materials,-0.0605563060889704,-0.0129776528911655,-0.001628137409779,-0.0414247284909381,-0.0577327178048121,-0.0431469833907736,0.1110459191381907,0.0499145115325752,0.0655690587965198
2025-08-08,steel_materials,-0.060556306088970446,-0.012977652891165592,-0.0016281374097790735,-0.041424728490938145,-0.05773271780481215,-0.04314698339077361,0.11104591913819073,0.0499145115325752,0.06556905879651986
2025-08-14,auto,-0.0254838831060708,-0.1502231847814714,-0.2124446383487637,-0.0039334165688662,-0.003234842287511,0.0230244599489128,-0.0050222534959918,-0.0246143468588579,0.0260950257464023
2025-08-14,auto,-0.02548388310607086,-0.15022318478147145,-0.2124446383487637,-0.003933416568866255,-0.0032348422875110305,0.02302445994891289,-0.005022253495991835,-0.024614346858857994,0.026095025746402323
2025-08-14,battery,0.1547387336206791,0.0412022257818296,-0.2038809439369093,0.0722903989342678,0.1132726965494077,0.0833543667403282,0.0177074540576694,0.0128408324423316,0.0354100392795786
2025-08-14,battery,0.15473873362067914,0.04120222578182964,-0.20388094393690936,0.07229039893426781,0.11327269654940775,0.08335436674032826,0.01770745405766949,0.012840832442331696,0.03541003927957864
2025-08-14,bio_health,-0.0096997690531177,-0.0985084591131919,-0.2439859830334692,0.0044308077564007,0.0439838132148782,0.0137455230137741,0.0302872336578862,0.0182296314561767,0.0681218164437289
2025-08-14,bio_health,-0.009699769053117757,-0.09850845911319195,-0.2439859830334692,0.004430807756400701,0.04398381321487821,0.013745523013774186,0.030287233657886214,0.01822963145617673,0.06812181644372894
2025-08-14,biosimilar_cdmo,-0.0267509225134988,-0.1709718852575996,-0.3457554298096207,0.0201953429846264,0.0393938326658533,-0.0102703657006512,0.0582606705862948,0.0058908502617318,0.0470087385393439
2025-08-14,biosimilar_cdmo,-0.026750922513498865,-0.17097188525759965,-0.3457554298096207,0.02019534298462644,0.03939383266585339,-0.010270365700651207,0.058260670586294805,0.0058908502617318614,0.04700873853934395
2025-08-14,construction,-0.039146176591398,-0.0180442159120197,0.0497602525106772,-0.0217961725209522,-0.0513555940847525,-0.08893670986551,-0.0573904678166988,-0.0826751232815263,-0.103001084117474
2025-08-14,construction,-0.039146176591398074,-0.018044215912019768,0.04976025251067728,-0.02179617252095223,-0.05135559408475254,-0.08893670986551006,-0.057390467816698876,-0.08267512328152637,-0.103001084117474
2025-08-14,consumer,-0.067612613089815,-0.1147915139048143,-0.0247422196850004,-0.0711526647694015,-0.0330678698509079,-0.0941070530563528,-0.0840614670451027,-0.0368360921926551,-0.1170907867281869
2025-08-14,consumer,-0.06761261308981503,-0.11479151390481435,-0.024742219685000455,-0.07115266476940152,-0.03306786985090793,-0.09410705305635281,-0.08406146704510276,-0.03683609219265516,-0.11709078672818696
2025-08-14,financial,-0.0390875241551585,0.0347371845291399,0.0937592659088444,0.0186128379337585,-0.0017465564489831,0.0400881294283264,0.0441154679882298,-0.0066382927519064,0.0471109697382827
2025-08-14,financial,-0.03908752415515859,0.034737184529139986,0.09375926590884442,0.018612837933758564,-0.0017465564489831387,0.0400881294283264,0.04411546798822985,-0.006638292751906416,0.04711096973828277
2025-08-14,k_beauty,-0.0404417140723314,-0.0572631539018093,0.2083012142277065,-0.0789528117164493,-0.0643692890444431,-0.1324054108965411,-0.1284151463114694,-0.0977525683045386,-0.2649022333074258
2025-08-14,k_beauty,-0.040441714072331436,-0.05726315390180936,0.20830121422770653,-0.0789528117164493,-0.06436928904444317,-0.13240541089654112,-0.12841514631146944,-0.0977525683045386,-0.2649022333074258
2025-08-14,k_food,-0.061779053934579,-0.2024599000289406,-0.1407115651393864,-0.0072459266950651,0.0108686300552072,-0.0734792221244682,0.0191287388154486,0.0486348676671355,-0.006749806755816
2025-08-14,k_food,-0.061779053934579053,-0.20245990002894065,-0.14071156513938643,-0.007245926695065186,0.010868630055207218,-0.07347922212446822,0.01912873881544863,0.04863486766713554,-0.006749806755816046
2025-08-14,media_platform,-0.0126078024955023,-0.0686172321720781,-0.2020550878871676,0.0277899515551697,0.0006763238188056,-0.0236325130501062,-0.0274927589848056,-0.0541579576790194,0.0614700728454895
2025-08-14,media_platform,-0.012607802495502307,-0.06861723217207816,-0.20205508788716764,0.027789951555169723,0.0006763238188056686,-0.023632513050106274,-0.027492758984805632,-0.05415795767901943,0.061470072845489554
2025-08-14,semiconductor,-9.829595039523298e-05,-0.0281269659944378,-0.157431818363724,0.0128094638178296,0.0027713681095307,-0.0167584119467931,-0.0122890752775191,-3.421638734057986e-05,-0.0831773801028439
2025-08-14,semiconductor,-9.829595039523298e-05,-0.02812696599443787,-0.157431818363724,0.012809463817829658,0.002771368109530714,-0.016758411946793172,-0.012289075277519101,-3.421638734057986e-05,-0.08317738010284392
2025-08-14,shipbuilding,0.1881569485495811,0.0451641637833337,0.3850172196691006,-0.0301054358885499,-0.0038358943176324,0.004295975528278,-0.0379015036135709,0.0109514791290439,0.0738378966272976
2025-08-14,shipbuilding,0.1881569485495811,0.045164163783333766,0.38501721966910063,-0.03010543588854997,-0.0038358943176324267,0.004295975528278095,-0.03790150361357092,0.010951479129043928,0.07383789662729767
2025-08-14,steel_materials,-0.0874775468308954,0.0318407206387068,0.0388847767086109,-0.026921240741925,0.0448183735298723,0.0405129141183899,0.0145034877490131,0.1025510913346845,0.0836598975091635
2025-08-14,steel_materials,-0.08747754683089548,0.0318407206387068,0.0388847767086109,-0.026921240741925034,0.04481837352987239,0.040512914118389975,0.014503487749013111,0.10255109133468454,0.08365989750916358
2025-08-22,auto,-0.0241179141547597,-0.0746427619490932,-0.1453860432188281,0.0013659689513111,0.0755804228323782,0.0670585951299356,0.0052993855201773,0.0788152651198892,0.0440341351810227
2025-08-22,auto,-0.024117914154759723,-0.07464276194909325,-0.1453860432188281,0.0013659689513111362,0.0755804228323782,0.06705859512993562,0.005299385520177391,0.07881526511988923,0.04403413518102273
2025-08-22,battery,0.0396755516422531,0.0981504361506577,-0.2395532575219223,-0.115063181978426,0.0569482103688281,-0.0356723135850129,-0.1873535809126938,-0.0563244861805796,-0.1190266803253412
2025-08-22,battery,0.039675551642253115,0.09815043615065777,-0.23955325752192236,-0.11506318197842602,0.056948210368828134,-0.035672313585012994,-0.18735358091269383,-0.056324486180579614,-0.11902668032534125
2025-08-22,bio_health,-0.0612713584823035,-0.1398981781432262,-0.2298019452996593,-0.0515715894291858,-0.0413897190300343,0.0141840377338098,-0.0560023971855865,-0.0853735322449125,0.0004385147200356
2025-08-22,bio_health,-0.061271358482303584,-0.13989817814322625,-0.22980194529965936,-0.05157158942918583,-0.0413897190300343,0.014184037733809829,-0.05600239718558653,-0.08537353224491251,0.0004385147200356432
2025-08-22,biosimilar_cdmo,-0.0739851823016092,-0.20672116544027,-0.3014220641996208,-0.0472342597881103,-0.0357492801826704,0.0443333656099999,-0.0674296027727368,-0.0751431128485238,0.0546037313106511
2025-08-22,biosimilar_cdmo,-0.07398518230160922,-0.20672116544027008,-0.3014220641996208,-0.047234259788110355,-0.03574928018267043,0.0443333656099999,-0.0674296027727368,-0.07514311284852382,0.054603731310651105
2025-08-22,construction,-0.0030831614757065,-0.0525805062338837,0.0299368599106608,0.0360630151156915,-0.034536290321864,-0.0198233926000164,0.0578591876366437,0.0168193037628885,0.0691133172654936
2025-08-22,construction,-0.0030831614757065307,-0.05258050623388377,0.029936859910660862,0.036063015115691543,-0.034536290321864005,-0.01982339260001642,0.05785918763664377,0.016819303762888538,0.06911331726549363
2025-08-22,consumer,-0.0075856616346224,-0.1105009439288267,0.052829899596279,0.0600269514551925,0.0042905699759876,0.0775721192812795,0.131179616224594,0.0373584398268955,0.1716791723376323
2025-08-22,consumer,-0.007585661634622487,-0.1105009439288267,0.05282989959627904,0.060026951455192545,0.004290569975987646,0.0775721192812795,0.13117961622459406,0.03735843982689557,0.1716791723376323
2025-08-22,financial,-0.0475523826840432,-0.0198614464321569,0.1024861522692752,-0.0084648585288846,-0.0545986309612969,0.0087268863604308,-0.0270776964626432,-0.0528520745123137,-0.0313612430678955
2025-08-22,financial,-0.04755238268404327,-0.019861446432156926,0.10248615226927527,-0.008464858528884678,-0.05459863096129691,0.008726886360430841,-0.02707769646264324,-0.052852074512313774,-0.03136124306789556
2025-08-22,k_beauty,0.0059952962729842,-0.0454605347137697,0.2763025511782875,0.0464370103453156,0.0118026191880395,0.0680013369505809,0.1253898220617649,0.0761719082324827,0.2004067478471221
2025-08-22,k_beauty,0.00599529627298423,-0.04546053471376976,0.2763025511782875,0.046437010345315666,0.011802619188039598,0.06800133695058097,0.12538982206176497,0.07617190823248277,0.2004067478471221
2025-08-22,k_food,-0.0387924367348424,-0.2066147557940625,-0.1177715161545607,0.0229866171997366,-0.0041548557651218,0.0229400489848257,0.0302325438948017,-0.015023485820329,0.0964192711092939
2025-08-22,k_food,-0.03879243673484245,-0.20661475579406252,-0.11777151615456072,0.022986617199736603,-0.004154855765121868,0.02294004898482571,0.03023254389480179,-0.015023485820329086,0.09641927110929394
2025-08-22,media_platform,0.0300365798197692,-0.0615085717657228,-0.0632838064910148,0.0426443823152715,0.0071086604063552,0.1387712813961528,0.0148544307601018,0.0064323365875496,0.162403794446259
2025-08-22,media_platform,0.03003657981976926,-0.061508571765722886,-0.06328380649101484,0.04264438231527157,0.007108660406355272,0.1387712813961528,0.014854430760101844,0.006432336587549603,0.16240379444625908
2025-08-22,semiconductor,0.0002516498118648,-0.0473855793314721,-0.2017145470369747,0.0003499457622601,-0.0192586133370342,-0.0442827286732507,-0.0124595180555695,-0.0220299814465649,-0.0275243167264576
2025-08-22,semiconductor,0.00025164981186487356,-0.04738557933147214,-0.20171454703697478,0.00034994576226010654,-0.01925861333703427,-0.04428272867325078,-0.012459518055569552,-0.022029981446564983,-0.02752431672645761
2025-08-22,shipbuilding,0.1622970844020346,0.0836969209267715,0.3023657075646611,-0.0258598641475464,0.0385327571434377,-0.0826515121044395,0.0042455717410034,0.0423686514610701,-0.0869474876327176
2025-08-22,shipbuilding,0.1622970844020346,0.0836969209267715,0.3023657075646611,-0.025859864147546485,0.038532757143437735,-0.08265151210443955,0.004245571741003484,0.04236865146107016,-0.08694748763271765
2025-08-22,steel_materials,-0.1385586114116443,0.0434704436610537,-0.0242334066042231,-0.0510810645807489,0.0116297230223469,-0.063118183312834,-0.0241598238388238,-0.0331886505075254,-0.103631097431224
2025-08-22,steel_materials,-0.13855861141164438,0.04347044366105379,-0.02423340660422313,-0.0510810645807489,0.011629723022346994,-0.06311818331283403,-0.02415982383882387,-0.0331886505075254,-0.103631097431224
2025-08-29,auto,0.0023848214038028,-0.0508169134906255,-0.1412066803633345,0.0265027355585625,0.0238258484584676,0.0041793628554935,0.0251367666072513,-0.0517545743739105,-0.062879232274442
2025-08-29,auto,0.002384821403802806,-0.05081691349062556,-0.1412066803633345,0.02650273555856253,0.02382584845846769,0.004179362855493585,0.025136766607251393,-0.05175457437391051,-0.06287923227444203
2025-08-29,battery,-0.0321046304560729,0.0225917366301899,-0.350410202139925,-0.071780182098326,-0.0755586995204677,-0.1108569446180026,0.0432829998800999,-0.1325069098892959,-0.0751846310329896
2025-08-29,battery,-0.032104630456072925,0.022591736630189985,-0.350410202139925,-0.07178018209832604,-0.07555869952046779,-0.11085694461800266,0.04328299988009998,-0.13250690988929592,-0.07518463103298967
2025-08-29,bio_health,-0.0188204493200464,-0.0966836152109513,-0.217253975075204,0.0424509091622571,0.0432145629322748,0.0125479702244553,0.0940224985914429,0.0846042819623091,-0.0016360675093545
2025-08-29,bio_health,-0.01882044932004645,-0.09668361521095137,-0.21725397507520405,0.04245090916225713,0.04321456293227488,0.012547970224455307,0.09402249859144296,0.08460428196230918,-0.0016360675093545218
2025-08-29,biosimilar_cdmo,-0.0349916050874848,-0.1524025383191487,-0.2910240766844272,0.0389935772141243,0.0543186271211213,0.0103979875151936,0.0862278370022346,0.0900679073037917,-0.0339353780948062
2025-08-29,biosimilar_cdmo,-0.03499160508748489,-0.15240253831914874,-0.2910240766844272,0.03899357721412433,0.05431862712112134,0.010397987515193607,0.08622783700223469,0.09006790730379177,-0.03393537809480629
2025-08-29,construction,-0.0122496949122336,-0.1637348626620729,0.0562846759323458,-0.009166533436527,-0.1111543564281891,0.026347816021685,-0.0452295485522186,-0.0766180661063251,0.0461712086217014
2025-08-29,construction,-0.0122496949122336,-0.16373486266207293,0.05628467593234587,-0.009166533436527069,-0.11115435642818916,0.02634781602168501,-0.04522954855221861,-0.07661806610632516,0.04617120862170143
2025-08-29,consumer,0.0290671297105121,-0.0684248150087205,0.0397105865725859,0.0366527913451346,0.0420761289201061,-0.013119313023693,-0.0233741601100578,0.0377855589441185,-0.0906914323049725
2025-08-29,consumer,0.029067129710512174,-0.06842481500872055,0.03971058657258597,0.03665279134513466,0.04207612892010615,-0.013119313023693069,-0.023374160110057884,0.0377855589441185,-0.09069143230497256
2025-08-29,financial,-0.0210651828298886,-0.0356447901331815,0.0862251836345067,0.0264871998541545,-0.0157833437010246,-0.0162609686347685,0.0349520583830392,0.0388152872602722,-0.0249878549951994
2025-08-29,financial,-0.021065182829888673,-0.03564479013318156,0.08622518363450671,0.026487199854154597,-0.015783343701024632,-0.016260968634768558,0.034952058383039275,0.03881528726027228,-0.0249878549951994
2025-08-29,k_beauty,0.0261478343319775,-0.0355324433037136,0.201538282325453,0.0201525380589933,0.0099280914100561,-0.0747642688528344,-0.0262844722863223,-0.0018745277779834,-0.1427656058034154
2025-08-29,k_beauty,0.026147834331977537,-0.035532443303713634,0.201538282325453,0.020152538058993308,0.009928091410056128,-0.07476426885283449,-0.026284472286322358,-0.0018745277779834701,-0.14276560580341546
2025-08-29,k_food,0.0220610564298601,-0.1276967270463065,-0.1028288767456027,0.0608534931647025,0.078918028747756,0.014942639408958,0.0378668759649659,0.0830728845128778,-0.0079974095758676
2025-08-29,k_food,0.022061056429860115,-0.12769672704630652,-0.1028288767456027,0.060853493164702566,0.078918028747756,0.014942639408958014,0.03786687596496596,0.08307288451287786,-0.007997409575867698
2025-08-29,media_platform,0.0446866498180641,-0.0718596370200044,-0.1191694772899385,0.0146500699982948,-0.0103510652542815,-0.0558856707989237,-0.0279943123169766,-0.0174597256606368,-0.1946569521950765
2025-08-29,media_platform,0.04468664981806414,-0.07185963702000442,-0.11916947728993854,0.014650069998294879,-0.010351065254281533,-0.0558856707989237,-0.02799431231697669,-0.017459725660636805,-0.1946569521950765
2025-08-29,semiconductor,0.0277205591244659,0.0058128944864299,-0.143011032444895,0.027468909312601,0.0531984738179021,0.0587035145920797,0.0271189635503409,0.0724570871549363,0.1029862432653305
2025-08-29,semiconductor,0.027720559124465916,0.005812894486429965,-0.143011032444895,0.027468909312601042,0.0531984738179021,0.058703514592079786,0.027118963550340935,0.07245708715493637,0.10298624326533057
2025-08-29,shipbuilding,0.1598764245823069,0.167642836178141,0.4309640336521654,-0.0024206598197277,0.0839459152513695,0.1285983260875043,0.0234392043278187,0.0454131581079317,0.2112498381919438
2025-08-29,shipbuilding,0.1598764245823069,0.16764283617814102,0.4309640336521654,-0.002420659819727722,0.08394591525136952,0.12859832608750432,0.023439204327818763,0.045413158107931784,0.21124983819194387
2025-08-29,steel_materials,-0.1153721363805397,-0.0067248435486044,-0.1028713739762776,0.0231864750311046,-0.0501952872096582,-0.0786379673720545,0.0742675396118535,-0.0618250102320052,-0.0155197840592204
2025-08-29,steel_materials,-0.11537213638053978,-0.0067248435486044755,-0.10287137397627766,0.023186475031104603,-0.05019528720965827,-0.07863796737205453,0.0742675396118535,-0.06182501023200526,-0.015519784059220498
2025-09-05,auto,0.0390373020164092,-0.0286665260019511,-0.1732196906891383,0.0366524806126064,0.0221503874886743,-0.0320130103258038,0.0101497450540438,-0.0016754609697933,-0.0361923731812974
2025-09-05,auto,0.0390373020164092,-0.028666526001951187,-0.17321969068913834,0.0366524806126064,0.022150387488674372,-0.03201301032580384,0.010149745054043868,-0.0016754609697933187,-0.03619237318129742
2025-09-05,battery,-0.0806706915354376,0.0356637404083757,-0.3421042965792531,-0.0485660610793646,0.0130720037781857,0.0083059055606719,0.0232141210189613,0.0886307032986535,0.1191628501786745
2025-09-05,battery,-0.0806706915354376,0.03566374040837572,-0.3421042965792531,-0.048566061079364675,0.013072003778185737,0.0083059055606719,0.023214121018961364,0.08863070329865352,0.11916285017867456
2025-09-05,bio_health,0.0121927850563978,-0.02402601512131,-0.2397824161066251,0.0310132343764443,0.0726576000896412,-0.022528441031421,-0.0114376747858128,0.0294430371573664,-0.0350764112558763
2025-09-05,bio_health,0.01219278505639787,-0.024026015121310085,-0.2397824161066251,0.03101323437644432,0.07265760008964128,-0.022528441031421043,-0.011437674785812812,0.029443037157366403,-0.03507641125587635
2025-09-05,biosimilar_cdmo,0.0007707689754248,-0.1060939915503873,-0.3060498426174592,0.0357623740629097,0.0463085467687613,-0.015025765933032,-0.0032312031512146,-0.0080100803523599,-0.0254237534482256
2025-09-05,biosimilar_cdmo,0.0007707689754248293,-0.10609399155038735,-0.30604984261745927,0.03576237406290972,0.046308546768761394,-0.015025765933032065,-0.003231203151214612,-0.00801008035235995,-0.025423753448225672
2025-09-05,construction,-0.0774337184567615,-0.1443497731051378,-0.007976445271199,-0.0651840235445279,0.019385089556935,-0.0642611212035448,-0.0560174901080008,0.1305394459851242,-0.0906089372252298
2025-09-05,construction,-0.0774337184567615,-0.14434977310513786,-0.007976445271199006,-0.0651840235445279,0.019385089556935076,-0.06426112120354488,-0.056017490108000834,0.13053944598512424,-0.09060893722522989
2025-09-05,consumer,-0.0354366535284356,-0.0763368933051857,-0.0141973938754054,-0.0645037832389477,-0.0079120782964652,-0.0539079804479913,-0.1011565745840824,-0.0499882072165713,-0.0407886674242983
2025-09-05,consumer,-0.03543665352843561,-0.07633689330518578,-0.014197393875405417,-0.06450378323894779,-0.00791207829646523,-0.05390798044799139,-0.10115657458408245,-0.04998820721657138,-0.04078866742429832
2025-09-05,financial,-0.0509183439258082,-0.078081824484248,0.0844524599985023,-0.0298531610959196,-0.0424370343510664,-0.0017727236360043,-0.0563403609500742,-0.0266536906500418,0.0144882449987642
2025-09-05,financial,-0.050918343925808296,-0.07808182448424805,0.08445245999850237,-0.029853161095919623,-0.042437034351066494,-0.0017727236360043364,-0.05634036095007422,-0.02665369065004186,0.014488244998764221
2025-09-05,k_beauty,-0.067277875994581,-0.0922374921573072,0.1164735122742357,-0.0934257103265585,-0.0567050488535936,-0.0850647700512172,-0.1135782483855518,-0.0666331402636497,-0.0103005011983827
2025-09-05,k_beauty,-0.06727787599458102,-0.09223749215730725,0.11647351227423575,-0.09342571032655855,-0.05670504885359362,-0.08506477005121726,-0.11357824838555186,-0.06663314026364975,-0.010300501198382772
2025-09-05,k_food,-0.0139747237477667,-0.1062662350215997,-0.1535326195120008,-0.0360357801776268,0.0214304920247068,-0.0507037427663981,-0.0968892733423294,-0.0574875367230491,-0.0656463821753561
2025-09-05,k_food,-0.01397472374776676,-0.10626623502159971,-0.1535326195120008,-0.036035780177626875,0.021430492024706815,-0.05070374276639811,-0.09688927334232944,-0.05748753672304918,-0.06564638217535612
2025-09-05,media_platform,0.0120574420463936,-0.0911292434004138,-0.1511626616144048,-0.0326292077716704,-0.0192696063804094,-0.0319931843244662,-0.0472792777699653,-0.0089185411261278,0.0238924864744574
2025-09-05,media_platform,0.012057442046393696,-0.09112924340041384,-0.15116266161440484,-0.03262920777167044,-0.01926960638040942,-0.031993184324466295,-0.04727927776996532,-0.008918541126127888,0.02389248647445741
2025-09-05,semiconductor,0.0313908462417855,-0.0054997355114567,-0.1098734788091384,0.0036702871173196,-0.0113126299978867,0.0331375536357565,-0.0237986221952813,-0.0645111038157888,-0.0255659609563232
2025-09-05,semiconductor,0.031390846241785564,-0.005499735511456771,-0.10987347880913845,0.0036702871173196483,-0.011312629997886736,0.033137553635756545,-0.023798622195281394,-0.06451110381578884,-0.02556596095632324
2025-09-05,shipbuilding,0.0888073801740794,0.2165129177392715,0.320454111607243,-0.0710690444082274,0.0488700815611304,-0.1105099220449223,-0.0686483845884997,-0.035075833690239,-0.2391082481324267
2025-09-05,shipbuilding,0.08880738017407941,0.2165129177392715,0.320454111607243,-0.07106904440822748,0.048870081561130485,-0.11050992204492238,-0.06864838458849976,-0.03507583369023903,-0.2391082481324267
2025-09-05,steel_materials,-0.0452769755327182,0.0385143897590249,-0.1454108820407929,0.0700951608478215,0.0452392333076294,-0.0425395080645152,0.0469086858167169,0.0954345205172877,0.0360984593075393
2025-09-05,steel_materials,-0.045276975532718255,0.03851438975902499,-0.1454108820407929,0.07009516084782152,0.04523923330762947,-0.04253950806451523,0.04690868581671692,0.09543452051728774,0.0360984593075393
2025-09-12,auto,-0.0394226940272426,-0.0758143562782984,-0.2463782432528662,-0.0784599960436518,-0.0471478302763472,-0.0731585525637279,-0.1151124766562582,-0.0692982177650216,-0.0411455422379241
2025-09-12,auto,-0.03942269402724263,-0.07581435627829847,-0.24637824325286628,-0.07845999604365184,-0.04714783027634728,-0.07315855256372794,-0.11511247665625823,-0.06929821776502165,-0.041145542237924104
2025-09-12,battery,-0.1291662344370699,0.040579895567621,-0.4335963789083866,-0.0484955429016323,0.0049161551592453,-0.0914920823291335,7.051817773229274e-05,-0.0081558486189403,-0.0997979878898054
2025-09-12,battery,-0.12916623443706998,0.040579895567621094,-0.43359637890838665,-0.04849554290163238,0.004916155159245372,-0.09149208232913353,7.051817773229274e-05,-0.008155848618940365,-0.09979798788980543
2025-09-12,bio_health,-0.0243669374394381,-0.0489881045491455,-0.225780645719519,-0.036559722495836,-0.0249620894278355,0.014001770387106,-0.0675729568722803,-0.0976196895174768,0.036530211418527
2025-09-12,bio_health,-0.024366937439438185,-0.048988104549145595,-0.22578064571951906,-0.036559722495836056,-0.02496208942783551,0.014001770387106038,-0.06757295687228038,-0.0976196895174768,0.03653021141852708
2025-09-12,biosimilar_cdmo,-0.0359944562806267,-0.1261972061073832,-0.3421271691012184,-0.0367652252560515,-0.0201032145569959,-0.0360773264837591,-0.0725275993189612,-0.0664117613257573,-0.0210515605507271
2025-09-12,biosimilar_cdmo,-0.0359944562806267,-0.12619720610738328,-0.34212716910121843,-0.036765225256051526,-0.02010321455699593,-0.036077326483759165,-0.07252759931896124,-0.06641176132575732,-0.0210515605507271
2025-09-12,construction,-0.0612178159418592,-0.2779217721922773,-0.0567064450663712,0.0162159025149022,-0.1335719990871394,-0.0487299997951722,0.0813999260594301,-0.1529570886440745,0.0155311214083726
2025-09-12,construction,-0.061217815941859266,-0.2779217721922773,-0.056706445066371236,0.016215902514902236,-0.13357199908713946,-0.04872999979517223,0.08139992605943014,-0.15295708864407453,0.01553112140837265
2025-09-12,consumer,-0.0272590161209904,-0.0935973196222523,-0.073762875724221,0.0081776374074451,-0.0172604263170665,-0.0595654818488156,0.0726814206463929,-0.0093483480206013,-0.0056575014008242
2025-09-12,consumer,-0.027259016120990465,-0.09359731962225237,-0.07376287572422102,0.008177637407445149,-0.01726042631706659,-0.059565481848815605,0.07268142064639294,-0.00934834802060136,-0.005657501400824216
2025-09-12,financial,-0.037201478721681,-0.055542173828154,0.0987268319260337,0.0137168652041272,0.0225396506560939,0.0142743719275313,0.0435700263000469,0.0649766850071604,0.0160470955635356
2025-09-12,financial,-0.037201478721681,-0.05554217382815407,0.09872683192603371,0.013716865204127293,0.02253965065609398,0.014274371927531337,0.043570026300046916,0.06497668500716047,0.016047095563535674
2025-09-12,k_beauty,-0.0528567166225966,-0.1199410265809983,0.0271111377360624,0.0144211593719844,-0.0277035344236911,-0.0893623745381733,0.1078468696985429,0.0290015144299025,-0.004297604486956
2025-09-12,k_beauty,-0.05285671662259661,-0.11994102658099837,0.02711113773606244,0.014421159371984404,-0.027703534423691112,-0.0893623745381733,0.10784686969854296,0.02900151442990251,-0.0042976044869560415
2025-09-12,k_food,0.0247109288276778,-0.0935592110437022,-0.1843802109153904,0.0386856525754446,0.0127070239778974,-0.0308475914033896,0.0747214327530715,-0.0087234680468093,0.0198561513630084
2025-09-12,k_food,0.02471092882767789,-0.09355921104370224,-0.18438021091539047,0.03868565257544465,0.01270702397789747,-0.030847591403389663,0.07472143275307153,-0.008723468046809346,0.019856151363008445
2025-09-12,media_platform,-0.0314148602768347,-0.1092471437869146,-0.162852359535419,-0.0434723023232284,-0.0181179003865008,-0.0116896979210141,-0.0108430945515579,0.0011517059939085,0.0203034864034521
2025-09-12,media_platform,-0.03141486027683471,-0.10924714378691469,-0.162852359535419,-0.04347230232322841,-0.01811790038650085,-0.011689697921014153,-0.010843094551557964,0.0011517059939085694,0.020303486403452142
2025-09-12,semiconductor,0.0311115569861515,0.057700810618452,-0.0619798413794165,-0.000279289255634,0.0632005461299087,0.0478936374297218,-0.0039495763729536,0.0745131761277955,0.0147560837939653
2025-09-12,semiconductor,0.031111556986151534,0.057700810618452,-0.06197984137941659,-0.00027928925563402984,0.06320054612990877,0.04789363742972186,-0.003949576372953678,0.07451317612779551,0.014756083793965313
2025-09-12,shipbuilding,0.0426119789731891,0.0538475936454456,0.3965344768594556,-0.0461954012008902,-0.1626653240938258,0.0760803652522126,0.0248736432073372,-0.2115354056549563,0.186590287297135
2025-09-12,shipbuilding,0.042611978973189135,0.05384759364544567,0.39653447685945564,-0.046195401200890274,-0.16266532409382584,0.07608036525221262,0.024873643207337204,-0.21153540565495632,0.186590287297135
2025-09-12,steel_materials,-0.0216407481330542,-0.0145375061517578,-0.250714815361718,0.0236362273996639,-0.0530518959107828,-0.1053039333209251,-0.0464589334481575,-0.0982911292184123,-0.0627644252564099
2025-09-12,steel_materials,-0.021640748133054277,-0.014537506151757862,-0.250714815361718,0.023636227399663978,-0.053051895910782854,-0.10530393332092514,-0.04645893344815755,-0.09829112921841232,-0.0627644252564099
2025-09-19,auto,-0.1229782865926829,-0.098902098016228,-0.3206060562897335,-0.0835555925654403,-0.0230877417379296,-0.0742278130368672,-0.0050955965217884,0.0240600885384176,-0.0010692604731392
2025-09-19,auto,-0.12297828659268295,-0.09890209801622807,-0.3206060562897335,-0.08355559256544032,-0.0230877417379296,-0.07422781303686721,-0.005095596521788481,0.02406008853841768,-0.0010692604731392663
2025-09-19,battery,-0.1690213996279506,0.0148895401811599,-0.3858759965078306,-0.0398551651908806,-0.0256903553864611,0.0477203824005559,0.0086403777107517,-0.0306065105457065,0.1392124647296895
2025-09-19,battery,-0.1690213996279506,0.014889540181159955,-0.38587599650783067,-0.039855165190880615,-0.02569035538646114,0.04772038240055598,0.008640377710751768,-0.03060651054570651,0.1392124647296895
2025-09-19,bio_health,-0.0383659569481107,-0.0390322153676165,-0.2431479571210311,-0.0139990195086725,0.009955889181529,-0.017367311401512,0.0225607029871635,0.0349179786093645,-0.031369081788618
2025-09-19,bio_health,-0.038365956948110735,-0.039032215367616585,-0.2431479571210311,-0.01399901950867255,0.00995588918152901,-0.017367311401512042,0.022560702987163506,0.03491797860936452,-0.03136908178861808
2025-09-19,biosimilar_cdmo,-0.061825734021754,-0.0993776366295493,-0.3644852526926664,-0.0258312777411273,0.0268195694778339,-0.0223580835914479,0.0109339475149241,0.0469227840348298,0.0137192428923111
2025-09-19,biosimilar_cdmo,-0.061825734021754064,-0.09937763662954935,-0.3644852526926664,-0.025831277741127368,0.026819569477833927,-0.022358083591447975,0.010933947514924158,0.046922784034829856,0.01371924289231119
2025-09-19,construction,-0.1465208666873665,-0.2649835796387521,-0.0848758503619517,-0.0853030507455072,0.0129381925535252,-0.0281694052955805,-0.1015189532604095,0.1465101916406647,0.0205605944995916
2025-09-19,construction,-0.14652086668736652,-0.2649835796387521,-0.08487585036195178,-0.08530305074550726,0.01293819255352524,-0.02816940529558054,-0.1015189532604095,0.1465101916406647,0.02056059449959169
2025-09-19,consumer,-0.0856422928203515,-0.1094075835177059,-0.0760060090022318,-0.058383276699361,-0.0158102638954535,-0.0022431332780108,-0.0665609141068062,0.0014501624216129,0.0573223485708047
2025-09-19,consumer,-0.08564229282035152,-0.10940758351770596,-0.07600600900223187,-0.05838327669936105,-0.01581026389545359,-0.002243133278010845,-0.0665609141068062,0.0014501624216129994,0.05732234857080476
2025-09-19,financial,-0.0675172509393884,-0.062373251591097,0.0612109444120922,-0.0303157722177074,-0.006831077762943,-0.0375158875139414,-0.0440326374218347,-0.0293707284190369,-0.0517902594414727
2025-09-19,financial,-0.06751725093938843,-0.06237325159109708,0.061210944412092294,-0.030315772217707426,-0.006831077762943005,-0.037515887513941415,-0.04403263742183472,-0.029370728419036984,-0.05179025944147275
2025-09-19,k_beauty,-0.1344380446230891,-0.1652562885113777,0.0457037374124134,-0.0815813280004925,-0.0453152619303793,0.0185925996763509,-0.0960024873724769,-0.0176117275066882,0.1079549742145242
2025-09-19,k_beauty,-0.13443804462308917,-0.16525628851137775,0.0457037374124134,-0.08158132800049256,-0.04531526193037938,0.018592599676350963,-0.09600248737247696,-0.01761172750668827,0.10795497421452427
2025-09-19,k_food,-0.0423970940067706,-0.1163244188463501,-0.2552491368578231,-0.0671080228344485,-0.0227652078026479,-0.0708689259424326,-0.1057936754098931,-0.0354722317805453,-0.0400213345390429
2025-09-19,k_food,-0.04239709400677061,-0.11632441884635014,-0.25524913685782313,-0.0671080228344485,-0.022765207802647902,-0.07086892594243266,-0.10579367540989315,-0.03547223178054537,-0.040021334539042996
2025-09-19,media_platform,-0.0903964027400243,-0.2368605718941833,-0.1337774298238028,-0.0589815424631896,-0.1276134281072686,0.0290749297116161,-0.0155092401399612,-0.1094955277207677,0.0407646276326303
2025-09-19,media_platform,-0.09039640274002436,-0.2368605718941833,-0.1337774298238028,-0.05898154246318965,-0.1276134281072686,0.029074929711616182,-0.015509240139961245,-0.10949552772076776,0.040764627632630335
2025-09-19,semiconductor,0.1483965160528944,0.1254136998514325,-0.0093784500006675,0.1172849590667428,0.0677128892329805,0.052601391378749,0.1175642483223768,0.0045123431030718,0.0047077539490272
2025-09-19,semiconductor,0.1483965160528944,0.12541369985143258,-0.009378450000667504,0.11728495906674286,0.06771288923298058,0.052601391378749085,0.11756424832237689,0.004512343103071803,0.004707753949027227
2025-09-19,shipbuilding,-0.0435385561741485,0.0382765302501761,0.2567747706929679,-0.0861505351473377,-0.0155710633952694,-0.1397597061664877,-0.0399551339464474,0.1470942606985563,-0.2158400714187003
2025-09-19,shipbuilding,-0.04353855617414859,0.03827653025017619,0.25677477069296795,-0.08615053514733773,-0.01557106339526948,-0.1397597061664877,-0.03995513394644745,0.14709426069855636,-0.21584007141870032
2025-09-19,steel_materials,-0.0633611966393976,-0.0855978021282415,-0.2321793384870059,-0.0417204485063433,-0.0710602959764836,0.0185354768747121,-0.0653566759060073,-0.0180084000657008,0.1238394101956372
2025-09-19,steel_materials,-0.06336119663939765,-0.08559780212824153,-0.2321793384870059,-0.04172044850634338,-0.07106029597648367,0.01853547687471213,-0.06535667590600736,-0.018008400065700814,0.12383941019563727
2025-09-26,auto,-0.1271997727467148,-0.0978086944760894,-0.3606632232549074,-0.0042214861540318,0.0010934035401386,-0.0400571669651739,0.0793341064114084,0.0241811452780682,0.0341706460716932
2025-09-26,auto,-0.1271997727467148,-0.09780869447608942,-0.3606632232549074,-0.004221486154031839,0.0010934035401386488,-0.04005716696517392,0.07933410641140848,0.02418114527806825,0.03417064607169329
2025-09-26,battery,-0.1317806877122982,-0.0136736412396798,-0.3931289162869811,0.0372407119156523,-0.0285631814208398,-0.0072529197791504,0.0770958771065329,-0.0028728260343786,-0.0549733021797064
2025-09-26,battery,-0.13178068771229823,-0.013673641239679846,-0.3931289162869811,0.03724071191565237,-0.0285631814208398,-0.007252919779150435,0.07709587710653298,-0.0028728260343786616,-0.05497330217970642
2025-09-26,bio_health,-0.0596030511192682,-0.0227601813132216,-0.1872393508551277,-0.0212370941711574,0.0162720340543949,0.0559086062659033,-0.0072380746624849,0.0063161448728659,0.0732759176674153
2025-09-26,bio_health,-0.059603051119268224,-0.02276018131322166,-0.18723935085512777,-0.02123709417115749,0.016272034054394924,0.05590860626590333,-0.007238074662484939,0.006316144872865914,0.07327591766741537
2025-09-26,biosimilar_cdmo,-0.0935924446820329,-0.0971945520506671,-0.345156496230503,-0.0317667106602789,0.0021830845788821,0.0193287564621633,-0.0059354329191515,-0.0246364848989517,0.0416868400536113
2025-09-26,biosimilar_cdmo,-0.09359244468203298,-0.09719455205066718,-0.34515649623050304,-0.03176671066027892,0.0021830845788821662,0.019328756462163366,-0.005935432919151551,-0.02463648489895176,0.04168684005361134
2025-09-26,construction,-0.1523457256459826,-0.260597549357774,-0.0941416460172561,-0.005824858958616,0.004386030280978,-0.0092657956553043,0.0794781917868912,-0.0085521622725471,0.0189036096402761
2025-09-26,construction,-0.1523457256459826,-0.260597549357774,-0.09414164601725616,-0.005824858958616064,0.004386030280978059,-0.009265795655304387,0.0794781917868912,-0.008552162272547181,0.018903609640276153
2025-09-26,consumer,-0.0979174428912539,-0.1116737905519105,-0.0820607781671574,-0.0122751500709024,-0.0022662070342045,-0.0060547691649255,0.0461081266284586,0.013544056861249,-0.0038116358869146
2025-09-26,consumer,-0.09791744289125393,-0.11167379055191051,-0.0820607781671574,-0.012275150070902408,-0.002266207034204548,-0.006054769164925533,0.046108126628458646,0.013544056861249043,-0.0038116358869146882
2025-09-26,financial,-0.0658134440216764,-0.0902585867813685,0.043119768446231,0.0017038069177119,-0.0278853351902714,-0.0180911759658612,0.0320195791354194,-0.0210542574273284,0.0194247115480801
2025-09-26,financial,-0.06581344402167644,-0.09025858678136855,0.043119768446231,0.0017038069177119919,-0.027885335190271476,-0.018091175965861295,0.03201957913541942,-0.02105425742732847,0.01942471154808012
2025-09-26,k_beauty,-0.1261634447394792,-0.1645410943972094,0.0422537586916069,0.0082745998836099,0.0007151941141683,-0.0034499787208064,0.0898559278841024,0.0460304560445476,-0.0220425783971573
2025-09-26,k_beauty,-0.12616344473947927,-0.16454109439720943,0.04225375869160697,0.008274599883609901,0.000715194114168316,-0.0034499787208064348,0.08985592788410246,0.046030456044547696,-0.022042578397157397
2025-09-26,k_food,-0.1067472548719217,-0.1378470793067399,-0.2598643365687136,-0.0643501608651511,-0.0215226604603897,-0.0046151997108905,0.0027578619692973,0.0012425473422581,0.0662537262315421
2025-09-26,k_food,-0.10674725487192172,-0.1378470793067399,-0.25986433656871366,-0.06435016086515111,-0.021522660460389753,-0.004615199710890527,0.0027578619692973927,0.001242547342258149,0.06625372623154213
2025-09-26,media_platform,-0.0888756616094413,-0.1900543916877497,-0.1438540625961109,0.0015207411305829,0.0468061802064335,-0.010076632772308,0.0605022835937726,0.1744196083137021,-0.0391515624839242
2025-09-26,media_platform,-0.08887566160944138,-0.19005439168774974,-0.1438540625961109,0.001520741130582981,0.04680618020643357,-0.01007663277230808,0.06050228359377263,0.17441960831370218,-0.03915156248392426
2025-09-26,semiconductor,0.1191442773846431,0.0837564218212851,0.0129169824930328,-0.0292522386682512,-0.0416572780301474,0.0222954324937003,-0.146537197734994,-0.1093701672631279,-0.0303059588850487
2025-09-26,semiconductor,0.11914427738464317,0.08375642182128518,0.012916982493032858,-0.029252238668251218,-0.041657278030147404,0.022295432493700362,-0.14653719773499407,-0.10937016726312798,-0.030305958885048723
2025-09-26,shipbuilding,-0.1088038491389471,0.0674043359104377,0.3800929244437294,-0.0652652929647985,0.0291278056602615,0.1233181537507615,0.0208852421825391,0.044698869055531,0.2630778599172492
2025-09-26,shipbuilding,-0.10880384913894714,0.06740433591043771,0.38009292444372944,-0.06526529296479855,0.02912780566026152,0.1233181537507615,0.020885242182539177,0.044698869055531,0.2630778599172492
2025-09-26,steel_materials,-0.0650233714552286,-0.0976535400381288,-0.2271982776350387,-0.0016621748158309,-0.0120557379098873,0.0049810608519671,0.0400582736905124,0.0590045580665963,-0.0135544160227449
2025-09-26,steel_materials,-0.06502337145522863,-0.09765354003812887,-0.22719827763503875,-0.0016621748158309746,-0.012055737909887343,0.004981060851967145,0.0400582736905124,0.059004558066596324,-0.013554416022744986
2025-10-02,auto,-0.1879398709824709,-0.1814263173164219,-0.3961349901925435,-0.0607400982357561,-0.0836176228403324,-0.035471766937636,-0.0565186120817242,-0.0847110263804711,0.0045854000275378
2025-10-02,auto,-0.1879398709824709,-0.1814263173164219,-0.3961349901925435,-0.0607400982357561,-0.08361762284033247,-0.035471766937636096,-0.05651861208172426,-0.08471102638047112,0.004585400027537823
2025-10-02,battery,-0.1331561351437897,-0.1615434501263075,-0.3980129685768334,-0.0013754474314915,-0.1478698088866277,-0.0048840522898523,-0.0386161593471439,-0.1193066274657879,0.002368867489298
2025-10-02,battery,-0.13315613514378977,-0.16154345012630755,-0.39801296857683344,-0.0013754474314915388,-0.1478698088866277,-0.004884052289852336,-0.03861615934714391,-0.1193066274657879,0.0023688674892980988
2025-10-02,bio_health,-0.1231137770571624,-0.1034487935330443,-0.2775330252334185,-0.0635107259378942,-0.0806886122198227,-0.0902936743782907,-0.0422736317667367,-0.0969606462742176,-0.146202280644194
2025-10-02,bio_health,-0.12311377705716242,-0.10344879353304437,-0.2775330252334185,-0.0635107259378942,-0.08068861221982271,-0.09029367437829072,-0.04227363176673671,-0.09696064627421763,-0.14620228064419405
2025-10-02,biosimilar_cdmo,-0.145469043274321,-0.1807922334885963,-0.4238651014196866,-0.0518765985922881,-0.0835976814379291,-0.0787086051891835,-0.0201098879320091,-0.0857807660168112,-0.0980373616513469
2025-10-02,biosimilar_cdmo,-0.14546904327432109,-0.1807922334885963,-0.4238651014196866,-0.0518765985922881,-0.08359768143792912,-0.07870860518918354,-0.020109887932009185,-0.08578076601681128,-0.09803736165134691
2025-10-02,construction,-0.1890496059341677,-0.2782779414310951,-0.2142858806404659,-0.0367038802881851,-0.017680392073321,-0.1201442346232097,-0.0308790213295691,-0.0220664223542991,-0.1108784389679053
2025-10-02,construction,-0.18904960593416775,-0.2782779414310951,-0.21428588064046594,-0.036703880288185164,-0.01768039207332106,-0.12014423462320978,-0.0308790213295691,-0.02206642235429912,-0.11087843896790539
2025-10-02,consumer,-0.1346091727211713,-0.1514288901775211,-0.1867520505361439,-0.0366917298299174,-0.0397550996256106,-0.1046912723689865,-0.024416579759015,-0.037488892591406,-0.098636503204061
2025-10-02,consumer,-0.13460917272117134,-0.15142889017752115,-0.18675205053614397,-0.03669172982991742,-0.039755099625610635,-0.10469127236898657,-0.02441657975901501,-0.03748889259140609,-0.09863650320406103
2025-10-02,financial,-0.0992026448497775,-0.1490140145436163,-0.042269077839999,-0.0333892008281011,-0.0587554277622477,-0.08538884628623,-0.0350930077458131,-0.0308700925719762,-0.0672976703203687
2025-10-02,financial,-0.09920264484977759,-0.1490140145436163,-0.042269077839999,-0.03338920082810115,-0.058755427762247736,-0.08538884628623,-0.03509300774581314,-0.03087009257197626,-0.06729767032036871
2025-10-02,k_beauty,-0.1257131190215219,-0.1479715283123022,-0.0744650455497868,0.0004503257179573,0.0165695660849072,-0.1167188042413938,-0.0078242741656525,0.0158543719707389,-0.1132688255205873
2025-10-02,k_beauty,-0.12571311902152194,-0.1479715283123022,-0.07446504554978683,0.0004503257179573339,0.016569566084907228,-0.1167188042413938,-0.007824274165652567,0.015854371970738912,-0.11326882552058737
2025-10-02,k_food,-0.1534619605270277,-0.206688397019925,-0.3681616710259141,-0.046714705655106,-0.0688413177131851,-0.1082973344572004,0.017635455210045,-0.0473186572527953,-0.1036821347463099
2025-10-02,k_food,-0.15346196052702776,-0.20668839701992503,-0.36816167102591413,-0.04671470565510605,-0.06884131771318514,-0.10829733445720047,0.01763545521004506,-0.04731865725279538,-0.10368213474630994
2025-10-02,media_platform,-0.1276210345055963,-0.2223047769787995,-0.254546948007045,-0.0387453728961549,-0.0322503852910498,-0.1106928854109341,-0.0402661140267379,-0.0790565654974834,-0.100616252638626
2025-10-02,media_platform,-0.12762103450559636,-0.22230477697879958,-0.254546948007045,-0.038745372896154984,-0.03225038529104984,-0.11069288541093414,-0.040266114026737965,-0.07905656549748341,-0.10061625263862606
2025-10-02,semiconductor,0.1904758177946459,0.1544758023130337,0.1200470307519392,0.0713315404100027,0.0707193804917485,0.1071300482589063,0.100583779078254,0.1123766585218959,0.084834615765206
2025-10-02,semiconductor,0.19047581779464595,0.1544758023130337,0.12004703075193923,0.07133154041000278,0.07071938049174853,0.10713004825890637,0.100583779078254,0.11237665852189593,0.08483461576520601
2025-10-02,shipbuilding,-0.143595886800703,0.2313393662355718,0.3400952047974708,-0.0347920376617558,0.1639350303251341,-0.0399977196462586,0.0304732553030426,0.1348072246648726,-0.1633158733970201
2025-10-02,shipbuilding,-0.143595886800703,0.23133936623557183,0.3400952047974708,-0.03479203766175587,0.16393503032513412,-0.039997719646258645,0.03047325530304268,0.1348072246648726,-0.16331587339702014
2025-10-02,steel_materials,-0.1256683109701388,-0.2241700288969367,-0.2533315680424521,-0.0606449395149102,-0.1265164888588078,-0.0261332904074134,-0.0589827646990792,-0.1144607509489205,-0.0311143512593805
2025-10-02,steel_materials,-0.12566831097013886,-0.2241700288969367,-0.25333156804245216,-0.060644939514910234,-0.12651648885880784,-0.026133290407413412,-0.05898276469907926,-0.1144607509489205,-0.031114351259380557
2025-10-10,auto,-0.2255159055352752,-0.2200485647993313,-0.453036065748178,-0.0375760345528043,-0.0386222474829094,-0.0569010755556345,0.0231640636829517,0.044995375357423,-0.0214293086179984
2025-10-10,auto,-0.22551590553527523,-0.22004856479933133,-0.453036065748178,-0.03757603455280434,-0.03862224748290943,-0.056901075555634506,0.023164063682951763,0.04499537535742304,-0.02142930861799841
2025-10-10,battery,-0.1853582420209664,-0.1853362557310607,-0.4192992938125059,-0.0522021068771766,-0.0237928056047531,-0.0212863252356725,-0.050826659445685,0.1240770032818745,-0.0164022729458201
2025-10-10,battery,-0.1853582420209664,-0.18533625573106072,-0.41929929381250597,-0.052202106877176635,-0.023792805604753164,-0.021286325235672532,-0.050826659445685096,0.12407700328187454,-0.016402272945820195
2025-10-10,bio_health,-0.1574004736962135,-0.1504453621097798,-0.3106020210498081,-0.0342866966390511,-0.0469965685767355,-0.0330689958163896,0.029224029298843,0.0336920436430872,0.057224678561901
2025-10-10,bio_health,-0.15740047369621357,-0.15044536210977988,-0.31060202104980816,-0.03428669663905115,-0.04699656857673551,-0.03306899581638967,0.029224029298843046,0.0336920436430872,0.057224678561901055
2025-10-10,biosimilar_cdmo,-0.1728851906046342,-0.2124068041920692,-0.4436256485791403,-0.0274161473303131,-0.0316145707034729,-0.0197605471594537,0.0244604512619749,0.0519831107344561,0.0589480580297298
2025-10-10,biosimilar_cdmo,-0.17288519060463425,-0.21240680419206925,-0.44362564857914033,-0.027416147330313168,-0.031614570703472955,-0.019760547159453745,0.024460451261974936,0.05198311073445616,0.0589480580297298
2025-10-10,construction,-0.2037909226083479,-0.2924932726517101,-0.2286455531912681,-0.0147413166741802,-0.014215331220615,-0.0143596725508021,0.0219625636140049,0.003465060852706,0.1057845620724076
2025-10-10,construction,-0.20379092260834797,-0.2924932726517101,-0.2286455531912681,-0.014741316674180216,-0.014215331220615024,-0.014359672550802172,0.02196256361400495,0.0034650608527060367,0.1057845620724076
2025-10-10,consumer,-0.1721055187864011,-0.2249892158746633,-0.2393657808092364,-0.0374963460652297,-0.0735603256971422,-0.0526137302730924,-0.0008046162353123,-0.0338052260715315,0.0520775420958941
2025-10-10,consumer,-0.17210551878640112,-0.22498921587466336,-0.23936578080923643,-0.03749634606522978,-0.07356032569714221,-0.05261373027309246,-0.0008046162353123609,-0.03380522607153158,0.0520775420958941
2025-10-10,financial,-0.135849904964336,-0.2171947405668115,-0.1119804332212677,-0.0366472601145584,-0.0681807260231952,-0.0697113553812687,-0.0032580592864572,-0.0094252982609475,0.0156774909049612
2025-10-10,financial,-0.13584990496433602,-0.21719474056681154,-0.11198043322126772,-0.03664726011455843,-0.06818072602319525,-0.06971135538126871,-0.003258059286457282,-0.009425298260947512,0.01567749090496129
2025-10-10,k_beauty,-0.1788812225957163,-0.2278667051788427,-0.1422993886321906,-0.0531681035741944,-0.0798951768665405,-0.0678343430824037,-0.0536184292921517,-0.0964647429514478,0.04888446115899
2025-10-10,k_beauty,-0.17888122259571637,-0.22786670517884278,-0.1422993886321906,-0.053168103574194436,-0.07989517686654057,-0.06783434308240377,-0.05361842929215177,-0.0964647429514478,0.048884461158990034
2025-10-10,k_food,-0.1918958051883171,-0.2708910753249883,-0.4234630510625605,-0.0384338446612894,-0.0642026783050633,-0.0553013800366464,0.0082808609938166,0.0046386394081218,0.052995954420554
2025-10-10,k_food,-0.19189580518831717,-0.27089107532498835,-0.42346305106256055,-0.03843384466128941,-0.06420267830506332,-0.05530138003664642,0.008280860993816641,0.004638639408121814,0.05299595442055405
2025-10-10,media_platform,-0.143724164753582,-0.249263687125314,-0.2679911723699513,-0.0161031302479857,-0.0269589101465144,-0.0134442243629062,0.0226422426481692,0.0052914751445354,0.0972486610480278
2025-10-10,media_platform,-0.14372416475358207,-0.249263687125314,-0.2679911723699513,-0.01610313024798571,-0.026958910146514414,-0.013444224362906265,0.022642242648169275,0.005291475144535429,0.09724866104802787
2025-10-10,semiconductor,0.2221233099472099,0.2046474968954146,0.1656066551672701,0.031647492152564,0.0501716945823809,0.0455596244153309,-0.0396840482574387,-0.0205476859093676,-0.0615704238435754
2025-10-10,semiconductor,0.22212330994720997,0.20464749689541462,0.16560665516727013,0.031647492152564016,0.05017169458238091,0.0455596244153309,-0.039684048257438764,-0.02054768590936762,-0.06157042384357547
2025-10-10,shipbuilding,-0.1829160712594462,0.1729923050919322,0.2763052625306001,-0.0393201844587431,-0.0583470611436396,-0.0637899422668706,-0.0045281467969873,-0.2222820914687737,-0.0237922226206119
2025-10-10,shipbuilding,-0.1829160712594462,0.1729923050919322,0.27630526253060017,-0.03932018445874319,-0.058347061143639634,-0.06378994226687063,-0.00452814679698732,-0.22228209146877376,-0.02379222262061198
2025-10-10,steel_materials,-0.1747978568955984,-0.2892793086978749,-0.2961936415057538,-0.0491295459254595,-0.0651092798009381,-0.0428620734633016,0.0115153935894506,0.0614072090578696,-0.0167287830558882
2025-10-10,steel_materials,-0.17479785689559846,-0.2892793086978749,-0.2961936415057538,-0.049129545925459595,-0.06510927980093817,-0.04286207346330162,0.01151539358945064,0.06140720905786967,-0.016728783055888208
2025-10-17,auto,-0.1318007601847697,-0.186290168898831,-0.4613718248232759,0.0937151453505055,0.0337583959005003,-0.0083357590750978,0.1312911799033098,0.0723806433834097,0.0485653164805366
2025-10-17,auto,-0.13180076018476972,-0.186290168898831,-0.4613718248232759,0.09371514535050551,0.03375839590050034,-0.00833575907509787,0.13129117990330985,0.07238064338340977,0.048565316480536636
2025-10-17,battery,0.0682191226858943,0.0371225205422096,-0.283423595171703,0.2535773647068607,0.2224587762732703,0.1358756986408029,0.3057794715840374,0.2462515818780235,0.1571620238764755
2025-10-17,battery,0.06821912268589436,0.03712252054220966,-0.283423595171703,0.25357736470686076,0.22245877627327038,0.13587569864080296,0.3057794715840374,0.24625158187802354,0.1571620238764755
2025-10-17,bio_health,-0.1820848506513649,-0.1906221391696632,-0.4732630651883374,-0.0246843769551513,-0.0401767770598833,-0.1626610441385292,0.0096023196838997,0.0068197915168521,-0.1295920483221395
2025-10-17,bio_health,-0.18208485065136493,-0.1906221391696632,-0.4732630651883374,-0.024684376955151355,-0.04017677705988332,-0.16266104413852922,0.009602319683899796,0.006819791516852192,-0.12959204832213955
2025-10-17,biosimilar_cdmo,-0.17697149535125,-0.2344126509929618,-0.5855462893518808,-0.0040863047466157,-0.0220058468008925,-0.1419206407727404,0.0233298425836974,0.0096087239025803,-0.1221600936132867
2025-10-17,biosimilar_cdmo,-0.17697149535125,-0.23441265099296182,-0.5855462893518808,-0.004086304746615754,-0.02200584680089257,-0.14192064077274047,0.023329842583697413,0.009608723902580385,-0.12216009361328672
2025-10-17,construction,-0.2039130022099807,-0.2976282698943955,-0.3592425505411578,-0.0001220796016327,-0.0051349972426854,-0.1305969973498897,0.0146192370725474,0.0090803339779296,-0.1162373247990875
2025-10-17,construction,-0.20391300220998076,-0.2976282698943955,-0.35924255054115783,-0.0001220796016327963,-0.005134997242685402,-0.13059699734988972,0.01461923707254742,0.009080333977929622,-0.11623732479908755
2025-10-17,consumer,-0.198183552058645,-0.2902273791336662,-0.4238017245313437,-0.0260780332722438,-0.0652381632590028,-0.1844359437221072,0.0114183127929858,0.0083221624381393,-0.1318222134490148
2025-10-17,consumer,-0.19818355205864502,-0.29022737913366625,-0.4238017245313437,-0.026078033272243895,-0.06523816325900289,-0.18443594372210725,0.011418312792985885,0.008322162438139324,-0.1318222134490148
2025-10-17,financial,-0.1678864155361914,-0.2950001076084558,-0.1614670289728637,-0.0320365105718554,-0.0778053670416443,-0.0494865957515959,0.004610749542703,-0.009624641018449,0.0202247596296727
2025-10-17,financial,-0.16788641553619144,-0.29500010760845585,-0.1614670289728637,-0.032036510571855414,-0.07780536704164431,-0.049486595751595974,0.004610749542703019,-0.009624641018449065,0.02022475962967274
2025-10-17,k_beauty,-0.2197871208228891,-0.3175695473238599,-0.2936302978802214,-0.0409058982271727,-0.0897028421450171,-0.1513309092480308,0.0122622053470217,-0.0098076652784765,-0.083496566165627
2025-10-17,k_beauty,-0.2197871208228891,-0.3175695473238599,-0.29363029788022144,-0.04090589822717272,-0.08970284214501711,-0.15133090924803083,0.012262205347021715,-0.00980766527847654,-0.08349656616562706
2025-10-17,k_food,-0.2549397747790806,-0.3177094437827016,-0.6142063239676094,-0.0630439695907634,-0.0468183684577132,-0.1907432729050489,-0.024610124929474,0.01738430984735,-0.1354418928684024
2025-10-17,k_food,-0.2549397747790806,-0.3177094437827016,-0.6142063239676094,-0.06304396959076342,-0.046818368457713255,-0.1907432729050489,-0.02461012492947401,0.017384309847350066,-0.13544189286840247
2025-10-17,media_platform,-0.1936399292629143,-0.2716377114738363,-0.4698471557215653,-0.0499157645093322,-0.0223740243485223,-0.201855983351614,-0.0338126342613465,0.0045848857979921,-0.1884117589887077
2025-10-17,media_platform,-0.1936399292629143,-0.2716377114738363,-0.4698471557215653,-0.04991576450933222,-0.022374024348522314,-0.20185598335161403,-0.03381263426134651,0.0045848857979921,-0.18841175898870777
2025-10-17,semiconductor,0.1604446890482369,0.2269018327874219,0.2708846966469449,-0.061678620898973,0.0222543358920073,0.1052780414796747,-0.093326113051537,-0.0279173586903735,0.0597184170643438
2025-10-17,semiconductor,0.16044468904823694,0.22690183278742193,0.2708846966469449,-0.061678620898973024,0.022254335892007315,0.10527804147967479,-0.09332611305153704,-0.027917358690373595,0.05971841706434389
2025-10-17,shipbuilding,-0.1737962608008584,0.1360574508601186,0.1218933134802171,0.0091198104585877,-0.0369348542318135,-0.154411949050383,0.0484399949173309,0.0214122069118261,-0.0906220067835124
2025-10-17,shipbuilding,-0.17379626080085842,0.13605745086011867,0.12189331348021715,0.009119810458587785,-0.03693485423181353,-0.15441194905038302,0.048439994917330975,0.021412206911826104,-0.0906220067835124
2025-10-17,steel_materials,-0.1033157492567207,-0.2180586187529825,-0.2523862601666531,0.0714821076388777,0.0712206899448923,0.0438073813391006,0.1206116535643373,0.1363299697458305,0.0866694548024022
2025-10-17,steel_materials,-0.10331574925672071,-0.2180586187529825,-0.2523862601666531,0.07148210763887775,0.07122068994489239,0.04380738133910067,0.12061165356433734,0.13632996974583056,0.08666945480240229
2025-10-24,auto,-0.0821614056908519,-0.1792401709916309,-0.4560873315171121,0.0496393544939177,0.0070499979072,0.0052844933061637,-0.0440757908565877,-0.0267083979933002,0.0136202523812616
2025-10-24,auto,-0.08216140569085195,-0.17924017099163092,-0.4560873315171121,0.049639354493917764,0.007049997907200067,0.005284493306163762,-0.04407579085658775,-0.02670839799330027,0.013620252381261633
2025-10-24,battery,0.2021868300902964,0.102455833818676,-0.1327612066056394,0.1339677074044021,0.0653333132764664,0.1506623885660636,-0.1196096573024586,-0.1571254629968039,0.0147866899252606
2025-10-24,battery,0.20218683009029648,0.10245583381867607,-0.1327612066056394,0.13396770740440211,0.06533331327646641,0.15066238856606362,-0.11960965730245865,-0.15712546299680397,0.014786689925260665
2025-10-24,bio_health,-0.1632856819333331,-0.278447132028855,-0.5184369967375906,0.0187991687180317,-0.0878249928591918,-0.0451739315492532,0.0434835456731831,-0.0476482157993085,0.117487112589276
2025-10-24,bio_health,-0.16328568193333315,-0.27844713202885507,-0.5184369967375906,0.018799168718031778,-0.08782499285919187,-0.0451739315492532,0.04348354567318313,-0.04764821579930856,0.11748711258927602
2025-10-24,biosimilar_cdmo,-0.153303461747418,-0.2882122486604828,-0.6107649685377032,0.0236680336038319,-0.0537995976675209,-0.0252186791858224,0.0277543383504477,-0.0317937508666283,0.116701961586918
2025-10-24,biosimilar_cdmo,-0.15330346174741805,-0.2882122486604828,-0.6107649685377032,0.02366803360383196,-0.05379959766752096,-0.025218679185822435,0.027754338350447716,-0.03179375086662839,0.11670196158691803
2025-10-24,construction,-0.1078504144726992,-0.2788401579713156,-0.3478797496253196,0.0960625877372814,0.0187881119230798,0.0113628009158381,0.0961846673389142,0.0239231091657652,0.1419597982657279
2025-10-24,construction,-0.10785041447269927,-0.27884015797131567,-0.34787974962531965,0.09606258773728149,0.01878811192307983,0.01136280091583819,0.09618466733891429,0.023923109165765233,0.1419597982657279
2025-10-24,consumer,-0.2112227540259433,-0.3098936757801711,-0.5055286739358327,-0.0130392019672983,-0.0196662966465048,-0.0817269494044889,0.0130388313049455,0.045571866612498,0.1027089943176182
2025-10-24,consumer,-0.21122275402594337,-0.30989367578017113,-0.5055286739358327,-0.013039201967298353,-0.019666296646504877,-0.08172694940448899,0.013038831304945542,0.04557186661249801,0.10270899431761826
2025-10-24,financial,-0.180371549194516,-0.2968851084221875,-0.2540647441731334,-0.0124851336583245,-0.0018850008137316,-0.0925977152002697,0.0195513769135308,0.0759203662279126,-0.0431111194486737
2025-10-24,financial,-0.18037154919451603,-0.2968851084221875,-0.2540647441731334,-0.012485133658324599,-0.0018850008137316632,-0.09259771520026971,0.019551376913530816,0.07592036622791265,-0.04311111944867374
2025-10-24,k_beauty,-0.2051618255088205,-0.3356427276088525,-0.4022799264851109,0.0146252953140685,-0.0180731802849926,-0.1086496286048894,0.0555311935412412,0.0716296618600245,0.0426812806431413
2025-10-24,k_beauty,-0.20516182550882056,-0.3356427276088525,-0.4022799264851109,0.014625295314068532,-0.018073180284992607,-0.10864962860488947,0.05553119354124125,0.07162966186002451,0.04268128064314136
2025-10-24,k_food,-0.2549066858526226,-0.3447214951554391,-0.6772619042050672,3.308892645792483e-05,-0.0270120513727375,-0.0630555802374577,0.0630770585172213,0.0198063170849757,0.1276876926675911
2025-10-24,k_food,-0.25490668585262266,-0.34472149515543915,-0.6772619042050672,3.308892645792483e-05,-0.027012051372737544,-0.06305558023745772,0.06307705851722134,0.01980631708497571,0.12768769266759117
2025-10-24,media_platform,-0.2204239599267609,-0.3030283696992896,-0.4878394258312719,-0.0267840306638466,-0.0313906582254532,-0.0179922701097066,0.0231317338454856,-0.0090166338769309,0.1838637132419074
2025-10-24,media_platform,-0.2204239599267609,-0.3030283696992896,-0.48783942583127193,-0.026784030663846603,-0.03139065822545328,-0.01799227010970661,0.023131733845485614,-0.009016633876930968,0.18386371324190742
2025-10-24,semiconductor,0.0944796451692255,0.2521828271074275,0.2789045163587558,-0.0659650438790113,0.0252809943200056,0.0080198197118108,-0.0042864229800383,0.0030266584279983,-0.0972582217678639
2025-10-24,semiconductor,0.09447964516922558,0.25218282710742757,0.2789045163587558,-0.06596504387901136,0.025280994320005634,0.008019819711810872,-0.00428642298003834,0.003026658427998319,-0.09725822176786392
2025-10-24,shipbuilding,-0.0117183347591049,0.126801786932506,0.1110188835019887,0.1620779260417534,-0.0092556639276126,-0.0108744299782284,0.1529581155831656,0.0276791903042008,0.1435375190721546
2025-10-24,shipbuilding,-0.011718334759104998,0.126801786932506,0.11101888350198874,0.16207792604175342,-0.009255663927612678,-0.010874429978228406,0.15295811558316563,0.02767919030420085,0.14353751907215462
2025-10-24,steel_materials,-0.101925519728709,-0.293033394964505,-0.2768562667693357,0.0013902295280117,-0.0749747762115224,-0.0244700066026826,-0.070091878110866,-0.1461954661564148,-0.0682773879417832
2025-10-24,steel_materials,-0.101925519728709,-0.293033394964505,-0.2768562667693357,0.0013902295280117105,-0.07497477621152249,-0.024470006602682615,-0.07009187811086603,-0.14619546615641488,-0.06827738794178329
2025-10-31,auto,-0.0442077696529463,-0.2162226830022855,-0.4754653871425363,0.0379536360379055,-0.0369825120106546,-0.0193780556254241,-0.0116857184560121,-0.0440325099178546,-0.0246625489315879
2025-10-31,auto,-0.04420776965294637,-0.21622268300228553,-0.4754653871425363,0.03795363603790558,-0.03698251201065461,-0.019378055625424162,-0.011685718456012184,-0.04403250991785468,-0.024662548931587924
2025-10-31,battery,0.1303099521647548,-0.0458351771225515,-0.2552083776392126,-0.0718768779255416,-0.1482910109412276,-0.1224471710335732,-0.2058445853299437,-0.213624324217694,-0.2731095595996369
2025-10-31,battery,0.13030995216475483,-0.045835177122551585,-0.25520837763921267,-0.07187687792554165,-0.14829101094122765,-0.12244717103357328,-0.20584458532994376,-0.21362432421769406,-0.2731095595996369
2025-10-31,bio_health,-0.1467977747202149,-0.2648796513162459,-0.5210019476097485,0.0164879072131182,0.0135674807126091,-0.0025649508721579,-0.0023112615049135,0.101392473571801,0.0426089806770952
2025-10-31,bio_health,-0.14679777472021494,-0.2648796513162459,-0.5210019476097485,0.016487907213118214,0.013567480712609159,-0.0025649508721579117,-0.0023112615049135643,0.10139247357180103,0.04260898067709529
2025-10-31,biosimilar_cdmo,-0.1344989674116381,-0.2996491670934669,-0.6126097439000295,0.0188044943357799,-0.0114369184329841,-0.0018447753623263,-0.004863539268052,0.0423626792345368,0.0233739038234961
2025-10-31,biosimilar_cdmo,-0.13449896741163814,-0.2996491670934669,-0.6126097439000295,0.01880449433577991,-0.011436918432984111,-0.0018447753623263008,-0.004863539268052053,0.04236267923453685,0.023373903823496134
2025-10-31,construction,-0.1507003752153863,-0.3416821863546025,-0.4391804245283019,-0.0428499607426871,-0.0628420283832869,-0.0913006749029823,-0.1389125484799686,-0.0816301403063667,-0.1026634758188205
2025-10-31,construction,-0.15070037521538637,-0.34168218635460257,-0.43918042452830197,-0.0428499607426871,-0.0628420283832869,-0.09130067490298233,-0.1389125484799686,-0.08163014030636673,-0.10266347581882052
2025-10-31,consumer,-0.2266748983762548,-0.3368123086254682,-0.5523635331159527,-0.0154521443503115,-0.026918632845297,-0.0468348591801199,-0.0024129423830131,-0.0072523361987921,0.034892090224369
2025-10-31,consumer,-0.22667489837625487,-0.3368123086254682,-0.5523635331159527,-0.015452144350311503,-0.026918632845297052,-0.04683485918011998,-0.0024129423830131502,-0.007252336198792175,0.03489209022436901
2025-10-31,financial,-0.2163696418340596,-0.3227495866182301,-0.344174634140346,-0.0359980926395435,-0.0258644781960426,-0.0901098899672125,-0.0235129589812189,-0.0239794773823109,0.0024878252330571
2025-10-31,financial,-0.2163696418340596,-0.32274958661823017,-0.344174634140346,-0.035998092639543566,-0.02586447819604265,-0.09010988996721259,-0.023512958981218968,-0.023979477382310987,0.002487825233057128
2025-10-31,k_beauty,-0.2170196247292465,-0.3555297470757047,-0.4384302217707998,-0.0118577992204259,-0.0198870194668522,-0.0361502952856889,-0.0264830945344944,-0.0018138391818596,0.0724993333192005
2025-10-31,k_beauty,-0.21701962472924652,-0.3555297470757047,-0.4384302217707998,-0.011857799220425957,-0.01988701946685223,-0.036150295285688916,-0.02648309453449449,-0.0018138391818596222,0.07249933331920055
2025-10-31,k_food,-0.2532533671729176,-0.3770892045278795,-0.704754546207822,0.001653318679705,-0.0323677093724403,-0.0274926420027548,0.0016202297532471,-0.0053556579997028,0.0355629382347029
2025-10-31,k_food,-0.2532533671729176,-0.37708920452787953,-0.704754546207822,0.0016533186797050847,-0.03236770937244038,-0.027492642002754808,0.00162022975324716,-0.005355657999702834,0.03556293823470291
2025-10-31,media_platform,-0.1894030619029758,-0.2658950826746853,-0.4815309264925096,0.031020898023785,0.0371332870246042,0.0063084993387623,0.0578049286876316,0.0685239452500575,0.0243007694484689
2025-10-31,media_platform,-0.18940306190297584,-0.2658950826746853,-0.4815309264925096,0.03102089802378505,0.03713328702460428,0.006308499338762319,0.05780492868763165,0.06852394525005756,0.02430076944846893
2025-10-31,semiconductor,0.0541872206293521,0.2612544883378733,0.202608611203465,-0.0402924245398734,0.0090716612304457,-0.0762959051552907,0.0256726193391378,-0.0162093330895598,-0.0843157248671016
2025-10-31,semiconductor,0.054187220629352106,0.26125448833787335,0.20260861120346507,-0.04029242453987347,0.009071661230445782,-0.07629590515529072,0.025672619339137892,-0.016209333089559852,-0.0843157248671016
2025-10-31,shipbuilding,0.0146546879350399,0.0496048533948711,0.1440742924528302,0.0263730226941449,-0.0771969335376348,0.0330554089508414,-0.1357049033476084,-0.0679412696100221,0.0439298389290698
2025-10-31,shipbuilding,0.01465468793503999,0.049604853394871196,0.1440742924528302,0.026373022694144987,-0.0771969335376348,0.03305540895084147,-0.13570490334760843,-0.06794126961002211,0.043929838929069875
2025-10-31,steel_materials,-0.202023022525958,-0.4362088603901591,-0.4483095618044821,-0.100097502797249,-0.1431754654256541,-0.1714532950351464,-0.1014877323252607,-0.0682006892141317,-0.1469832884324637
2025-10-31,steel_materials,-0.20202302252595805,-0.43620886039015916,-0.4483095618044821,-0.10009750279724905,-0.14317546542565418,-0.1714532950351464,-0.10148773232526076,-0.0682006892141317,-0.14698328843246378
2025-11-07,auto,-0.043039001391347,-0.2116040120613245,-0.4634493979063387,0.0011687682615992,0.004618670940961,0.0120159892361975,-0.0367848677763062,0.0416011829516156,0.0313940448616216
2025-11-07,auto,-0.04303900139134709,-0.2116040120613245,-0.46344939790633877,0.0011687682615992845,0.004618670940961023,0.01201598923619751,-0.036784867776306296,0.041601182951615634,0.03139404486162167
2025-11-07,battery,0.1855588931619538,-0.0016533603129704,-0.1982895850752526,0.055248940997199,0.0441818168095811,0.05691879256396,0.1271258189227406,0.1924728277508087,0.1793659635975333
2025-11-07,battery,0.18555889316195384,-0.0016533603129704755,-0.19828958507525263,0.055248940997199014,0.04418181680958111,0.05691879256396004,0.12712581892274066,0.19247282775080876,0.17936596359753332
2025-11-07,bio_health,-0.0558929546247848,-0.1955320173326913,-0.4147799485474239,0.0909048200954301,0.0693476339835545,0.1062219990623245,0.0744169128823118,0.0557801532709454,0.1087869499344824
2025-11-07,bio_health,-0.05589295462478483,-0.19553201733269132,-0.41477994854742395,0.0909048200954301,0.06934763398355459,0.10622199906232455,0.07441691288231189,0.05578015327094543,0.10878694993448246
2025-11-07,biosimilar_cdmo,-0.0496049923326336,-0.2318392740326247,-0.5189237413040406,0.0848939750790045,0.0678098930608421,0.0936860025959889,0.0660894807432246,0.0792468114938262,0.0955307779583152
2025-11-07,biosimilar_cdmo,-0.0496049923326336,-0.23183927403262472,-0.5189237413040406,0.08489397507900454,0.06780989306084217,0.09368600259598892,0.06608948074322463,0.07924681149382629,0.09553077795831522
2025-11-07,construction,-0.1325122617006253,-0.3795658393534081,-0.4859789164247938,0.018188113514761,-0.0378836529988055,-0.0467984918964918,0.0610380742574481,0.0249583753844813,0.0445021830064904
2025-11-07,construction,-0.13251226170062536,-0.37956583935340815,-0.48597891642479385,0.018188113514761017,-0.037883652998805584,-0.04679849189649188,0.061038074257448116,0.024958375384481313,0.04450218300649045
2025-11-07,consumer,-0.16597255974333,-0.33595837259282,-0.5007852602810641,0.0607023386329248,0.0008539360326481,0.0515782728348885,0.0761544829832363,0.0277725688779452,0.0984131320150085
2025-11-07,consumer,-0.16597255974333003,-0.33595837259282,-0.5007852602810641,0.060702338632924846,0.0008539360326481615,0.05157827283488858,0.07615448298323635,0.027772568877945214,0.09841313201500856
2025-11-07,financial,-0.1007009721337781,-0.2309852190160917,-0.2759566356738074,0.1156686697002814,0.0917643676021384,0.0682179984665385,0.151666762339825,0.1176288457981811,0.1583278884337511
2025-11-07,financial,-0.10070097213377815,-0.2309852190160917,-0.27595663567380746,0.11566866970028145,0.09176436760213846,0.06821799846653853,0.151666762339825,0.11762884579818111,0.15832788843375112
2025-11-07,k_beauty,-0.2152007728716577,-0.3934229011798404,-0.507715300035287,0.0018188518575887,-0.0378931541041357,-0.0692850782644871,0.0136766510780147,-0.0180061346372835,-0.0331347829787982
2025-11-07,k_beauty,-0.21520077287165773,-0.39342290117984047,-0.507715300035287,0.001818851857588788,-0.03789315410413574,-0.06928507826448715,0.013676651078014745,-0.01800613463728351,-0.03313478297879824
2025-11-07,k_food,-0.1850121357940983,-0.3741913865704188,-0.6473102987862582,0.0682412313788192,0.0028978179574606,0.0574442474215637,0.0665879126991141,0.035265527329901,0.0849368894243185
2025-11-07,k_food,-0.18501213579409836,-0.37419138657041884,-0.6473102987862582,0.06824123137881921,0.002897817957460691,0.05744424742156373,0.06658791269911413,0.03526552732990107,0.08493688942431854
2025-11-07,media_platform,-0.1414878666877435,-0.2907783829074151,-0.5004764598315474,0.0479151952152323,-0.0248833002327297,-0.0189455333390378,0.0168942971914473,-0.062016587257334,-0.0252540326778001
2025-11-07,media_platform,-0.1414878666877435,-0.2907783829074151,-0.5004764598315474,0.047915195215232353,-0.024883300232729777,-0.018945533339037812,0.016894297191447305,-0.062016587257334055,-0.02525403267780013
2025-11-07,semiconductor,0.0324426774379513,0.2823349175851957,0.3110858990103062,-0.0217445431914007,0.0210804292473223,0.1084772878068411,0.0185478813484727,0.0120087680168765,0.1847731929621319
2025-11-07,semiconductor,0.03244267743795137,0.2823349175851957,0.31108589901030625,-0.021744543191400734,0.02108042924732234,0.10847728780684118,0.01854788134847274,0.012008768016876559,0.1847731929621319
2025-11-07,shipbuilding,-0.0736112851675532,-0.1230922949169277,-0.104601718474371,-0.0882659731025932,-0.1726971483117989,-0.2486760109272012,-0.1146389957967382,-0.0955002147741641,-0.2817314198780427
2025-11-07,shipbuilding,-0.07361128516755322,-0.12309229491692775,-0.10460171847437105,-0.08826597310259321,-0.17269714831179894,-0.24867601092720126,-0.1146389957967382,-0.09550021477416415,-0.28173141987804273
2025-11-07,steel_materials,-0.1505743772542281,-0.3459273190776279,-0.4241704559434873,0.0514486452717298,0.0902815413125311,0.0241391058609947,0.1515461480689789,0.2334570067381853,0.1955924008961411
2025-11-07,steel_materials,-0.15057437725422818,-0.34592731907762797,-0.42417045594348735,0.051448645271729876,0.09028154131253119,0.02413910586099477,0.15154614806897893,0.23345700673818537,0.19559240089614116
2025-11-14,auto,0.0144702707892578,-0.1494969351946944,-0.3709816479961783,0.0575092721806049,0.06210707686663,0.0924677499101604,0.0563405039190056,0.057488405925669,0.0804517606739629
2025-11-14,auto,0.014470270789257889,-0.14949693519469442,-0.3709816479961783,0.057509272180604976,0.062107076866630084,0.09246774991016049,0.05634050391900569,0.05748840592566906,0.08045176067396298
2025-11-14,battery,0.1067423127893498,-0.0500363196646653,-0.107265574484594,-0.0788165803726039,-0.0483829593516949,0.0910240105906585,-0.134065521369803,-0.092564776161276,0.0341052180266985
2025-11-14,battery,0.10674231278934987,-0.050036319664665374,-0.10726557448459406,-0.07881658037260397,-0.0483829593516949,0.09102401059065857,-0.134065521369803,-0.09256477616127601,0.034105218026698525
2025-11-14,bio_health,0.1066454923718602,-0.0924887883786511,-0.2352637326758311,0.1625384469966451,0.1030432289540401,0.1795162158715928,0.071633626901215,0.0336955949704855,0.0732942168092682
2025-11-14,bio_health,0.10664549237186027,-0.09248878837865115,-0.23526373267583112,0.1625384469966451,0.10304322895404017,0.17951621587159283,0.071633626901215,0.033695594970485576,0.07329421680926829
2025-11-14,biosimilar_cdmo,0.1047424696981134,-0.102273777045668,-0.3590860731610152,0.154347462030747,0.1295654969869566,0.1598376681430253,0.0694534869517424,0.0617556039261144,0.0661516655470364
2025-11-14,biosimilar_cdmo,0.1047424696981134,-0.10227377704566809,-0.35908607316101526,0.154347462030747,0.12956549698695663,0.15983766814302536,0.06945348695174247,0.061755603926114455,0.06615166554703644
2025-11-14,construction,-0.111954490171563,-0.3778989101243062,-0.4829078775384419,0.0205577715290623,0.0016669292291019,0.0030710388863519,0.0023696580143013,0.0395505822279075,0.0498695307828438
2025-11-14,construction,-0.111954490171563,-0.3778989101243062,-0.4829078775384419,0.020557771529062352,0.0016669292291019433,0.003071038886351962,0.0023696580143013346,0.03955058222790753,0.04986953078284384
2025-11-14,consumer,-0.0819314583077955,-0.3526299040984605,-0.4930386453666471,0.0840411014355344,-0.0166715315056404,0.0077466149144169,0.0233387628026096,-0.0175254675382886,-0.0438316579204716
2025-11-14,consumer,-0.08193145830779558,-0.3526299040984605,-0.4930386453666471,0.08404110143553445,-0.01667153150564049,0.007746614914416972,0.023338762802609603,-0.017525467538288653,-0.04383165792047161
2025-11-14,financial,0.0104563177701004,-0.2148687603776533,-0.2324948263249107,0.1111572899038786,0.0161164586384383,0.0434618093488967,-0.0045113797964028,-0.0756479089637001,-0.0247561891176417
2025-11-14,financial,0.010456317770100476,-0.21486876037765335,-0.2324948263249107,0.11115728990387863,0.016116458638438358,0.04346180934889676,-0.004511379796402815,-0.0756479089637001,-0.02475618911764177
2025-11-14,k_beauty,-0.1395302317655525,-0.442988319811482,-0.5528094692387682,0.0756705411061051,-0.0495654186316415,-0.0450941692034811,0.0738516892485163,-0.0116722645275058,0.0241909090610059
2025-11-14,k_beauty,-0.13953023176555257,-0.442988319811482,-0.5528094692387682,0.07567054110610516,-0.049565418631641545,-0.045094169203481194,0.07385168924851637,-0.011672264527505805,0.02419090906100596
2025-11-14,k_food,-0.0784337248452238,-0.369717066347031,-0.6189437610542159,0.1065784109488745,0.0044743202233877,0.0283665377320423,0.0383371795700553,0.001576502265927,-0.0290777096895213
2025-11-14,k_food,-0.07843372484522382,-0.36971706634703105,-0.6189437610542159,0.10657841094887455,0.004474320223387784,0.02836653773204234,0.038337179570055335,0.0015765022659270933,-0.02907770968952139
2025-11-14,media_platform,-0.0723972278667817,-0.3363969507859365,-0.4680193753381045,0.0690906388209617,-0.0456185678785214,0.0324570844934428,0.0211754436057294,-0.0207352676457917,0.0514026178324806
2025-11-14,media_platform,-0.07239722786678171,-0.33639695078593657,-0.46801937533810456,0.06909063882096178,-0.04561856787852148,0.03245708449344287,0.021175443605729427,-0.0207352676457917,0.05140261783248068
2025-11-14,semiconductor,-0.0365211461588361,0.1943784289103065,0.1736204568587671,-0.0689638235967875,-0.0879564886748891,-0.1374654421515391,-0.0472192804053868,-0.1090369179222114,-0.2459427299583803
2025-11-14,semiconductor,-0.03652114615883617,0.19437842891030654,0.17362045685876715,-0.06896382359678754,-0.08795648867488914,-0.1374654421515391,-0.04721928040538681,-0.10903691792221148,-0.2459427299583803
2025-11-14,shipbuilding,0.0093099334372119,-0.1002917468566331,-0.0337426059152676,0.0829212186047652,0.0228005480602946,0.0708591125591033,0.1711871917073584,0.1954976963720935,0.3195351234863046
2025-11-14,shipbuilding,0.009309933437211981,-0.10029174685663311,-0.033742605915267676,0.0829212186047652,0.022800548060294634,0.07085911255910338,0.1711871917073584,0.19549769637209358,0.31953512348630464
2025-11-14,steel_materials,-0.1279904355948676,-0.2818672469702235,-0.357369846058637,0.0225839416593605,0.0640600721074045,0.0668006098848503,-0.0288647036123693,-0.0262214692051266,0.0426615040238556
2025-11-14,steel_materials,-0.12799043559486767,-0.2818672469702235,-0.357369846058637,0.022583941659360507,0.0640600721074045,0.06680060988485037,-0.02886470361236937,-0.02622146920512669,0.0426615040238556
2025-11-21,auto,0.0204334719731371,-0.1462711690529869,-0.3033977830968923,0.0059632011838792,0.0032257661417074,0.0675838648992859,-0.0515460709967257,-0.0588813107249226,-0.0248838850108745
2025-11-21,auto,0.020433471973137163,-0.14627116905298698,-0.30339778309689236,0.005963201183879274,0.0032257661417074424,0.06758386489928592,-0.0515460709967257,-0.05888131072492264,-0.024883885010874573
2025-11-21,battery,-0.0392218528169645,-0.109880281653149,-0.0618264906815779,-0.1459641656063144,-0.0598439619884836,0.045439083803016,-0.0671475852337104,-0.0114610026367887,-0.0455849267876424
2025-11-21,battery,-0.03922185281696455,-0.109880281653149,-0.06182649068157797,-0.14596416560631442,-0.05984396198848363,0.04543908380301609,-0.06714758523371045,-0.01146100263678873,-0.04558492678764248
2025-11-21,bio_health,0.1434554989109044,-0.058573074866735,-0.2012420018964795,0.0368100065390442,0.0339157135119161,0.0340217307793515,-0.1257284404576009,-0.069127515442124,-0.1454944850922412
2025-11-21,bio_health,0.14345549891090448,-0.05857307486673502,-0.20124200189647956,0.036810006539044204,0.033915713511916135,0.034021730779351556,-0.1257284404576009,-0.06912751544212403,-0.14549448509224128
2025-11-21,biosimilar_cdmo,0.1424614990554862,-0.0851451446248676,-0.2881134066986512,0.0377190293573728,0.0171286324208004,0.070972666462364,-0.1166284326733742,-0.1124368645661562,-0.0888650016806613
2025-11-21,biosimilar_cdmo,0.14246149905548622,-0.08514514462486766,-0.28811340669865126,0.03771902935737281,0.017128632420800427,0.070972666462364,-0.1166284326733742,-0.1124368645661562,-0.08886500168066136
2025-11-21,construction,-0.0844545632085845,-0.3365956980077882,-0.4484229699932891,0.0274999269629784,0.0413032121165179,0.0344849075451527,0.006942155433916,0.039636282887416,0.0314138686588008
2025-11-21,construction,-0.08445456320858458,-0.3365956980077882,-0.4484229699932891,0.027499926962978427,0.041303212116517996,0.034484907545152765,0.006942155433916075,0.03963628288741605,0.0314138686588008
2025-11-21,consumer,0.0180362116991643,-0.2376166774015984,-0.4175503854522264,0.0999676700069599,0.115013226696862,0.0754882599144206,0.0159265685714254,0.1316847582025025,0.0677416450000036
2025-11-21,consumer,0.01803621169916436,-0.23761667740159842,-0.41755038545222645,0.09996767000695994,0.11501322669686209,0.07548825991442065,0.015926568571425492,0.13168475820250258,0.06774164500000368
2025-11-21,financial,0.020289880462267,-0.2067475866586596,-0.2430375738502359,0.0098335626921666,0.0081211737189936,-0.0105427475253252,-0.101323727211712,-0.0079952849194446,-0.054004556874222
2025-11-21,financial,0.020289880462267096,-0.20674758665865967,-0.24303757385023594,0.00983356269216662,0.00812117371899368,-0.010542747525325247,-0.10132372721171201,-0.007995284919444678,-0.05400455687422201
2025-11-21,k_beauty,-0.0498345409207149,-0.3442996939558596,-0.4591324746786975,0.0896956908448376,0.0986886258556224,0.0936769945600706,0.0140251497387324,0.1482540444872639,0.1387711637635518
2025-11-21,k_beauty,-0.04983454092071493,-0.3442996939558596,-0.45913247467869756,0.08969569084483764,0.09868862585562244,0.09367699456007061,0.014025149738732479,0.14825404448726398,0.1387711637635518
2025-11-21,k_food,0.0154558394487414,-0.2535791817966601,-0.552450747771067,0.0938895642939652,0.1161378845503708,0.0664930132831489,-0.0126888466549093,0.1116635643269831,0.0381264755511066
2025-11-21,k_food,0.015455839448741404,-0.25357918179666017,-0.552450747771067,0.09388956429396522,0.11613788455037088,0.06649301328314894,-0.012688846654909325,0.1116635643269831,0.0381264755511066
2025-11-21,media_platform,-0.0303511892815975,-0.3396500480617016,-0.426492505612059,0.0420460385851841,-0.003253097275765,0.0415268697260455,-0.0270446002357775,0.0423654706027564,0.0090697852326027
2025-11-21,media_platform,-0.030351189281597524,-0.3396500480617016,-0.426492505612059,0.04204603858518419,-0.00325309727576506,0.04152686972604558,-0.027044600235777594,0.042365470602756417,0.009069785232602712
2025-11-21,semiconductor,-0.0495714503653871,0.15113896832546,0.1328855083573743,-0.0130503042065509,-0.0432394605848465,-0.0407349485013928,0.0559135193902365,0.0447170280900426,0.0967304936501463
2025-11-21,semiconductor,-0.049571450365387126,0.15113896832546003,0.13288550835737434,-0.013050304206550956,-0.04323946058484651,-0.04073494850139281,0.05591351939023659,0.04471702809004263,0.0967304936501463
2025-11-21,shipbuilding,-0.0790444532415631,-0.1063549551671774,-0.0937570686205431,-0.0883543866787751,-0.0060632083105442,-0.0600144627052754,-0.1712756052835403,-0.0288637563708389,-0.1308735752643788
2025-11-21,shipbuilding,-0.07904445324156317,-0.10635495516717741,-0.09375706862054312,-0.08835438667877515,-0.006063208310544299,-0.06001446270527544,-0.17127560528354036,-0.028863756370838933,-0.13087357526437882
2025-11-21,steel_materials,-0.0765325433862709,-0.2482013517885186,-0.2586239559621932,0.0514578922085967,0.0336658951817048,0.0987458900964437,0.0288739505492362,-0.0303941769256996,0.0319452802115933
2025-11-21,steel_materials,-0.07653254338627091,-0.24820135178851865,-0.25862395596219323,0.051457892208596756,0.03366589518170482,0.09874589009644374,0.02887395054923625,-0.03039417692569968,0.031945280211593374
2025-11-28,auto,0.087239876027324,-0.1225757706209593,-0.2137196398539611,0.0668064040541869,0.0236953984320276,0.0896781432429312,0.0608432028703076,0.0204696322903201,0.0220942783436453
2025-11-28,auto,0.08723987602732408,-0.12257577062095937,-0.21371963985396114,0.06680640405418692,0.023695398432027615,0.08967814324293122,0.060843202870307644,0.020469632290320172,0.0220942783436453
2025-11-28,battery,-0.0514799927203095,-0.1039420947181497,0.0548010414506576,-0.012258139903345,0.0059381869349992,0.1166275321322356,0.1337060257029694,0.0657821489234828,0.0711884483292195
2025-11-28,battery,-0.051479992720309564,-0.10394209471814975,0.05480104145065767,-0.012258139903345011,0.005938186934999257,0.11662753213223565,0.1337060257029694,0.06578214892348289,0.07118844832921956
2025-11-28,bio_health,0.1507631650296561,-0.0925809737830534,-0.2424525692167045,0.0073076661187516,-0.0340078989163183,-0.0412105673202249,-0.0295023404202925,-0.0679236124282345,-0.0752322980995765
2025-11-28,bio_health,0.15076316502965614,-0.09258097378305341,-0.24245256921670455,0.007307666118751666,-0.03400789891631839,-0.04121056732022499,-0.02950234042029254,-0.06792361242823453,-0.07523229809957654
2025-11-28,biosimilar_cdmo,0.1738291682535913,-0.0578015621423564,-0.273086437865393,0.031367669198105,0.0273435824825112,0.0150269688332582,-0.0063513601592677,0.0102149500617108,-0.0559456976291057
2025-11-28,biosimilar_cdmo,0.1738291682535913,-0.05780156214235643,-0.273086437865393,0.031367669198105075,0.02734358248251123,0.01502696883325827,-0.006351360159267738,0.010214950061710804,-0.05594569762910573
2025-11-28,construction,-0.0198476105039857,-0.3313415425609474,-0.5316170590185867,0.0646069527045988,0.0052541554468408,-0.0831940890252975,0.0371070257416203,-0.0360490566696771,-0.1176789965704503
2025-11-28,construction,-0.019847610503985758,-0.3313415425609474,-0.5316170590185867,0.06460695270459882,0.005254155446840825,-0.08319408902529757,0.03710702574162039,-0.03604905666967717,-0.11767899657045033
2025-11-28,consumer,0.0562930955231513,-0.2901416307897542,-0.4642380775618302,0.0382568838239869,-0.0525249533881557,-0.0466876921096037,-0.0617107861829729,-0.1675381800850178,-0.1221759520240244
2025-11-28,consumer,0.056293095523151315,-0.2901416307897542,-0.4642380775618302,0.038256883823986954,-0.05252495338815577,-0.04668769210960377,-0.06171078618297299,-0.16753818008501786,-0.12217595202402443
2025-11-28,financial,0.0927140031947546,-0.1989601744746469,-0.2940115757938362,0.0724241227324875,0.0077874121840126,-0.0509740019436002,0.0625905600403209,-0.0003337615349809,-0.040431254418275
2025-11-28,financial,0.09271400319475465,-0.19896017447464698,-0.2940115757938362,0.07242412273248755,0.0077874121840126875,-0.050974001943600245,0.06259056004032093,-0.0003337615349809919,-0.040431254418275
2025-11-28,k_beauty,-0.013429526076687,-0.3922012521101886,-0.5345401747655585,0.0364050148440279,-0.047901558154329,-0.0754077000868609,-0.0532906760008097,-0.1465901840099515,-0.1690846946469315
2025-11-28,k_beauty,-0.013429526076687015,-0.39220125211018864,-0.5345401747655585,0.036405014844027916,-0.04790155815432906,-0.07540770008686093,-0.05329067600080972,-0.1465901840099515,-0.16908469464693154
2025-11-28,k_food,0.0541967062713066,-0.3094836959740368,-0.5496963577917051,0.0387408668225652,-0.0559045141773766,0.0027543899793618,-0.0551486974713999,-0.1720423987277475,-0.0637386233037871
2025-11-28,k_food,0.05419670627130668,-0.3094836959740368,-0.5496963577917051,0.03874086682256528,-0.05590451417737663,0.0027543899793618376,-0.05514869747139994,-0.17204239872774751,-0.0637386233037871
2025-11-28,media_platform,-0.0299846040510077,-0.3639240795773348,-0.4863179642837325,0.0003665852305897,-0.0242740315156332,-0.0598254586716735,-0.0416794533545944,-0.0210209342398681,-0.1013523283977191
2025-11-28,media_platform,-0.02998460405100778,-0.36392407957733486,-0.48631796428373253,0.00036658523058974435,-0.024274031515633232,-0.05982545867167355,-0.04167945335459444,-0.021020934239868172,-0.10135232839771913
2025-11-28,semiconductor,-0.0169743342201229,0.2075285313306782,0.2316141411953536,0.0325971161452641,0.0563895630052182,0.0987286328379792,0.0456474203518151,0.0996290235900647,0.1394635813393721
2025-11-28,semiconductor,-0.016974334220122955,0.20752853133067828,0.23161414119535362,0.03259711614526417,0.056389563005218246,0.09872863283797928,0.04564742035181513,0.09962902359006476,0.1394635813393721
2025-11-28,shipbuilding,-0.1445518067510276,-0.2144994140835323,-0.2165758552948591,-0.0655073535094644,-0.1081444589163549,-0.122818786674316,0.0228470331693106,-0.1020812506058106,-0.0628043239690405
2025-11-28,shipbuilding,-0.14455180675102763,-0.21449941408353235,-0.21657585529485912,-0.06550735350946446,-0.10814445891635494,-0.122818786674316,0.022847033169310693,-0.10208125060581064,-0.06280432396904057
2025-11-28,steel_materials,0.0387130618402273,-0.213814610763388,-0.2191044624828888,0.1152456052264983,0.0343867410251306,0.0395194934793043,0.0637877130179015,0.0007208458434257,-0.0592263966171393
2025-11-28,steel_materials,0.03871306184022738,-0.21381461076338804,-0.21910446248288884,0.1152456052264983,0.03438674102513062,0.03951949347930439,0.06378771301790154,0.0007208458434257992,-0.059226396617139354
2025-12-05,auto,0.1764338568475314,-0.0883771300747282,-0.1089370062675458,0.0891939808202073,0.0341986405462311,0.1047826335864152,0.0223875767660204,0.0105032421142035,0.015104490343484
2025-12-05,auto,0.17643385684753143,-0.08837713007472825,-0.10893700626754588,0.08919398082020735,0.03419864054623112,0.10478263358641526,0.022387576766020434,0.010503242114203504,0.015104490343484045
2025-12-05,battery,-0.0570285911382097,-0.0302893637780068,-0.0195683351057502,-0.0055485984179002,0.0736527309401429,-0.0743693765564079,0.0067095414854447,0.0677145440051436,-0.1909969086886436
2025-12-05,battery,-0.057028591138209794,-0.03028936377800684,-0.01956833510575029,-0.00554859841790023,0.07365273094014291,-0.07436937655640796,0.006709541485444781,0.06771454400514365,-0.1909969086886436
2025-12-05,bio_health,0.0215367652091091,-0.1858495281276022,-0.337451430649091,-0.1292263998205469,-0.0932685543445488,-0.0949988614323864,-0.1365340659392986,-0.0592606554282304,-0.0537882941121614
2025-12-05,bio_health,0.021536765209109188,-0.18584952812760225,-0.337451430649091,-0.12922639982054696,-0.09326855434454884,-0.09499886143238645,-0.13653406593929862,-0.059260655428230447,-0.05378829411216146
2025-12-05,biosimilar_cdmo,0.0846069810010936,-0.0992334209573579,-0.3566243752402922,-0.0892221872524976,-0.0414318588150015,-0.0835379373748992,-0.1205898564506027,-0.0687754412975127,-0.0985649062081575
2025-12-05,biosimilar_cdmo,0.08460698100109365,-0.09923342095735799,-0.3566243752402922,-0.08922218725249764,-0.041431858815001554,-0.08353793737489923,-0.12058985645060272,-0.06877544129751278,-0.0985649062081575
2025-12-05,construction,0.0379765368709121,-0.3256518399624009,-0.5492787754685051,0.0578241473748979,0.0056897025985465,-0.0176617164499184,-0.0067828053297008,0.0004355471517056,0.0655323725753791
2025-12-05,construction,0.03797653687091218,-0.3256518399624009,-0.5492787754685051,0.05782414737489794,0.005689702598546509,-0.01766171644991843,-0.006782805329700881,0.00043554715170568414,0.06553237257537914
2025-12-05,consumer,-0.0031959761628108,-0.3561830433140704,-0.5129735815894985,-0.0594890716859621,-0.0660414125243162,-0.0487355040276682,-0.0977459555099491,-0.0135164591361605,-0.0020478119180644
2025-12-05,consumer,-0.003195976162810865,-0.35618304331407047,-0.5129735815894985,-0.05948907168596218,-0.06604141252431628,-0.04873550402766824,-0.09774595550994913,-0.013516459136160508,-0.0020478119180644683
2025-12-05,financial,0.0202312266662825,-0.2121697056583487,-0.2829303136442398,-0.0724827765284721,-0.0132095311837017,0.0110812621495963,-0.1449068992609596,-0.0209969433677144,0.0620552640931966
2025-12-05,financial,0.02023122666628252,-0.2121697056583487,-0.2829303136442398,-0.07248277652847213,-0.013209531183701717,0.011081262149596371,-0.14490689926095968,-0.020996943367714405,0.062055264093196616
2025-12-05,k_beauty,-0.0367839344622812,-0.4543006182240439,-0.641572048364318,-0.0233544083855942,-0.0620993661138552,-0.1070318735987595,-0.0597594232296221,-0.0141978079595261,-0.0316241735118986
2025-12-05,k_beauty,-0.03678393446228123,-0.4543006182240439,-0.641572048364318,-0.023354408385594216,-0.06209936611385525,-0.10703187359875954,-0.05975942322962213,-0.014197807959526187,-0.03162417351189861
2025-12-05,k_food,-0.0272532255419487,-0.4126956334047237,-0.60321706267805,-0.0814499318132554,-0.1032119374306869,-0.0535207048863448,-0.1201907986358207,-0.0473074232533102,-0.0562750948657067
2025-12-05,k_food,-0.027253225541948756,-0.4126956334047237,-0.60321706267805,-0.08144993181325544,-0.1032119374306869,-0.05352070488634486,-0.12019079863582072,-0.04730742325331028,-0.0562750948657067
2025-12-05,media_platform,-0.0612738594520039,-0.3861968549796156,-0.5322296408207028,-0.0312892554009961,-0.0222727754022807,-0.0459116765369702,-0.0316558406315858,0.0020012561133524,0.0139137821347032
2025-12-05,media_platform,-0.06127385945200392,-0.38619685497961564,-0.5322296408207028,-0.03128925540099614,-0.022272775402280787,-0.04591167653697026,-0.031655840631585885,0.0020012561133524454,0.01391378213470329
2025-12-05,semiconductor,-0.0496174208818697,0.2105791553834954,0.2230218629261253,-0.0326430866617467,0.0030506240528171,-0.0085922782692282,-0.0652402028070109,-0.053338938952401,-0.1073209111072075
2025-12-05,semiconductor,-0.04961742088186971,0.21057915538349548,0.22302186292612536,-0.032643086661746756,0.003050624052817197,-0.00859227826922826,-0.06524020280701093,-0.05333893895240105,-0.10732091110720754
2025-12-05,shipbuilding,-0.075804778810483,-0.3676903785916299,-0.2735224297849299,0.0687470279405445,-0.1531909645080975,-0.0569465744900707,0.134254381450009,-0.0450465055917426,0.0658722121842452
2025-12-05,shipbuilding,-0.07580477881048309,-0.3676903785916299,-0.2735224297849299,0.06874702794054455,-0.15319096450809755,-0.05694657449007079,0.134254381450009,-0.045046505591742614,0.06587221218424522
2025-12-05,steel_materials,0.0808168176968333,-0.2136649798273457,-0.2592387543252594,0.0421037558566059,0.0001496309360422,-0.0401342918423706,-0.0731418493698923,-0.0342371100890883,-0.079653785321675
2025-12-05,steel_materials,0.08081681769683335,-0.21366497982734578,-0.25923875432525945,0.04210375585660597,0.00014963093604225541,-0.040134291842370606,-0.07314184936989232,-0.03423711008908836,-0.079653785321675
2025-12-12,auto,0.1118191305900804,-0.060405045750133,-0.1421837492444522,-0.064614726257451,0.0279720843245951,-0.0332467429769063,-0.1538087070776583,-0.0062265562216359,-0.1380293765633216
2025-12-12,auto,0.11181913059008042,-0.06040504575013306,-0.1421837492444522,-0.06461472625745102,0.027972084324595192,-0.03324674297690633,-0.15380870707765837,-0.006226556221635926,-0.1380293765633216
2025-12-12,battery,-0.0392910118770558,0.0238622664255576,0.0660153304614767,0.0177375792611539,0.0541516302035645,0.085583665567227,0.0232861776790541,-0.0195011007365784,0.159953042123635
2025-12-12,battery,-0.03929101187705586,0.023862266425557666,0.06601533046147678,0.017737579261153935,0.054151630203564505,0.08558366556722707,0.023286177679054165,-0.019501100736578403,0.15995304212363504
2025-12-12,bio_health,-0.0221854394902678,-0.2006069954758924,-0.2901991324566857,-0.043722204699377,-0.0147574673482901,0.0472522981924052,0.0855041951211699,0.0785110869962586,0.1422511596247917
2025-12-12,bio_health,-0.022185439490267855,-0.20060699547589245,-0.2901991324566857,-0.04372220469937704,-0.014757467348290199,0.047252298192405284,0.08550419512116991,0.07851108699625864,0.14225115962479173
2025-12-12,biosimilar_cdmo,0.095626339182842,-0.1215216998191681,-0.2666919902043059,0.0110193581817483,-0.0222882788618101,0.0899323850359863,0.100241545434246,0.0191435799531913,0.1734703224108855
2025-12-12,biosimilar_cdmo,0.09562633918284202,-0.12152169981916816,-0.2666919902043059,0.011019358181748373,-0.022288278861810173,0.08993238503598633,0.10024154543424602,0.01914357995319138,0.17347032241088556
2025-12-12,construction,0.0808151345860843,-0.2779661442636125,-0.5078594249201278,0.0428385977151721,0.0476856956987883,0.0414193505483773,-0.0149855496597257,0.0419959931002418,0.0590810669982957
2025-12-12,construction,0.08081513458608436,-0.27796614426361255,-0.5078594249201278,0.04283859771517218,0.04768569569878833,0.04141935054837731,-0.014985549659725761,0.041995993100241824,0.05908106699829574
2025-12-12,consumer,0.0012696800406297,-0.3473189403710577,-0.4693249966194328,0.0044656562034406,0.0088641029430127,0.0436485849700656,0.0639547278894028,0.074905515467329,0.0923840889977338
2025-12-12,consumer,0.0012696800406297726,-0.3473189403710577,-0.46932499661943283,0.004465656203440638,0.008864102943012764,0.04364858497006563,0.06395472788940282,0.07490551546732904,0.09238408899773387
2025-12-12,financial,-0.0319364268295991,-0.2245024353708318,-0.3186575469858554,-0.0521676534958817,-0.0123327297124831,-0.0357272333416156,0.0203151230325904,0.0008768014712186,-0.046808495491212
2025-12-12,financial,-0.031936426829599185,-0.2245024353708318,-0.31865754698585547,-0.052167653495881705,-0.012332729712483115,-0.03572723334161565,0.02031512303259042,0.0008768014712186023,-0.04680849549121202
2025-12-12,k_beauty,-0.008733769424703,-0.4654031275263671,-0.6148911610744526,0.0280501650375781,-0.0111025093023232,0.0266808872898653,0.0514045734231723,0.0509968568115319,0.1337127608886249
2025-12-12,k_beauty,-0.008733769424703053,-0.46540312752636714,-0.6148911610744526,0.02805016503757818,-0.01110250930232326,0.026680887289865396,0.051404573423172395,0.05099685681153199,0.13371276088862494
2025-12-12,k_food,-0.0153278303328142,-0.3797993658151439,-0.5436608895254981,0.0119253952091344,0.0328962675895797,0.0595561731525519,0.0933753270223899,0.1361082050202666,0.1130768780388967
2025-12-12,k_food,-0.015327830332814263,-0.37979936581514395,-0.5436608895254981,0.011925395209134493,0.03289626758957975,0.059556173152551906,0.09337532702238993,0.13610820502026666,0.11307687803889677
2025-12-12,media_platform,-0.0703397232143431,-0.3869877765153333,-0.5288357788484268,-0.0090658637623391,-0.0007909215357176,0.0033938619722759,0.0222233916386569,0.021481853866563,0.0493055385092462
2025-12-12,media_platform,-0.07033972321434312,-0.38698777651533334,-0.5288357788484268,-0.009065863762339199,-0.0007909215357176924,0.00339386197227598,0.022223391638656942,0.021481853866563094,0.04930553850924624
2025-12-12,semiconductor,-0.035577726371994,0.1267735407000478,0.1549430674722791,0.0140396945098756,-0.0838056146834476,-0.0680787954538462,0.0466827811716223,-0.0868562387362648,-0.0594865171846179
2025-12-12,semiconductor,-0.03557772637199408,0.12677354070004787,0.15494306747227915,0.014039694509875633,-0.0838056146834476,-0.06807879545384621,0.04668278117162239,-0.0868562387362648,-0.05948651718461795
2025-12-12,shipbuilding,-0.0374632014090866,-0.2642802780619746,-0.1415597788328293,0.0383415774013964,0.1034101005296552,0.1319626509521005,-0.0304054505391481,0.2566010650377528,0.1889092254421713
2025-12-12,shipbuilding,-0.037463201409086655,-0.2642802780619746,-0.14155977883282933,0.03834157740139643,0.10341010052965527,0.13196265095210058,-0.030405450539148116,0.2566010650377528,0.18890922544217137
2025-12-12,steel_materials,0.0829528483574615,-0.189542642227545,-0.2225653072730689,0.0021360306606281,0.0241223375998007,0.0366734470521905,-0.0399677251959778,0.0239727066637585,0.0768077388945611
2025-12-12,steel_materials,0.08295284835746153,-0.18954264222754502,-0.2225653072730689,0.0021360306606281743,0.02412233759980076,0.036673447052190555,-0.0399677251959778,0.023972706663758503,0.07680773889456116
2025-12-19,auto,0.1292424729141723,0.0624352511946539,-0.1004644331428965,0.0174233423240919,0.122840296944787,0.0417193161015556,0.0820380685815429,0.0948682126201918,0.0749660590784619
2025-12-19,auto,0.12924247291417235,0.062435251194653985,-0.10046443314289655,0.01742334232409193,0.12284029694478704,0.04171931610155566,0.08203806858154294,0.09486821262019185,0.07496605907846199
2025-12-19,battery,-0.0799205692233255,-0.0042197508805583,0.0059687326962096,-0.0406295573462697,-0.028082017306116,-0.0600465977652671,-0.0583671366074236,-0.0822336475096805,-0.1456302633324941
2025-12-19,battery,-0.07992056922332558,-0.0042197508805583706,0.005968732696209678,-0.04062955734626972,-0.028082017306116036,-0.06004659776526711,-0.05836713660742365,-0.08223364750968054,-0.14563026333249418
2025-12-19,bio_health,-0.0350241697383284,-0.0867411705134733,-0.1688289968185008,-0.0128387302480605,0.1138658249624191,0.1213701356381848,0.0308834744513164,0.1286232923107093,0.0741178374457796
2025-12-19,bio_health,-0.03502416973832845,-0.0867411705134733,-0.16882899681850083,-0.012838730248060592,0.11386582496241915,0.12137013563818488,0.03088347445131645,0.12862329231070935,0.0741178374457796
2025-12-19,biosimilar_cdmo,0.0254429046873041,-0.0124368134664967,-0.1650755510241301,-0.0701834344955378,0.1090848863526714,0.1016164391801757,-0.0812027926772862,0.1313731652144816,0.0116840541441893
2025-12-19,biosimilar_cdmo,0.025442904687304146,-0.012436813466496721,-0.16507555102413018,-0.07018343449553788,0.10908488635267144,0.10161643918017571,-0.08120279267728625,0.1313731652144816,0.011684054144189382
2025-12-19,construction,0.0455715213695691,-0.211917003257666,-0.5154015665771334,-0.0352436132165152,0.0660491410059465,-0.0075421416570056,-0.0780822109316874,0.0183634453071581,-0.0489614922053829
2025-12-19,construction,0.0455715213695691,-0.21191700325766605,-0.5154015665771334,-0.03524361321651526,0.0660491410059465,-0.007542141657005619,-0.07808221093168743,0.018363445307158166,-0.04896149220538293
2025-12-19,consumer,-0.0264903817772417,-0.2299988270497305,-0.3909637567472928,-0.0277600618178714,0.1173201133213271,0.07836123987214,-0.0322257180213121,0.1084560103783144,0.0347126549020744
2025-12-19,consumer,-0.026490381777241723,-0.22999882704973051,-0.3909637567472928,-0.027760061817871495,0.11732011332132719,0.07836123987214005,-0.03222571802131213,0.10845601037831443,0.034712654902074425
2025-12-19,financial,0.0105947151960581,-0.17730819175516,-0.2514870471059387,0.0425311420256573,0.0471942436156718,0.0671704998799167,0.094698795521539,0.0595269733281549,0.1028977332215324
2025-12-19,financial,0.010594715196058146,-0.17730819175516,-0.2514870471059387,0.04253114202565733,0.047194243615671816,0.06717049987991675,0.09469879552153904,0.05952697332815493,0.1028977332215324
2025-12-19,k_beauty,-0.0627233003019764,-0.3117869602669832,-0.5101040344976336,-0.0539895308772734,0.1536161672593838,0.1047871265768189,-0.0820396959148516,0.1647186765617071,0.0781062392869536
2025-12-19,k_beauty,-0.06272330030197648,-0.31178696026698327,-0.5101040344976336,-0.05398953087727343,0.15361616725938387,0.10478712657681899,-0.08203969591485161,0.16471867656170713,0.0781062392869536
2025-12-19,k_food,-0.0479469690744239,-0.3025642284288909,-0.4555175060177516,-0.0326191387416097,0.0772351373862529,0.0881433835077464,-0.0445445339507442,0.0443388697966732,0.0285872103551945
2025-12-19,k_food,-0.04794696907442397,-0.30256422842889097,-0.45551750601775165,-0.03261913874160971,0.07723513738625298,0.08814338350774642,-0.0445445339507442,0.04433886979667323,0.028587210355194514
2025-12-19,media_platform,-0.0299405458698527,-0.288008277477554,-0.5194105311007304,0.0403991773444903,0.0989794990377793,0.0094252477476963,0.0494650411068295,0.099770420573497,0.0060313857754203
2025-12-19,media_platform,-0.02994054586985273,-0.288008277477554,-0.5194105311007304,0.04039917734449039,0.09897949903777936,0.009425247747696375,0.04946504110682959,0.09977042057349705,0.006031385775420395
2025-12-19,semiconductor,-0.0272108963054549,0.0514068041296562,0.1577438416162233,0.0083668300665391,-0.0753667365703916,0.0028007741439441,-0.0056728644433364,0.0084388781130559,0.0708795695977904
2025-12-19,semiconductor,-0.027210896305454924,0.05140680412965626,0.15774384161622335,0.008366830066539155,-0.07536673657039161,0.0028007741439441958,-0.005672864443336478,0.008438878113055992,0.0708795695977904
2025-12-19,shipbuilding,-0.0829900960533518,-0.2028794878968802,-0.2241710136374981,-0.0455268946442651,0.0614007901650943,-0.0826112348046688,-0.0838684720456616,-0.0420093103645609,-0.2145738857567694
2025-12-19,shipbuilding,-0.08299009605335184,-0.20287948789688026,-0.22417101363749814,-0.04552689464426518,0.061400790165094365,-0.08261123480466881,-0.08386847204566161,-0.0420093103645609,-0.2145738857567694
2025-12-19,steel_materials,0.0339382545799096,-0.1895986628344117,-0.2518150375995913,-0.0490145937775519,-5.602060686671351e-05,-0.0292497303265224,-0.05115062443818,-0.0241783582066674,-0.065923177378713
2025-12-19,steel_materials,0.03393825457990962,-0.18959866283441174,-0.25181503759959134,-0.04901459377755191,-5.602060686671351e-05,-0.02924973032652245,-0.05115062443818008,-0.024178358206667472,-0.065923177378713
2025-12-26,auto,0.0475078085128757,0.0149522320894373,-0.0921958872457575,-0.0817346644012966,-0.0474830191052166,0.0082685458971389,-0.0991580067253885,-0.1703233160500037,-0.0334507702044166
2025-12-26,auto,0.04750780851287573,0.0149522320894373,-0.09219588724575756,-0.08173466440129662,-0.047483019105216684,0.00826854589713899,-0.09915800672538855,-0.17032331605000373,-0.03345077020441667
2025-12-26,battery,-0.1215843579834682,-0.037985885734594,-0.0467935186184798,-0.0416637887601426,-0.0337661348540356,-0.0527622513146894,-0.0010342314138729,-0.0056841175479196,0.0072843464505776
2025-12-26,battery,-0.12158435798346823,-0.03798588573459405,-0.0467935186184798,-0.04166378876014265,-0.03376613485403568,-0.05276225131468948,-0.0010342314138729325,-0.005684117547919643,0.007284346450577628
2025-12-26,bio_health,-0.0713190305096652,-0.1564990671560753,-0.1815717922685249,-0.0362948607713368,-0.069757896642602,-0.0127427954500241,-0.0234561305232762,-0.1836237216050211,-0.134112931088209
2025-12-26,bio_health,-0.07131903050966526,-0.1564990671560753,-0.18157179226852493,-0.03629486077133681,-0.06975789664260201,-0.012742795450024103,-0.02345613052327622,-0.18362372160502116,-0.134112931088209
2025-12-26,biosimilar_cdmo,-0.0226163446385494,-0.0489667765464674,-0.1425133439747794,-0.0480592493258535,-0.0365299630799706,0.0225622070493507,0.0221241851696842,-0.1456148494326421,-0.0790542321308249
2025-12-26,biosimilar_cdmo,-0.022616344638549446,-0.048966776546467417,-0.14251334397477944,-0.04805924932585359,-0.036529963079970695,0.022562207049350747,0.022124185169684285,-0.14561484943264213,-0.07905423213082496
2025-12-26,construction,-0.0116679546366003,-0.1970281543274243,-0.4960085461420326,-0.0572394760061694,0.0148888489302416,0.0193930204351008,-0.0219958627896541,-0.0511602920757048,0.0269351620921064
2025-12-26,construction,-0.011667954636600308,-0.19702815432742438,-0.4960085461420326,-0.05723947600616941,0.014888848930241672,0.019393020435100827,-0.021995862789654153,-0.05116029207570483,0.026935162092106446
2025-12-26,consumer,-0.0804563836304208,-0.2897523295123326,-0.4100108957250302,-0.0539660018531791,-0.0597535024626021,-0.0190471389777374,-0.0262059400353076,-0.1770736157839293,-0.0974083788498775
2025-12-26,consumer,-0.08045638363042085,-0.28975232951233265,-0.41001089572503024,-0.053966001853179124,-0.05975350246260214,-0.019047138977737466,-0.02620594003530763,-0.17707361578392933,-0.09740837884987752
2025-12-26,financial,-0.0401245142163106,-0.1825366787248377,-0.3051105131127343,-0.0507192294123688,-0.0052284869696777,-0.0536234660067955,-0.0932503714380261,-0.0524227305853495,-0.1207939658867123
2025-12-26,financial,-0.04012451421631069,-0.1825366787248377,-0.3051105131127343,-0.05071922941236884,-0.005228486969677704,-0.05362346600679557,-0.09325037143802617,-0.05242273058534952,-0.12079396588671232
2025-12-26,k_beauty,-0.1129135514858187,-0.391037721624663,-0.5614949555570471,-0.0501902511838422,-0.0792507613576797,-0.0513909210594134,0.0037992796934311,-0.2328669286170636,-0.1561780476362324
2025-12-26,k_beauty,-0.11291355148581872,-0.391037721624663,-0.5614949555570471,-0.05019025118384224,-0.07925076135767972,-0.05139092105941345,0.00379927969343119,-0.2328669286170636,-0.15617804763623244
2025-12-26,k_food,-0.0690990237590383,-0.3121634103077508,-0.4586873022066154,-0.0211520546846143,-0.0095991818788598,-0.0031697961888638,0.0114670840569953,-0.0868343192651128,-0.0913131796966102
2025-12-26,k_food,-0.06909902375903831,-0.31216341030775085,-0.45868730220661547,-0.02115205468461434,-0.009599181878859886,-0.003169796188863816,0.01146708405699537,-0.08683431926511287,-0.09131317969661024
2025-12-26,media_platform,-0.0859085150787571,-0.3268475536780738,-0.5920281441408569,-0.0559679692089044,-0.0388392762005198,-0.0726176130401264,-0.0963671465533948,-0.1378187752382992,-0.0820428607878228
2025-12-26,media_platform,-0.08590851507875719,-0.32684755367807383,-0.5920281441408569,-0.055967969208904456,-0.03883927620051986,-0.07261761304012648,-0.09636714655339484,-0.13781877523829922,-0.08204286078782286
2025-12-26,semiconductor,0.0328868692362502,0.053867308148066,0.2245611582419546,0.0600977655417052,0.0024605040184098,0.0668173166257313,0.051730935475166,0.0778272405888014,0.0640165424817871
2025-12-26,semiconductor,0.03288686923625028,0.05386730814806606,0.22456115824195466,0.060097765541705206,0.0024605040184098037,0.06681731662573132,0.05173093547516605,0.07782724058880142,0.06401654248178712
2025-12-26,shipbuilding,-0.0872939904680276,-0.2126860313923839,-0.2296190920148098,-0.0043038944146758,-0.0098065434955036,-0.0054480783773116,0.0412230002295893,-0.071207333660598,0.0771631564273571
2025-12-26,shipbuilding,-0.08729399046802766,-0.21268603139238396,-0.2296190920148098,-0.004303894414675824,-0.009806543495503695,-0.005448078377311649,0.04122300022958936,-0.07120733366059806,0.07716315642735716
2025-12-26,steel_materials,0.0111781080040707,-0.1666196405569528,-0.2677851775113873,-0.0227601465758389,0.0229790222774588,-0.0159701399117959,0.0262544472017129,0.0230350428843255,0.0132795904147264
2025-12-26,steel_materials,0.011178108004070708,-0.16661964055695289,-0.2677851775113873,-0.022760146575838913,0.02297902227745885,-0.015970139911795966,0.026254447201712994,0.023035042884325563,0.013279590414726483
2026-01-02,auto,-0.0158792317542948,-0.0035593660691088,-0.1628700572478818,-0.0633870402671705,-0.0185115981585461,-0.0706741700021242,0.018347624134126,0.0289714209466704,-0.0789427158992632
2026-01-02,auto,-0.015879231754294842,-0.0035593660691088935,-0.16287005724788184,-0.06338704026717057,-0.018511598158546194,-0.07067417000212428,0.01834762413412605,0.02897142094667049,-0.07894271589926327
2026-01-02,battery,-0.2463231208939751,-0.1851714167699298,-0.1879105135643481,-0.1247387629105069,-0.1471855310353358,-0.1411169949458683,-0.0830749741503642,-0.1134193961813001,-0.0883547436311789
2026-01-02,battery,-0.24632312089397512,-0.18517141676992988,-0.18791051356434818,-0.1247387629105069,-0.14718553103533583,-0.14111699494586838,-0.08307497415036424,-0.11341939618130015,-0.0883547436311789
2026-01-02,bio_health,-0.1353223707125703,-0.1430809399477808,-0.2158759519781947,-0.0640033402029051,0.0134181272082944,-0.0343041597096698,-0.0277084794315682,0.0831760238508965,-0.0215613642596457
2026-01-02,bio_health,-0.13532237071257036,-0.14308093994778082,-0.21587595197819476,-0.0640033402029051,0.013418127208294495,-0.034304159709669824,-0.02770847943156829,0.08317602385089651,-0.02156136425964572
2026-01-02,biosimilar_cdmo,-0.1241324882477219,-0.1125,-0.2340847251669631,-0.1015161436091725,-0.0635332234535326,-0.0915713811921836,-0.0534568942833189,-0.0270032603735619,-0.1141335882415344
2026-01-02,biosimilar_cdmo,-0.12413248824772194,-0.11250000000000004,-0.2340847251669631,-0.1015161436091725,-0.06353322345353263,-0.09157138119218367,-0.0534568942833189,-0.027003260373561933,-0.11413358824153441
2026-01-02,construction,-0.0608187134502924,-0.2443725743855109,-0.5922931952614825,-0.0491507588136921,-0.0473444200580865,-0.0962846491194499,0.0080887171924772,-0.0622332689883282,-0.1156776695545507
2026-01-02,construction,-0.06081871345029244,-0.24437257438551097,-0.5922931952614825,-0.04915075881369213,-0.04734442005808659,-0.0962846491194499,0.00808871719247728,-0.06223326898832826,-0.11567766955455072
2026-01-02,consumer,-0.1526803411247574,-0.3275284260921604,-0.4972574685771314,-0.0722239574943366,-0.0377760965798277,-0.0872465728521011,-0.0182579556411575,0.0219774058827744,-0.0681994338743636
2026-01-02,consumer,-0.15268034112475748,-0.3275284260921604,-0.4972574685771314,-0.07222395749433663,-0.03777609657982772,-0.08724657285210113,-0.01825795564115751,0.021977405882774415,-0.06819943387436367
2026-01-02,financial,-0.1345636341476315,-0.2435146443514644,-0.3905244210676757,-0.0944391199313208,-0.0609779656266267,-0.0854139079549414,-0.0437198905189519,-0.055749478656949,-0.0317904419481458
2026-01-02,financial,-0.1345636341476315,-0.24351464435146442,-0.3905244210676757,-0.09443911993132081,-0.06097796562662672,-0.08541390795494141,-0.043719890518951976,-0.055749478656949014,-0.03179044194814584
2026-01-02,k_beauty,-0.1298760904994728,-0.3814465408805032,-0.5942719837823124,-0.016962539013654,0.0095911807441597,-0.0327770282252652,0.0332277121701881,0.0888419421018394,0.0186138928341481
2026-01-02,k_beauty,-0.1298760904994728,-0.3814465408805032,-0.5942719837823124,-0.016962539013654077,0.009591180744159766,-0.03277702822526529,0.03322771217018816,0.08884194210183949,0.01861389283414816
2026-01-02,k_food,-0.1427138065128982,-0.358252427184466,-0.5593213700018193,-0.0736147827538599,-0.0460890168767151,-0.1006340677952037,-0.0524627280692455,-0.0364898349978553,-0.0974642716063399
2026-01-02,k_food,-0.14271380651289822,-0.35825242718446604,-0.5593213700018193,-0.07361478275385991,-0.04608901687671518,-0.10063406779520379,-0.05246272806924557,-0.0364898349978553,-0.09746427160633997
2026-01-02,media_platform,-0.0786670926314883,-0.3252070579762334,-0.573295619377349,0.0072414224472688,0.0016404957018404,0.0187325247635079,0.0632093916561733,0.0404797719023602,0.0913501378036344
2026-01-02,media_platform,-0.0786670926314883,-0.3252070579762334,-0.573295619377349,0.007241422447268886,0.0016404957018404387,0.01873252476350795,0.06320939165617334,0.040479771902360295,0.09135013780363443
2026-01-02,semiconductor,0.0387805384866566,0.1051502145922747,0.2536634431777251,0.0058936692504063,0.0512829064442086,0.0291022849357704,-0.0542040962912988,0.0488224024257988,-0.0377150316899608
2026-01-02,semiconductor,0.038780538486656635,0.1051502145922747,0.25366344317772516,0.005893669250406353,0.05128290644420863,0.029102284935770495,-0.05420409629129885,0.04882240242579883,-0.03771503168996082
2026-01-02,shipbuilding,-0.1118307311606023,-0.3046490004649,-0.2614204460735476,-0.0245367406925747,-0.0919629690725161,-0.0318013540587378,-0.0202328462778988,-0.0821564255770124,-0.0263532756814262
2026-01-02,shipbuilding,-0.11183073116060238,-0.30464900046490007,-0.26142044607354764,-0.02453674069257472,-0.09196296907251611,-0.03180135405873785,-0.020232846277898897,-0.08215642557701242,-0.026353275681426203
2026-01-02,steel_materials,-0.1057015741161371,-0.2298321136461472,-0.3979495785901752,-0.1168796821202078,-0.0632124730891943,-0.1301644010787879,-0.0941195355443689,-0.0861914953666531,-0.1141942611669919
2026-01-02,steel_materials,-0.10570157411613712,-0.2298321136461472,-0.3979495785901752,-0.11687968212020783,-0.06321247308919431,-0.1301644010787879,-0.09411953554436892,-0.08619149536665316,-0.11419426116699194
2026-01-09,auto,-0.0756355241886288,0.0398478981093068,-0.2055003106092263,-0.059756292434334,0.0434072641784157,-0.0426302533613445,0.0036307478328365,0.0619188623369619,0.0280439166407797
2026-01-09,auto,-0.07563552418862884,0.03984789810930689,-0.20550031060922636,-0.059756292434334,0.04340726417841578,-0.04263025336134452,0.003630747832836567,0.06191886233696198,0.028043916640779765
2026-01-09,battery,-0.306152631304139,-0.2089549832577077,-0.4348253633413537,-0.0598295104101639,-0.0237835664877779,-0.2469148497770055,0.0649092525003429,0.1234019645475579,-0.1057978548311371
2026-01-09,battery,-0.30615263130413906,-0.20895498325770778,-0.4348253633413537,-0.05982951041016393,-0.023783566487777907,-0.2469148497770055,0.06490925250034296,0.12340196454755792,-0.10579785483113713
2026-01-09,bio_health,-0.0437204024273212,-0.1332067193028143,-0.2855675984262007,0.0916019682852491,0.0098742206449664,-0.0696916464480059,0.1556053084881542,-0.003543906563328,-0.0353874867383361
2026-01-09,bio_health,-0.043720402427321226,-0.13320671930281436,-0.2855675984262007,0.09160196828524914,0.009874220644966458,-0.06969164644800596,0.15560530848815424,-0.0035439065633280364,-0.03538748673833614
2026-01-09,biosimilar_cdmo,-0.087898505323156,-0.0837388012315751,-0.3502691904472508,0.0362339829245659,0.0287611987684248,-0.1161844652802877,0.1377501265337384,0.0922944222219575,-0.024613084088104
2026-01-09,biosimilar_cdmo,-0.08789850532315602,-0.08373880123157518,-0.3502691904472508,0.03623398292456592,0.028761198768424867,-0.1161844652802877,0.13775012653373842,0.0922944222219575,-0.02461308408810403
2026-01-09,construction,-0.0950483410101619,-0.2549947780075314,-0.6108321239094332,-0.0342296275598694,-0.0106222036220204,-0.0185389286479507,0.0149211312538226,0.0367222164360661,0.0777457204714991
2026-01-09,construction,-0.09504834101016191,-0.25499477800753145,-0.6108321239094332,-0.03422962755986947,-0.010622203622020487,-0.018538928647950703,0.014921131253822661,0.0367222164360661,0.07774572047149919
2026-01-09,consumer,-0.1773442067295594,-0.4074497379719444,-0.6303239597278599,-0.0246638656048019,-0.079921311879784,-0.1330664911507285,0.0475600918895346,-0.0421452152999562,-0.0458199182986274
2026-01-09,consumer,-0.17734420672955942,-0.4074497379719444,-0.6303239597278599,-0.024663865604801938,-0.07992131187978402,-0.13306649115072855,0.047560091889534695,-0.042145215299956296,-0.045819918298627416
2026-01-09,financial,-0.1555063555384755,-0.3111069231206789,-0.5272863911626411,-0.020942721390844,-0.0675922787692144,-0.1367619700949653,0.0734963985404767,-0.0066143131425877,-0.0513480621400239
2026-01-09,financial,-0.15550635553847558,-0.3111069231206789,-0.5272863911626411,-0.020942721390844077,-0.06759227876921448,-0.13676197009496538,0.07349639854047674,-0.006614313142587758,-0.051348062140023965
2026-01-09,k_beauty,-0.1406432260712593,-0.4529439466002383,-0.6746692168342158,-0.0107671355717865,-0.071497405719735,-0.0803972330519033,0.0061954034418675,-0.0810885864638948,-0.047620204826638
2026-01-09,k_beauty,-0.14064322607125934,-0.4529439466002383,-0.6746692168342158,-0.010767135571786546,-0.07149740571973506,-0.08039723305190338,0.006195403441867531,-0.08108858646389483,-0.04762020482663809
2026-01-09,k_food,-0.1781902481396079,-0.4446991914509911,-0.7195038172040534,-0.0354764416267097,-0.086446764266525,-0.1601824472022341,0.0381383411271502,-0.0403577473898099,-0.0595483794070303
2026-01-09,k_food,-0.17819024813960793,-0.4446991914509911,-0.7195038172040534,-0.03547644162670971,-0.08644676426652509,-0.16018244720223418,0.0381383411271502,-0.040357747389809906,-0.059548379407030394
2026-01-09,media_platform,-0.1324756423798945,-0.3950049186344484,-0.6853986601112841,-0.0538085497484062,-0.069797860658215,-0.1121030407339351,-0.061049972195675,-0.0714383563600554,-0.1308355654974431
2026-01-09,media_platform,-0.1324756423798945,-0.3950049186344484,-0.6853986601112841,-0.05380854974840621,-0.06979786065821503,-0.11210304073393518,-0.061049972195675095,-0.07143835636005547,-0.13083556549744313
2026-01-09,semiconductor,0.0503029211878389,0.0478220398637105,0.2738766590502157,0.0115223827011823,-0.0573281747285641,0.0202132158724905,0.0056287134507759,-0.1086110811727727,-0.0088890690632799
2026-01-09,semiconductor,0.05030292118783897,0.047822039863710586,0.27387665905021574,0.011522382701182332,-0.05732817472856411,0.020213215872490586,0.0056287134507759795,-0.10861108117277274,-0.008889069063279909
2026-01-09,shipbuilding,-0.0282464042042873,-0.2226651690602159,-0.0040155994118111,0.083584326956315,0.0819838314046841,0.2574048466617364,0.1081210676488897,0.1739468004772002,0.2892062007204743
2026-01-09,shipbuilding,-0.028246404204287368,-0.22266516906021594,-0.004015599411811177,0.08358432695631501,0.08198383140468413,0.25740484666173646,0.10812106764888973,0.17394680047720024,0.2892062007204743
2026-01-09,steel_materials,-0.1734499929586702,-0.2831989556583809,-0.5786736187875825,-0.0677484188425331,-0.0533668420122337,-0.1807240401974073,0.0491312632776747,0.0098456310769605,-0.0505596391186193
2026-01-09,steel_materials,-0.17344999295867025,-0.28319895565838094,-0.5786736187875825,-0.06774841884253313,-0.05336684201223374,-0.1807240401974073,0.0491312632776747,0.00984563107696057,-0.05055963911861938
2026-01-16,auto,-0.0327300064215339,0.1029505289427237,-0.1298294046556103,0.0429055177670949,0.0631026308334168,0.075670905953616,0.1026618102014289,0.019695366655001,0.1183011593149605
2026-01-16,auto,-0.0327300064215339,0.10295052894272372,-0.12982940465561033,0.04290551776709495,0.06310263083341683,0.07567090595361603,0.10266181020142895,0.019695366655001045,0.11830115931496055
2026-01-16,battery,-0.3307048699472376,-0.2874048205214963,-0.4037842436651444,-0.0245522386430985,-0.0784498372637885,0.0310411196762092,0.0352772717670654,-0.0546662707760106,0.2779559694532147
2026-01-16,battery,-0.3307048699472376,-0.2874048205214963,-0.4037842436651444,-0.024552238643098523,-0.07844983726378851,0.03104111967620926,0.03527727176706541,-0.054666270776010606,0.27795596945321477
2026-01-16,bio_health,-0.1871042088833976,-0.1323513228399051,-0.4005733290953668,-0.1433838064560764,0.0008553964629092,-0.115005730669166,-0.2349857747413255,-0.0090188241820572,-0.0453140842211601
2026-01-16,bio_health,-0.18710420888339763,-0.13235132283990514,-0.4005733290953668,-0.1433838064560764,0.0008553964629092192,-0.11500573066916608,-0.23498577474132554,-0.009018824182057239,-0.04531408422116012
2026-01-16,biosimilar_cdmo,-0.2414066232687188,-0.117137618282832,-0.4422340311196249,-0.1535081179455628,-0.0333988170512569,-0.091964840672374,-0.1897421008701287,-0.0621600158196817,0.0242196246079136
2026-01-16,biosimilar_cdmo,-0.24140662326871887,-0.11713761828283209,-0.4422340311196249,-0.15350811794556285,-0.03339881705125691,-0.09196484067237409,-0.18974210087012877,-0.06216001581968178,0.024219624607913603
2026-01-16,construction,-0.0516688039379267,-0.1378243563962067,-0.5061737191700619,0.0433795370722351,0.1171704216113247,0.1046584047393712,0.0776091646321046,0.1277926252333452,0.1231973333873219
2026-01-16,construction,-0.05166880393792672,-0.13782435639620672,-0.5061737191700619,0.043379537072235186,0.11717042161132474,0.10465840473937127,0.07760916463210465,0.12779262523334523,0.12319733338732197
2026-01-16,consumer,-0.2459673791310234,-0.3601166011263832,-0.7036737395702871,-0.0686231724014639,0.0473331368455611,-0.0733497798424271,-0.043959306796662,0.1272544487253452,0.0597167113083013
2026-01-16,consumer,-0.2459673791310234,-0.3601166011263832,-0.7036737395702871,-0.06862317240146398,0.047333136845561175,-0.07334977984242719,-0.043959306796662045,0.1272544487253452,0.05971671130830136
2026-01-16,financial,-0.2125135583969515,-0.2642487543050535,-0.6265735739484284,-0.0570072028584759,0.0468581688156253,-0.0992871827857873,-0.0360644814676318,0.1144504475848398,0.037474787309178
2026-01-16,financial,-0.21251355839695152,-0.26424875430505357,-0.6265735739484284,-0.057007202858475936,0.04685816881562532,-0.0992871827857873,-0.03606448146763186,0.1144504475848398,0.03747478730917808
2026-01-16,k_beauty,-0.2216386852348026,-0.4184558120316177,-0.7819865915679627,-0.0809954591635433,0.0344881345686205,-0.1073173747337469,-0.0702283235917567,0.1059855402883556,-0.0269201416818435
2026-01-16,k_beauty,-0.22163868523480268,-0.41845581203161775,-0.7819865915679627,-0.08099545916354334,0.03448813456862054,-0.10731737473374692,-0.07022832359175679,0.1059855402883556,-0.026920141681843535
2026-01-16,k_food,-0.2496807452230158,-0.373770101752862,-0.7650276944160416,-0.0714904970834079,0.070929089698129,-0.0455238772119881,-0.0360140554566982,0.1573758539646541,0.114658569990246
2026-01-16,k_food,-0.24968074522301587,-0.37377010175286207,-0.7650276944160416,-0.07149049708340793,0.07092908969812906,-0.04552387721198814,-0.036014055456698224,0.15737585396465414,0.11465856999024604
2026-01-16,media_platform,-0.2116251335905454,-0.3709658664971603,-0.7249606648249426,-0.0791494912106509,0.024039052137288,-0.0395620047136584,-0.0253409414622447,0.0938369127955031,0.0725410360202767
2026-01-16,media_platform,-0.21162513359054547,-0.37096586649716035,-0.7249606648249426,-0.07914949121065096,0.024039052137288075,-0.03956200471365845,-0.025340941462244748,0.0938369127955031,0.07254103602027673
2026-01-16,semiconductor,0.0505295162327799,-0.0192034527722095,0.2696317333600029,0.0002265950449409,-0.0670254926359201,-0.0042449256902128,-0.0112957876562413,-0.009697317907356,-0.0244581415627034
2026-01-16,semiconductor,0.0505295162327799,-0.019203452772209584,0.2696317333600029,0.00022659504494093596,-0.06702549263592017,-0.004244925690212842,-0.011295787656241396,-0.009697317907356062,-0.024458141562703428
2026-01-16,shipbuilding,-0.0843354777156286,-0.168255508757227,-0.0622768453832978,-0.0560890735113412,0.0544096603029888,-0.0582612459714866,-0.1396734004676563,-0.0275741711016952,-0.3156660926332231
2026-01-16,shipbuilding,-0.08433547771562866,-0.16825550875722706,-0.06227684538329781,-0.05608907351134129,0.05440966030298888,-0.05826124597148663,-0.1396734004676563,-0.027574171101695244,-0.3156660926332231
2026-01-16,steel_materials,-0.1777753958795975,-0.2215887474373905,-0.5050214098076555,-0.0043254029209273,0.0616102082209903,0.0736522089799269,0.0634230159216058,0.1149770502332241,0.2543762491773342
2026-01-16,steel_materials,-0.17777539587959756,-0.22158874743739054,-0.5050214098076555,-0.004325402920927313,0.06161020822099039,0.07365220897992697,0.06342301592160582,0.11497705023322413,0.25437624917733426
2026-01-23,auto,0.053283492647002,0.1748583009979345,-0.0385017943547654,0.0860134990685359,0.0719077720552108,0.0913276103008449,0.043107981301441,0.0088051412217939,0.0156567043472288
2026-01-23,auto,0.05328349264700205,0.17485830099793453,-0.03850179435476542,0.08601349906853595,0.07190777205521082,0.09132761030084491,0.043107981301441,0.008805141221793988,0.015656704347228878
2026-01-23,battery,-0.1290139043669209,-0.2816906617081194,-0.2912524723582563,0.2016909655803166,0.0057141588133768,0.112531771306888,0.2262432042234151,0.0841639960771654,0.0814906516306788
2026-01-23,battery,-0.12901390436692095,-0.2816906617081194,-0.29125247235825635,0.20169096558031663,0.005714158813376891,0.11253177130688807,0.22624320422341515,0.0841639960771654,0.08149065163067881
2026-01-23,bio_health,-0.2008232578041813,-0.1739538258498159,-0.5300431742629221,-0.0137190489207836,-0.0416025030099107,-0.1294698451675553,0.1296647575352927,-0.0424578994728199,-0.0144641144983892
2026-01-23,bio_health,-0.2008232578041813,-0.1739538258498159,-0.5300431742629221,-0.013719048920783683,-0.04160250300991075,-0.12946984516755533,0.12966475753529272,-0.04245789947281997,-0.014464114498389247
2026-01-23,biosimilar_cdmo,-0.2018562666829675,-0.1022086449811308,-0.476940790635743,0.0395503565857513,0.0149289733017012,-0.0347067595161181,0.1930584745313142,0.0483277903529582,0.0572580811562559
2026-01-23,biosimilar_cdmo,-0.20185626668296752,-0.1022086449811308,-0.476940790635743,0.039550356585751345,0.014928973301701287,-0.034706759516118124,0.1930584745313142,0.0483277903529582,0.05725808115625597
2026-01-23,construction,-0.0122573195765605,-0.0940890885231973,-0.4792926641856236,0.0394114843613662,0.0437352678730094,0.0268810549844382,-0.0039680527108689,-0.0734351537383153,-0.077777349754933
2026-01-23,construction,-0.01225731957656051,-0.0940890885231973,-0.47929266418562366,0.03941148436136621,0.04373526787300941,0.02688105498443827,-0.0039680527108689745,-0.07343515373831533,-0.077777349754933
2026-01-23,consumer,-0.2161377509844384,-0.3103500011323234,-0.6918815527645428,0.0298296281465849,0.0497665999940597,0.0117921868057443,0.0984528005480489,0.0024334631484985,0.0851419666481715
2026-01-23,consumer,-0.21613775098443844,-0.31035000113232347,-0.6918815527645428,0.029829628146584963,0.049766599994059746,0.011792186805744342,0.09845280054804895,0.0024334631484985714,0.08514196664817153
2026-01-23,financial,-0.2046864780909365,-0.2315534065626041,-0.5857527593484986,0.0078270803060149,0.0326953477424494,0.0408208145999298,0.0648342831644909,-0.0141628210731759,0.1401079973857171
2026-01-23,financial,-0.20468647809093654,-0.23155340656260415,-0.5857527593484986,0.007827080306014977,0.03269534774244942,0.04082081459992981,0.06483428316449091,-0.014162821073175902,0.1401079973857171
2026-01-23,k_beauty,-0.1536659570563567,-0.3503656081000792,-0.7370133027216912,0.0679727281784459,0.0680902039315385,0.0449732888462715,0.1489681873419892,0.0336020693629179,0.1522906635800184
2026-01-23,k_beauty,-0.15366595705635677,-0.3503656081000792,-0.7370133027216912,0.06797272817844591,0.06809020393153853,0.0449732888462715,0.14896818734198924,0.033602069362917986,0.15229066358001841
2026-01-23,k_food,-0.2477850994450301,-0.3505825544730852,-0.7578660045340438,0.0018956457779857,0.0231875472797769,0.0071616898819977,0.0733861428613936,-0.0477415424183521,0.0526855670939858
2026-01-23,k_food,-0.24778509944503013,-0.3505825544730852,-0.7578660045340438,0.0018956457779857327,0.0231875472797769,0.007161689881997724,0.07338614286139367,-0.047741542418352156,0.05268556709398586
2026-01-23,media_platform,-0.1780741337550191,-0.3202461746885516,-0.6881998748761533,0.0335509998355263,0.0507196918086086,0.0367607899487892,0.1127004910461773,0.0266806396713206,0.0763227946624477
2026-01-23,media_platform,-0.17807413375501913,-0.32024617468855165,-0.6881998748761533,0.03355099983552634,0.05071969180860869,0.036760789948789285,0.1127004910461773,0.026680639671320616,0.07632279466244773
2026-01-23,semiconductor,-0.0048507765824792,-0.0357927809555682,0.2664182641340002,-0.0553802928152591,-0.0165893281833586,-0.0032134692260026,-0.0556068878602,0.0504361644525614,0.0010314564642102
2026-01-23,semiconductor,-0.004850776582479233,-0.03579278095556826,0.26641826413400027,-0.055380292815259136,-0.016589328183358676,-0.00321346922600263,-0.05560688786020007,0.050436164452561494,0.001031456464210212
2026-01-23,shipbuilding,-0.0615873162221007,-0.3010333367366291,-0.1811459440827618,0.0227481614935278,-0.132777827979402,-0.118869098699464,0.0788372350048691,-0.1871874882823909,-0.0606078527279774
2026-01-23,shipbuilding,-0.061587316222100785,-0.30103333673662913,-0.18114594408276186,0.022748161493527874,-0.13277782797940207,-0.11886909869946405,0.07883723500486917,-0.18718748828239096,-0.06060785272797742
2026-01-23,steel_materials,-0.0818521928942555,-0.1457481038928465,-0.5039088712586373,0.095923202985342,0.075840643544544,0.0011125385490182,0.1002486059062693,0.0142304353235536,-0.0725396704309087
2026-01-23,steel_materials,-0.0818521928942555,-0.14574810389284654,-0.5039088712586373,0.09592320298534207,0.075840643544544,0.0011125385490182715,0.10024860590626938,0.014230435323553614,-0.0725396704309087
2026-01-30,auto,0.0014368830670574,0.1163326093981451,-0.1956369363723324,-0.0518466095799445,-0.0585256915997893,-0.157135142017567,-0.1378601086484805,-0.1304334636550002,-0.2484627523184119
2026-01-30,auto,0.0014368830670574706,0.11633260939814516,-0.19563693637233248,-0.05184660957994458,-0.058525691599789376,-0.15713514201756706,-0.13786010864848053,-0.1304334636550002,-0.24846275231841197
2026-01-30,battery,-0.014875702515128,-0.2929947222244202,-0.3863719260203655,0.1141382018517929,-0.0113040605163008,-0.0951194536621091,-0.0875527637285237,-0.0170182193296777,-0.2076512249689972
2026-01-30,battery,-0.014875702515128042,-0.29299472222442025,-0.3863719260203655,0.11413820185179291,-0.01130406051630084,-0.09511945366210917,-0.08755276372852372,-0.01701821932967773,-0.20765122496899724
2026-01-30,bio_health,-0.1643142012338097,-0.1374516974226964,-0.5412164476993133,0.0365090565703716,0.0365021284271194,-0.0111732734363911,0.0502281054911553,0.0781046314370301,0.1182965717311641
2026-01-30,bio_health,-0.1643142012338097,-0.13745169742269647,-0.5412164476993133,0.03650905657037162,0.03650212842711942,-0.011173273436391185,0.050228105491155306,0.07810463143703017,0.11829657173116415
2026-01-30,biosimilar_cdmo,-0.1376715210855945,-0.034546657764795,-0.486258528520642,0.0641847455973729,0.0676619872163357,-0.0093177378848989,0.0246343890116216,0.0527330139146344,0.0253890216312191
2026-01-30,biosimilar_cdmo,-0.13767152108559455,-0.03454665776479504,-0.486258528520642,0.06418474559737297,0.06766198721633576,-0.00931773788489898,0.024634389011621627,0.052733013914634475,0.025389021631219144
2026-01-30,construction,-0.005810751071726,-0.0805151822996248,-0.5227867283279495,0.0064465685048344,0.0135739062235724,-0.0434940641423258,-0.0329649158565317,-0.0301613616494369,-0.070375119126764
2026-01-30,construction,-0.005810751071726017,-0.08051518229962484,-0.5227867283279495,0.006446568504834493,0.013573906223572463,-0.04349406414232582,-0.03296491585653172,-0.030161361649436946,-0.07037511912676409
2026-01-30,consumer,-0.1717218469167423,-0.2687519277556025,-0.7254274583503544,0.0444159040676961,0.0415980733767209,-0.0335459055858116,0.0145862759211111,-0.0081685266173388,-0.0453380923915559
2026-01-30,consumer,-0.1717218469167423,-0.2687519277556025,-0.7254274583503544,0.04441590406769613,0.041598073376720945,-0.03354590558581161,0.01458627592111117,-0.0081685266173388,-0.04533809239155595
2026-01-30,financial,-0.2038935282795495,-0.2024409436587722,-0.6930198166499495,0.000792949811387,0.0291124629038319,-0.1072670573014509,-0.0070341304946279,-0.0035828848386174,-0.1480878719013807
2026-01-30,financial,-0.20389352827954954,-0.2024409436587722,-0.6930198166499495,0.0007929498113870004,0.02911246290383196,-0.10726705730145092,-0.007034130494627977,-0.0035828848386174617,-0.14808787190138073
2026-01-30,k_beauty,-0.1086510892059775,-0.3165711711240631,-0.7952821875258103,0.0450148678503792,0.0337944369760161,-0.058268884804119,-0.0229578603280666,-0.0342957669555223,-0.1032421736503905
2026-01-30,k_beauty,-0.10865108920597755,-0.3165711711240631,-0.7952821875258103,0.045014867850379225,0.03379443697601614,-0.05826888480411907,-0.02295786032806668,-0.03429576695552239,-0.10324217365039057
2026-01-30,k_food,-0.2596343624833674,-0.3431720587000992,-0.8401889702415468,-0.0118492630383373,0.0074104957729859,-0.0823229657075029,-0.013744908816323,-0.0157770515067909,-0.0894846555895007
2026-01-30,k_food,-0.25963436248336746,-0.34317205870009926,-0.8401889702415468,-0.011849263038337332,0.0074104957729859144,-0.08232296570750297,-0.013744908816323065,-0.015777051506790984,-0.0894846555895007
2026-01-30,media_platform,-0.1817943970041242,-0.3120263427777798,-0.7151813683183392,-0.0037202632491051,0.0082198319107718,-0.0269814934421859,-0.0372712630846314,-0.0424998598978368,-0.0637422833909752
2026-01-30,media_platform,-0.18179439700412425,-0.31202634277777985,-0.7151813683183392,-0.003720263249105127,0.008219831910771802,-0.026981493442185922,-0.03727126308463147,-0.04249985989783689,-0.06374228339097521
2026-01-30,semiconductor,0.1693451957190506,0.1624859393848323,0.6791086386281664,0.1741959723015298,0.1982787203404006,0.4126903744941661,0.2295762651167889,0.2148680485237593,0.4159038437201687
2026-01-30,semiconductor,0.1693451957190506,0.16248593938483236,0.6791086386281664,0.17419597230152983,0.19827872034040062,0.4126903744941661,0.22957626511678897,0.2148680485237593,0.41590384372016875
2026-01-30,shipbuilding,-0.1189475988878419,-0.4005165154996382,-0.4527810703934776,-0.0573602826657411,-0.099483178763009,-0.2716351263107157,-0.0801084441592689,0.033294649216393,-0.1527660276112517
2026-01-30,shipbuilding,-0.1189475988878419,-0.4005165154996382,-0.4527810703934776,-0.057360282665741114,-0.09948317876300905,-0.27163512631071574,-0.08010844415926899,0.033294649216393024,-0.1527660276112517
2026-01-30,steel_materials,-0.0130699964840699,-0.0450168933341068,-0.5852286950344812,0.0687821964101855,0.1007312105587396,-0.0813198237758439,-0.0271410065751565,0.0248905670141956,-0.0824323623248621
2026-01-30,steel_materials,-0.013069996484069923,-0.045016893334106856,-0.5852286950344812,0.06878219641018557,0.10073121055873968,-0.0813198237758439,-0.0271410065751565,0.024890567014195675,-0.08243236232486217
2026-02-06,auto,0.0517868299315311,0.1176812345833351,-0.1658278525563155,0.0503499468644736,0.0013486251851899,0.0298090838160169,0.1021965564444182,0.0598743167849793,0.186944225833584
2026-02-06,auto,0.051786829931531164,0.11768123458333513,-0.1658278525563155,0.050349946864473694,0.0013486251851899667,0.02980908381601699,0.10219655644441827,0.05987431678497934,0.18694422583358405
2026-02-06,battery,0.0818112152190744,-0.2899386350389343,-0.3750474103545425,0.0966869177342024,0.0030560871854858,0.011324515665823,-0.0174512841175904,0.0143601477017867,0.1064439693279322
2026-02-06,battery,0.08181121521907442,-0.28993863503893436,-0.3750474103545425,0.09668691773420246,0.0030560871854858895,0.011324515665823043,-0.01745128411759045,0.01436014770178673,0.10644396932793221
2026-02-06,bio_health,-0.154599483659269,-0.2344733515070625,-0.5320519300085471,0.0097147175745406,-0.097021654084366,0.0091645176907662,-0.0267943389958309,-0.1335237825114854,0.0203377911271573
2026-02-06,bio_health,-0.154599483659269,-0.2344733515070625,-0.5320519300085471,0.009714717574540677,-0.09702165408436603,0.009164517690766205,-0.026794338995830946,-0.13352378251148544,0.02033779112715739
2026-02-06,biosimilar_cdmo,-0.0756141682639541,-0.1080356499643075,-0.4937980841662557,0.0620573528216403,-0.0734889921995125,-0.0075395556456137,-0.0021273927757325,-0.1411509794158483,0.0017781822392852
2026-02-06,biosimilar_cdmo,-0.07561416826395417,-0.10803564996430759,-0.4937980841662557,0.06205735282164038,-0.07348899219951255,-0.007539555645613705,-0.002127392775732595,-0.1411509794158483,0.0017781822392852753
2026-02-06,construction,0.1989753468298425,0.0861005034555331,-0.4338556069471468,0.2047860979015685,0.1666156857551579,0.0889311213808026,0.198339529396734,0.1530417795315855,0.1324251855231284
2026-02-06,construction,0.19897534682984253,0.0861005034555331,-0.43385560694714687,0.20478609790156854,0.16661568575515795,0.08893112138080261,0.19833952939673405,0.1530417795315855,0.13242518552312843
2026-02-06,consumer,-0.0078290246210321,-0.2339524714363465,-0.7018907750738892,0.1638928222957101,0.0347994563192559,0.0235366832764651,0.1194769182280139,-0.0067986170574649,0.0570825888622767
2026-02-06,consumer,-0.007829024621032188,-0.23395247143634657,-0.7018907750738892,0.16389282229571012,0.03479945631925596,0.023536683276465187,0.11947691822801398,-0.006798617057464984,0.057082588862276795
2026-02-06,financial,0.0728134593652403,-0.1240327760233637,-0.4527104945597768,0.2767069876447898,0.0784081676354084,0.2403093220901726,0.2759140378334028,0.0492957047315765,0.3475763793916235
2026-02-06,financial,0.07281345936524031,-0.12403277602336371,-0.45271049455977685,0.27670698764478985,0.07840816763540848,0.24030932209017264,0.27591403783340285,0.04929570473157652,0.34757637939162356
2026-02-06,k_beauty,-0.0673177822923469,-0.2997825993476046,-0.8396854943917499,0.0413333069136305,0.0167885717764584,-0.0444033068659396,-0.0036815609367486,-0.0170058651995577,0.0138655779381794
2026-02-06,k_beauty,-0.06731778229234697,-0.29978259934760465,-0.8396854943917499,0.041333306913630574,0.016788571776458427,-0.04440330686593963,-0.0036815609367486513,-0.017005865199557713,0.01386557793817944
2026-02-06,k_food,-0.074492878348177,-0.3214728829910929,-0.8378807804790098,0.1851414841351903,0.0216991757090063,0.0023081897625369,0.1969907471735277,0.0142886799360204,0.0846311554700399
2026-02-06,k_food,-0.07449287834817708,-0.3214728829910929,-0.8378807804790098,0.18514148413519038,0.02169917570900637,0.002308189762536994,0.1969907471735277,0.014288679936020454,0.08463115547003996
2026-02-06,media_platform,-0.114183551813229,-0.3419051203418706,-0.7549174555167384,0.0676108451908952,-0.0298787775640907,-0.0397360871983991,0.0713311084400003,-0.0380986094748625,-0.0127545937562132
2026-02-06,media_platform,-0.11418355181322903,-0.3419051203418706,-0.7549174555167384,0.06761084519089522,-0.02987877756409074,-0.03973608719839916,0.07133110844000035,-0.038098609474862544,-0.01275459375621324
2026-02-06,semiconductor,0.074534614366887,0.1132440595343711,0.575009557165646,-0.0948105813521635,-0.0492418798504612,-0.1040990814625204,-0.2690065536536934,-0.2475206001908618,-0.5167894559566866
2026-02-06,semiconductor,0.07453461436688702,0.11324405953437111,0.575009557165646,-0.09481058135216358,-0.049241879850461245,-0.10409908146252045,-0.2690065536536934,-0.24752060019086186,-0.5167894559566866
2026-02-06,shipbuilding,-0.144392592171743,-0.3146435837089634,-0.5959690245998293,-0.0254449932839011,0.0858729317906747,-0.1431879542063516,0.0319152893818399,0.1853561105536838,0.128447172104364
2026-02-06,shipbuilding,-0.14439259217174305,-0.3146435837089634,-0.5959690245998293,-0.02544499328390115,0.08587293179067479,-0.14318795420635166,0.03191528938183996,0.18535611055368384,0.12844717210436407
2026-02-06,steel_materials,0.0826503941148011,-0.0040700207392074,-0.5143705355426393,0.095720390598871,0.0409468725948993,0.0708581594918418,0.0269381941886854,-0.0597843379638403,0.1521779832676857
2026-02-06,steel_materials,0.08265039411480113,-0.0040700207392074805,-0.5143705355426393,0.09572039059887105,0.040946872594899375,0.07085815949184182,0.026938194188685483,-0.059784337963840306,0.15217798326768572
2026-02-13,auto,-0.0780104186917647,0.0478129319470101,-0.2047672584357105,-0.1297972486232959,-0.0698683026363249,-0.038939405879395,-0.1801471954877695,-0.0712169278215149,-0.068748489695412
2026-02-13,auto,-0.07801041869176473,0.047812931947010195,-0.20476725843571053,-0.1297972486232959,-0.06986830263632493,-0.03893940587939504,-0.18014719548776958,-0.0712169278215149,-0.06874848969541203
2026-02-13,battery,-0.0190594294154857,-0.3735855860277082,-0.5117992700728229,-0.1008706446345601,-0.0836469509887738,-0.1367518597182804,-0.1975575623687626,-0.0867030381742597,-0.1480763753841034
2026-02-13,battery,-0.019059429415485774,-0.3735855860277082,-0.5117992700728229,-0.10087064463456019,-0.08364695098877384,-0.1367518597182804,-0.19755756236876265,-0.08670303817425973,-0.14807637538410345
2026-02-13,bio_health,-0.1211691837210608,-0.3174778530460753,-0.5997854207166964,0.0334302999382081,-0.0830045015390128,-0.0677334907081492,0.0237155823636674,0.0140171525453531,-0.0768980083989154
2026-02-13,bio_health,-0.12116918372106089,-0.31747785304607534,-0.5997854207166964,0.03343029993820812,-0.08300450153901284,-0.06773349070814927,0.023715582363667442,0.014017152545353184,-0.07689800839891547
2026-02-13,biosimilar_cdmo,-0.0263208904214402,-0.1325403039818464,-0.467894898781241,0.0492932778425139,-0.0245046540175388,0.0259031853850146,-0.0127640749791264,0.0489843381819736,0.0334427410306283
2026-02-13,biosimilar_cdmo,-0.026320890421440257,-0.13254030398184646,-0.467894898781241,0.049293277842513916,-0.024504654017538874,0.025903185385014682,-0.01276407497912646,0.048984338181973675,0.03344274103062839
2026-02-13,construction,0.065180397262244,0.0838835280176062,-0.5164188441995965,-0.1337949495675985,-0.0022169754379268,-0.0825632372524496,-0.338581047469167,-0.1688326611930848,-0.1714943586332522
2026-02-13,construction,0.065180397262244,0.08388352801760623,-0.5164188441995965,-0.13379494956759852,-0.0022169754379268714,-0.08256323725244963,-0.33858104746916706,-0.16883266119308482,-0.17149435863325224
2026-02-13,consumer,0.0153898679559849,-0.218538502506614,-0.7889017946902896,0.0232188925770171,0.0154139689297325,-0.0870110196164004,-0.1406739297186929,-0.0193854873895233,-0.1105477028928656
2026-02-13,consumer,0.01538986795598496,-0.218538502506614,-0.7889017946902896,0.023218892577017147,0.015413968929732569,-0.08701101961640045,-0.14067392971869297,-0.019385487389523393,-0.11054770289286564
2026-02-13,financial,0.164285916564677,-0.0869584798473024,-0.4507757680623991,0.0914724571994367,0.0370742961760612,0.0019347264973776,-0.1852345304453531,-0.0413338714593471,-0.2383745955927949
2026-02-13,financial,0.16428591656467706,-0.08695847984730243,-0.45077576806239916,0.09147245719943675,0.03707429617606128,0.0019347264973776923,-0.1852345304453531,-0.04133387145934719,-0.23837459559279495
2026-02-13,k_beauty,-0.0486625334527384,-0.2761204440939893,-0.9759774994104256,0.0186552488396085,0.0236621552536153,-0.1362920050186756,-0.022678058074022,0.0068735834771569,-0.091888698152736
2026-02-13,k_beauty,-0.04866253345273841,-0.2761204440939893,-0.9759774994104256,0.018655248839608563,0.02366215525361537,-0.13629200501867567,-0.02267805807402201,0.0068735834771569415,-0.09188869815273604
2026-02-13,k_food,-0.0616324998874295,-0.3260624043349651,-0.8751341121275833,0.0128603784607475,-0.0045895213438722,-0.0372533316485734,-0.1722811056744428,-0.0262886970528786,-0.0395615214111104
2026-02-13,k_food,-0.06163249988742958,-0.32606240433496514,-0.8751341121275833,0.012860378460747501,-0.004589521343872249,-0.03725333164857347,-0.17228110567444288,-0.026288697052878618,-0.03956152141111047
2026-02-13,media_platform,-0.1229834100298137,-0.3865367689849692,-0.8889044265116417,-0.0087998582165846,-0.0446316486430986,-0.1339869709949033,-0.0764107034074799,-0.0147528710790079,-0.0942508837965041
2026-02-13,media_platform,-0.12298341002981372,-0.38653676898496925,-0.8889044265116417,-0.008799858216584688,-0.044631648643098654,-0.1339869709949033,-0.07641070340747991,-0.014752871079007912,-0.09425088379650415
2026-02-13,semiconductor,0.0781164150699762,0.103946504602322,0.5123489189727037,0.0035818007030892,-0.009297554932049,-0.0626606381929422,0.0983923820552528,0.0399443249184121,0.0414384432695782
2026-02-13,semiconductor,0.07811641506997624,0.10394650460232202,0.5123489189727037,0.003581800703089222,-0.00929755493204909,-0.06266063819294221,0.0983923820552528,0.039944324918412155,0.04143844326957824
2026-02-13,shipbuilding,-0.2737390801595384,-0.4108514829022158,-0.7428449111748625,-0.1293464879877953,-0.0962078991932524,-0.1468758865750332,-0.1039014947038942,-0.1820808309839272,-0.0036879323686815
2026-02-13,shipbuilding,-0.2737390801595384,-0.41085148290221585,-0.7428449111748625,-0.12934648798779536,-0.09620789919325246,-0.14687588657503325,-0.1039014947038942,-0.18208083098392724,-0.00368793236868159
2026-02-13,steel_materials,-0.0797268572272644,-0.1246748278179774,-0.5487037360776277,-0.1623772513420656,-0.1206048070787699,-0.0343332005349883,-0.2580976419409366,-0.1615516796736693,-0.1051913600268301
2026-02-13,steel_materials,-0.07972685722726447,-0.12467482781797745,-0.5487037360776277,-0.1623772513420656,-0.12060480707876997,-0.03433320053498834,-0.25809764194093665,-0.16155167967366935,-0.10519136002683016
2026-02-20,auto,-0.1515906395036499,0.018429341387893,-0.2634286200535165,-0.0735802208118852,-0.0293835905591171,-0.0586613616178059,0.0562170278114106,0.0404847120772078,-0.0197219557384109
2026-02-20,auto,-0.15159063950364993,0.018429341387893095,-0.2634286200535165,-0.0735802208118852,-0.0293835905591171,-0.058661361617805996,0.05621702781141069,0.04048471207720783,-0.019721955738410957
2026-02-20,battery,-0.0100284171967377,-0.3807699434374325,-0.5904975616721795,0.009031012218748,-0.0071843574097243,-0.0786982915993566,0.1099016568533082,0.0764625935790495,0.0580535681189238
2026-02-20,battery,-0.010028417196737749,-0.38076994343743253,-0.5904975616721795,0.009031012218748025,-0.00718435740972434,-0.0786982915993566,0.10990165685330822,0.0764625935790495,0.058053568118923815
2026-02-20,bio_health,-0.1195779920684967,-0.3943115797734504,-0.6539450881361863,0.0015911916525641,-0.0768337267273751,-0.0541596674194899,-0.0318391082856439,0.0061707748116377,0.0135738232886593
2026-02-20,bio_health,-0.11957799206849673,-0.39431157977345044,-0.6539450881361863,0.0015911916525641612,-0.0768337267273751,-0.054159667419489965,-0.03183910828564396,0.006170774811637747,0.013573823288659304
2026-02-20,biosimilar_cdmo,0.0082853616966902,-0.2526471696584762,-0.5028780639144328,0.0346062521181305,-0.1201068656766297,-0.0349831651331917,-0.0146870257243834,-0.0956022116590908,-0.0608863505182064
2026-02-20,biosimilar_cdmo,0.008285361696690252,-0.2526471696584762,-0.5028780639144328,0.03460625211813051,-0.12010686567662976,-0.034983165133191774,-0.014687025724383407,-0.09560221165909089,-0.060886350518206456
2026-02-20,construction,0.0497232731427241,0.1075492397154975,-0.4953825926076305,-0.0154571241195198,0.0236657116978913,0.0210362515919659,0.1183378254480786,0.0258826871358182,0.1035994888444156
2026-02-20,construction,0.04972327314272418,0.10754923971549757,-0.4953825926076305,-0.015457124119519827,0.023665711697891334,0.021036251591965982,0.11833782544807869,0.025882687135818205,0.10359948884441561
2026-02-20,consumer,-0.0185109421449785,-0.3244578550876371,-0.8486759289445407,-0.0339008101009634,-0.1059193525810231,-0.059774134254251,-0.0571197026779806,-0.1213333215107557,0.0272368853621494
2026-02-20,consumer,-0.018510942144978504,-0.32445785508763714,-0.8486759289445407,-0.03390081010096346,-0.10591935258102314,-0.05977413425425104,-0.05711970267798061,-0.12133332151075571,0.02723688536214941
2026-02-20,financial,0.1729608205819901,-0.1118793142944802,-0.5174551384401229,0.008674904017313,-0.0249208344471778,-0.0666793703777237,-0.0827975531821236,-0.0619951306232391,-0.0686140968751014
2026-02-20,financial,0.17296082058199014,-0.11187931429448028,-0.5174551384401229,0.008674904017313079,-0.024920834447177853,-0.06667937037772376,-0.08279755318212367,-0.061995130623239136,-0.06861409687510145
2026-02-20,k_beauty,-0.0696281261541482,-0.3828687609755585,-1.006397236125001,-0.0209655927014098,-0.1067483168815692,-0.0304197367145755,-0.0396208415410184,-0.1304104721351846,0.1058722683041001
2026-02-20,k_beauty,-0.06962812615414826,-0.38286876097555855,-1.006397236125001,-0.020965592701409852,-0.10674831688156927,-0.03041973671457554,-0.039620841541018414,-0.13041047213518464,0.10587226830410013
2026-02-20,k_food,-0.101808362277258,-0.4500296550023657,-0.9784149116805112,-0.0401758623898285,-0.1239672506674005,-0.1032807995529279,-0.053036240850576,-0.1193777293235283,-0.0660274679043544
2026-02-20,k_food,-0.10180836227725809,-0.4500296550023657,-0.9784149116805112,-0.04017586238982851,-0.12396725066740055,-0.1032807995529279,-0.05303624085057601,-0.1193777293235283,-0.06602746790435443
2026-02-20,media_platform,-0.1280121709306596,-0.4423704562384325,-0.97755318236252,-0.0050287609008459,-0.0558336872534632,-0.0886487558508781,0.0037710973157387,-0.0112020386103646,0.0453382151440251
2026-02-20,media_platform,-0.12801217093065964,-0.4423704562384325,-0.9775531823625199,-0.005028760900845919,-0.05583368725346327,-0.08864875585087817,0.0037710973157387695,-0.011202038610364617,0.04533821514402514
2026-02-20,semiconductor,0.0830837930816972,0.0882464783490069,0.4858215141517243,0.0049673780117209,-0.0157000262533151,-0.0265274048209793,0.0013855773086317,-0.006402471321266,0.0361332333719628
2026-02-20,semiconductor,0.08308379308169722,0.0882464783490069,0.48582151415172437,0.00496737801172098,-0.015700026253315125,-0.026527404820979372,0.001385577308631758,-0.0064024713212660345,0.036133233371962836
2026-02-20,shipbuilding,-0.2344347093333569,-0.4198302479185773,-0.6609264740946517,0.0393043708261814,-0.0089787650163615,0.0819184370802108,0.1686508588139768,0.0872291341768909,0.2287943236552441
2026-02-20,shipbuilding,-0.23443470933335697,-0.41983024791857737,-0.6609264740946517,0.039304370826181434,-0.008978765016361523,0.08191843708021085,0.1686508588139768,0.08722913417689093,0.2287943236552441
2026-02-20,steel_materials,-0.0799573842924845,-0.1304021384439029,-0.5989958394729564,-0.00023052706522,-0.0057273106259254,-0.0502921033953287,0.1621467242768455,0.1148774964528445,-0.0159589028603404
2026-02-20,steel_materials,-0.07995738429248456,-0.13040213844390292,-0.5989958394729564,-0.00023052706522008748,-0.005727310625925464,-0.05029210339532875,0.1621467242768455,0.11487749645284451,-0.015958902860340407
2026-02-27,auto,-0.0747132155453682,0.0747561136652916,-0.2117734962971882,0.0768774239582816,0.0563267722773985,0.0516551237563283,0.1504576447701668,0.0857103628365156,0.1103164853741343
2026-02-27,auto,-0.07471321554536825,0.07475611366529167,-0.21177349629718822,0.07687742395828168,0.056326772277398574,0.0516551237563283,0.15045764477016688,0.08571036283651567,0.1103164853741343
2026-02-27,battery,-0.1651183962253752,-0.3779446907346546,-0.673136430454768,-0.1550899790286375,0.0028252527027778,-0.0826388687825885,-0.1641209912473855,0.0100096101125022,-0.0039405771832319
2026-02-27,battery,-0.16511839622537527,-0.37794469073465464,-0.673136430454768,-0.15508997902863753,0.0028252527027778918,-0.08263886878258853,-0.16412099124738555,0.010009610112502232,-0.00394057718323193
2026-02-27,bio_health,-0.2372528670110461,-0.5639566959149445,-0.8089880135031555,-0.1176748749425493,-0.169645116141494,-0.1550429253669691,-0.1192660665951135,-0.0928113894141189,-0.1008832579474792
2026-02-27,bio_health,-0.2372528670110461,-0.5639566959149445,-0.8089880135031555,-0.11767487494254936,-0.16964511614149402,-0.15504292536696918,-0.11926606659511352,-0.09281138941411893,-0.10088325794747921
2026-02-27,biosimilar_cdmo,-0.190805786681627,-0.4486293318286547,-0.680320322521532,-0.1990911483783173,-0.1959821621701785,-0.1774422586070991,-0.2336974004964478,-0.0758752964935487,-0.1424590934739074
2026-02-27,biosimilar_cdmo,-0.19080578668162707,-0.4486293318286547,-0.680320322521532,-0.19909114837831732,-0.1959821621701785,-0.17744225860709917,-0.23369740049644783,-0.07587529649354874,-0.1424590934739074
2026-02-27,construction,0.0606817715872085,0.1209318259677971,-0.4448681335129469,0.0109584984444843,0.0133825862522996,0.0505144590946835,0.0264156225640042,-0.0102831254455917,0.0294782075027175
2026-02-27,construction,0.060681771587208555,0.12093182596779717,-0.44486813351294696,0.010958498444484377,0.0133825862522996,0.05051445909468355,0.026415622564004204,-0.010283125445591734,0.02947820750271757
2026-02-27,consumer,-0.1732460505705775,-0.5853696850212138,-1.0490374136264364,-0.154735108425599,-0.2609118299335766,-0.2003614846818957,-0.1208342983246355,-0.1549924773525535,-0.1405873504276447
2026-02-27,consumer,-0.17324605057057751,-0.5853696850212138,-1.0490374136264364,-0.154735108425599,-0.26091182993357664,-0.20036148468189574,-0.12083429832463555,-0.1549924773525535,-0.1405873504276447
2026-02-27,financial,-0.0928922036953978,-0.4094377634423827,-0.8179546573916574,-0.265853024277388,-0.2975584491479024,-0.3004995189515345,-0.2745279282947011,-0.2726376147007245,-0.2338201485738107
2026-02-27,financial,-0.09289220369539786,-0.4094377634423827,-0.8179546573916574,-0.265853024277388,-0.2975584491479024,-0.3004995189515345,-0.2745279282947011,-0.27263761470072456,-0.23382014857381073
2026-02-27,k_beauty,-0.3051136150761427,-0.6516422980214212,-1.2259518716577538,-0.2354854889219945,-0.2687735370458626,-0.2195546355327526,-0.2145198962205846,-0.1620252201642933,-0.1891348988181771
2026-02-27,k_beauty,-0.30511361507614276,-0.6516422980214212,-1.2259518716577538,-0.2354854889219945,-0.2687735370458626,-0.21955463553275267,-0.21451989622058465,-0.16202522016429333,-0.18913489881817713
2026-02-27,k_food,-0.237578072248044,-0.6908519383569165,-1.1766399450522491,-0.1357697099707859,-0.2408222833545508,-0.1982250333717381,-0.0955938475809574,-0.1168550326871502,-0.0949442338188102
2026-02-27,k_food,-0.23757807224804406,-0.6908519383569165,-1.1766399450522493,-0.13576970997078597,-0.2408222833545508,-0.19822503337173814,-0.09559384758095746,-0.11685503268715025,-0.09494423381881023
2026-02-27,media_platform,-0.3063098122322292,-0.6534231990610824,-1.2052558591275706,-0.1782976413015695,-0.2110527428226498,-0.2277026767650507,-0.1732688804007236,-0.1552190555691865,-0.1390539209141725
2026-02-27,media_platform,-0.3063098122322292,-0.6534231990610824,-1.2052558591275706,-0.17829764130156955,-0.21105274282264985,-0.22770267676505074,-0.17326888040072363,-0.15521905556918658,-0.13905392091417257
2026-02-27,semiconductor,0.133379438106806,0.2573581006577374,0.6958080093558894,0.0502956450251088,0.1691116223087305,0.209986495204165,0.0453282670133878,0.1848116485620456,0.2365139000251443
2026-02-27,semiconductor,0.13337943810680608,0.25735810065773745,0.6958080093558894,0.05029564502510886,0.16911162230873056,0.209986495204165,0.04532826701338788,0.18481164856204568,0.23651390002514439
2026-02-27,shipbuilding,-0.2969904430545735,-0.6053850724729952,-0.9015209292485618,-0.0625557337212165,-0.1855548245544178,-0.2405944551539101,-0.101860104547398,-0.1765760595380563,-0.3225128922341209
2026-02-27,shipbuilding,-0.29699044305457356,-0.6053850724729952,-0.9015209292485618,-0.06255573372121659,-0.18555482455441785,-0.2405944551539101,-0.10186010454739802,-0.17657605953805633,-0.32251289223412094
2026-02-27,steel_materials,-0.1774361976605305,-0.1804564409377111,-0.6546421194431971,-0.0974788133680459,-0.0500543024938082,-0.0556462799702406,-0.0972482863028258,-0.0443269918678828,-0.0053541765749118
2026-02-27,steel_materials,-0.17743619766053054,-0.18045644093771118,-0.6546421194431971,-0.09747881336804598,-0.05005430249380827,-0.05564627997024063,-0.09724828630282589,-0.0443269918678828,-0.005354176574911884
2026-03-06,auto,-0.0399257676142776,-0.0602478240978068,-0.2545020876986601,0.0347874479310905,-0.1350039377630985,-0.0427285914014718,-0.0420899760271911,-0.191330710040497,-0.0943837151578002
2026-03-06,auto,-0.039925767614277685,-0.060247824097806824,-0.2545020876986601,0.034787447931090565,-0.1350039377630985,-0.042728591401471894,-0.04208997602719111,-0.19133071004049707,-0.0943837151578002
2026-03-06,battery,-0.0898366968393405,-0.3640976049338522,-0.5886164287582081,0.0752816993860346,0.0138470858008024,0.0845200016965599,0.2303716784146722,0.0110218330980245,0.1671588704791484
2026-03-06,battery,-0.08983669683934059,-0.36409760493385224,-0.5886164287582081,0.07528169938603468,0.013847085800802406,0.08452000169655993,0.2303716784146722,0.011021833098024514,0.16715887047914846
2026-03-06,bio_health,-0.1047029150518095,-0.4479237998105922,-0.676231040741887,0.1325499519592365,0.1160328961043521,0.1327569727612685,0.2502248269017859,0.2856780122458462,0.2877998981282377
2026-03-06,bio_health,-0.10470291505180951,-0.44792379981059227,-0.676231040741887,0.13254995195923658,0.11603289610435219,0.13275697276126852,0.25022482690178594,0.2856780122458462,0.2877998981282377
2026-03-06,biosimilar_cdmo,-0.0625444191996729,-0.3328933393332516,-0.4976246570395151,0.1282613674819541,0.1157359924954031,0.1826956654820168,0.3273525158602715,0.3117181546655816,0.360137924089116
2026-03-06,biosimilar_cdmo,-0.06254441919967291,-0.3328933393332516,-0.4976246570395151,0.12826136748195416,0.11573599249540312,0.18269566548201688,0.3273525158602715,0.3117181546655816,0.36013792408911605
2026-03-06,construction,0.1450482728254218,0.1330879812011887,-0.3696752713934055,0.0843665012382133,0.0121561552333915,0.0751928621195414,0.0734080027937289,-0.001226431018908,0.0246784030248579
2026-03-06,construction,0.14504827282542188,0.1330879812011887,-0.3696752713934055,0.08436650123821332,0.01215615523339153,0.07519286211954146,0.07340800279372894,-0.0012264310189080696,0.02467840302485791
2026-03-06,consumer,-0.0769427608147894,-0.4467002282056143,-0.883155897817933,0.096303289755788,0.1386694568155995,0.1658815158085034,0.251038398181387,0.3995812867491761,0.3662430004903991
2026-03-06,consumer,-0.07694276081478946,-0.4467002282056143,-0.883155897817933,0.09630328975578806,0.1386694568155995,0.1658815158085034,0.25103839818138707,0.39958128674917615,0.36624300049039915
2026-03-06,financial,0.0251304866812729,-0.3102334737017358,-0.6378208098357574,0.1180226903766707,0.0992042897406468,0.1801338475559,0.3838757146540588,0.3967627388885493,0.4806333665074345
2026-03-06,financial,0.025130486681272934,-0.3102334737017358,-0.6378208098357574,0.11802269037667079,0.09920428974064688,0.1801338475559,0.3838757146540588,0.3967627388885493,0.4806333665074345
2026-03-06,k_beauty,-0.1615782902666586,-0.5111459772118742,-1.0487950253672946,0.1435353248094841,0.140496320809547,0.1771568462904591,0.3790208137314786,0.4092698578554096,0.3967114818232118
2026-03-06,k_beauty,-0.1615782902666586,-0.5111459772118742,-1.0487950253672946,0.14353532480948417,0.140496320809547,0.17715684629045914,0.37902081373147867,0.4092698578554096,0.3967114818232118
2026-03-06,k_food,-0.1144020320625686,-0.5542901786530825,-1.0092600708304218,0.1231760401854754,0.136561759703834,0.1673798742218275,0.2589457501562614,0.3773840430583848,0.3656049075935657
2026-03-06,k_food,-0.1144020320625686,-0.5542901786530825,-1.0092600708304218,0.12317604018547545,0.136561759703834,0.16737987422182754,0.2589457501562614,0.3773840430583848,0.3656049075935657
2026-03-06,media_platform,-0.1871172614300178,-0.5173514095894178,-1.0265485334934237,0.1191925508022113,0.1360717894716645,0.1787073256341469,0.2974901921037809,0.3471245322943144,0.4064100023991976
2026-03-06,media_platform,-0.18711726143001783,-0.5173514095894178,-1.0265485334934237,0.11919255080221136,0.13607178947166454,0.17870732563414693,0.2974901921037809,0.3471245322943144,0.40641000239919767
2026-03-06,semiconductor,0.07934750533894,0.3370460784399183,0.8169972963405845,-0.054031932767866,0.0796879777821808,0.1211892869846951,-0.1043275777929748,-0.0894236445265497,-0.0887972082194699
2026-03-06,semiconductor,0.07934750533894008,0.3370460784399183,0.8169972963405845,-0.054031932767866,0.07968797778218084,0.12118928698469511,-0.10432757779297486,-0.08942364452654972,-0.0887972082194699
2026-03-06,shipbuilding,-0.1320404798068091,-0.4133464246514997,-0.7674299346970428,0.1649499632477644,0.1920386478214955,0.1340909945515189,0.227505696968981,0.3775934723759133,0.374685449705429
2026-03-06,shipbuilding,-0.1320404798068091,-0.41334642465149973,-0.7674299346970428,0.16494996324776445,0.1920386478214955,0.13409099455151896,0.22750569696898104,0.37759347237591334,0.37468544970542905
2026-03-06,steel_materials,-0.0815510207381574,-0.2112845051021332,-0.5488381390750297,0.095885176922373,-0.030828064164422,0.1058039803681674,0.193363990290419,0.0192262383293861,0.161450260338408
2026-03-06,steel_materials,-0.08155102073815745,-0.21128450510213326,-0.5488381390750297,0.09588517692237308,-0.030828064164422075,0.1058039803681674,0.19336399029041906,0.01922623832938619,0.16145026033840804
2026-03-13,auto,-0.0613225564472681,-0.1731614446056002,-0.3433734066997569,-0.0213967888329904,-0.1129136205077934,-0.0888713190010968,-0.056184236764081,0.022090317255305,-0.0461427275996249
2026-03-13,auto,-0.06132255644726814,-0.17316144460560023,-0.3433734066997569,-0.021396788832990454,-0.11291362050779341,-0.0888713190010968,-0.05618423676408102,0.02209031725530508,-0.0461427275996249
2026-03-13,battery,-0.1070255379491582,-0.3572207431743515,-0.5162589788390604,-0.0171888411098176,0.0068768617595007,0.0723574499191477,-0.0924705404958523,-0.0069702240413016,-0.0121625517774122
2026-03-13,battery,-0.10702553794915826,-0.3572207431743515,-0.5162589788390604,-0.017188841109817665,0.006876861759500752,0.07235744991914772,-0.09247054049585235,-0.006970224041301654,-0.012162551777412212
2026-03-13,bio_health,-0.0595799018212521,-0.3344458399647785,-0.651816631395904,0.0451230132305573,0.1134779598458137,0.024414409345983,-0.0874269387286792,-0.0025549362585384,-0.1083425634152854
2026-03-13,bio_health,-0.05957990182125217,-0.3344458399647785,-0.651816631395904,0.04512301323055734,0.11347795984581377,0.024414409345983046,-0.08742693872867924,-0.0025549362585384205,-0.10834256341528548
2026-03-13,biosimilar_cdmo,-0.0170211030996083,-0.2315056808972737,-0.4300639602911005,0.0455233161000645,0.1013876584359778,0.0675606967484145,-0.0827380513818896,-0.0143483340594252,-0.1151349687336023
2026-03-13,biosimilar_cdmo,-0.01702110309960836,-0.23150568089727375,-0.4300639602911005,0.04552331610006455,0.10138765843597786,0.06756069674841458,-0.08273805138188961,-0.01434833405942526,-0.1151349687336023
2026-03-13,construction,0.1660747629932668,0.2581438790677921,-0.1897542050740126,0.0210264901678449,0.1250558978666034,0.1799210663193928,-0.0633400110703683,0.1128997426332119,0.1047282041998514
2026-03-13,construction,0.16607476299326684,0.2581438790677921,-0.18975420507401264,0.02102649016784497,0.12505589786660343,0.17992106631939286,-0.06334001107036835,0.1128997426332119,0.1047282041998514
2026-03-13,consumer,-0.0634884590859923,-0.3122227126062866,-0.8110914091019541,0.0134543017287971,0.1344775155993276,0.0720644887159789,-0.0828489880269909,-0.0041919412162718,-0.0938170270925244
2026-03-13,consumer,-0.06348845908599232,-0.31222271260628665,-0.8110914091019541,0.013454301728797136,0.13447751559932763,0.07206448871597892,-0.08284898802699092,-0.004191941216271866,-0.09381702709252449
2026-03-13,financial,-0.0960980526626752,-0.2664281283232896,-0.6020098945899761,-0.1212285393439481,0.0438053453784461,0.0358109152457812,-0.2392512297206189,-0.0553989443622007,-0.1443229323101187
2026-03-13,financial,-0.09609805266267524,-0.26642812832328966,-0.6020098945899761,-0.12122853934394817,0.04380534537844616,0.03581091524578128,-0.23925122972061896,-0.05539894436220072,-0.14432293231011872
2026-03-13,k_beauty,-0.0770667806256923,-0.3573983440853709,-0.9585985233525178,0.0845115096409662,0.1537476331265032,0.0901965020147768,-0.0590238151685179,0.0132513123169561,-0.0869603442756823
2026-03-13,k_beauty,-0.07706678062569239,-0.35739834408537097,-0.9585985233525178,0.08451150964096621,0.1537476331265032,0.0901965020147768,-0.05902381516851796,0.013251312316956199,-0.08696034427568233
2026-03-13,k_food,-0.1278038819137694,-0.4402548065301872,-0.9934421524279848,-0.0134018498512008,0.1140353721228952,0.015817918402437,-0.1365778900366763,-0.0225263875809387,-0.1515619558193904
2026-03-13,k_food,-0.12780388191376946,-0.4402548065301872,-0.9934421524279847,-0.013401849851200853,0.11403537212289527,0.01581791840243707,-0.1365778900366763,-0.022526387580938723,-0.15156195581939047
2026-03-13,media_platform,-0.1134043571147732,-0.4119597438426552,-0.940545402269192,0.0737129043152445,0.1053916657467626,0.0860031312242317,-0.0454796464869667,-0.0306801237249019,-0.0927041944099151
2026-03-13,media_platform,-0.11340435711477326,-0.4119597438426552,-0.9405454022691919,0.07371290431524458,0.10539166574676262,0.08600313122423175,-0.045479646486966785,-0.03068012372490192,-0.09270419440991517
2026-03-13,semiconductor,0.0638662505205018,0.2917892469473104,0.7521653133234347,-0.0154812548184382,-0.0452568314926078,-0.0648319830171497,0.0385506779494277,-0.1249448092747886,-0.1860212700018448
2026-03-13,semiconductor,0.06386625052050188,0.29178924694731045,0.7521653133234347,-0.015481254818438206,-0.04525683149260784,-0.06483198301714976,0.03855067794942779,-0.12494480927478868,-0.18602127000184487
2026-03-13,shipbuilding,-0.0050290745767489,-0.2537161665928091,-0.765741102133553,0.1270114052300601,0.1596302580586905,0.0016888325634898,-0.0379385580177042,-0.0324083897628049,-0.1324021619880291
2026-03-13,shipbuilding,-0.005029074576748949,-0.25371616659280916,-0.765741102133553,0.12701140523006016,0.15963025805869058,0.0016888325634898393,-0.037938558017704294,-0.03240838976280491,-0.13240216198802912
2026-03-13,steel_materials,-0.0651433508786705,-0.1842876829289872,-0.5098086030145474,0.0164076698594869,0.026996822173146,0.0390295360604822,-0.0794775070628861,0.0578248863375681,-0.0667744443076852
2026-03-13,steel_materials,-0.06514335087867051,-0.18428768292898723,-0.5098086030145474,0.01640766985948694,0.02699682217314603,0.039029536060482206,-0.07947750706288614,0.057824886337568104,-0.0667744443076852
2026-03-20,auto,-0.079332695572984,-0.2047385601428988,-0.3493873404964422,-0.0180101391257159,-0.0315771155372985,-0.0060139337966853,0.0033866497072745,0.0813365049704948,0.0828573852044114
2026-03-20,auto,-0.07933269557298406,-0.20473856014289882,-0.34938734049644227,-0.018010139125715918,-0.03157711553729858,-0.006013933796685356,0.003386649707274536,0.08133650497049483,0.08285738520441144
2026-03-20,battery,-0.0957610338648231,-0.4530847661441779,-0.579957805907173,0.0112645040843351,-0.0958640229698264,-0.0636988270681127,0.0284533451941527,-0.1027408847293271,-0.1360562769872604
2026-03-20,battery,-0.09576103386482315,-0.4530847661441779,-0.579957805907173,0.011264504084335103,-0.09586402296982643,-0.0636988270681127,0.028453345194152768,-0.10274088472932719,-0.13605627698726042
2026-03-20,bio_health,-0.0782693757101166,-0.3964207245809181,-0.7437901158515987,-0.0186894738888644,-0.0619748846161396,-0.0919734844556947,-0.0638124871194217,-0.1754528444619534,-0.1163878938016778
2026-03-20,bio_health,-0.0782693757101166,-0.39642072458091815,-0.7437901158515987,-0.01868947388886444,-0.06197488461613965,-0.09197348445569475,-0.06381248711942178,-0.17545284446195342,-0.1163878938016778
2026-03-20,biosimilar_cdmo,-0.0654810772028718,-0.331561807973322,-0.5803607594936708,-0.0484599741032635,-0.1000561270760482,-0.1502967992025703,-0.093983290203328,-0.2014437855120261,-0.2178574959509849
2026-03-20,biosimilar_cdmo,-0.06548107720287188,-0.331561807973322,-0.5803607594936708,-0.048459974103263526,-0.10005612707604827,-0.15029679920257033,-0.09398329020332807,-0.20144378551202613,-0.21785749595098491
2026-03-20,construction,0.2523598667744695,0.3158572760403424,-0.0749101422097202,0.0862851037812026,0.0577133969725502,0.1148440628642923,0.0652586136133577,-0.0673425008940531,-0.0650770034551004
2026-03-20,construction,0.25235986677446953,0.3158572760403424,-0.07491014220972025,0.08628510378120269,0.05771339697255029,0.11484406286429238,0.06525861361335772,-0.06734250089405314,-0.06507700345510048
2026-03-20,consumer,-0.0768753627712739,-0.3229526441372303,-0.8286867942867122,-0.0133869036852816,-0.0107299315309437,-0.0175953851847581,-0.0268412054140787,-0.1452074471302713,-0.089659873900737
2026-03-20,consumer,-0.07687536277127394,-0.32295264413723035,-0.8286867942867122,-0.013386903685281615,-0.010729931530943704,-0.017595385184758117,-0.02684120541407875,-0.14520744713027134,-0.08965987390073704
2026-03-20,financial,-0.142974046197004,-0.2387761821940051,-0.5945875545899932,-0.0468759935343288,0.0276519461292845,0.0074223399999828,0.0743525458096193,-0.0161533992491615,-0.0283885752457984
2026-03-20,financial,-0.14297404619700405,-0.2387761821940051,-0.5945875545899932,-0.04687599353432881,0.027651946129284566,0.007422339999982874,0.07435254580961936,-0.016153399249161593,-0.02838857524579841
2026-03-20,k_beauty,-0.0632994260502685,-0.3532586030883735,-0.9903187147265808,0.0137673545754238,0.0041397409969974,-0.0317201913740629,-0.0707441550655423,-0.1496078921295057,-0.1219166933888397
2026-03-20,k_beauty,-0.0632994260502685,-0.35325860308837354,-0.9903187147265807,0.013767354575423885,0.004139740996997432,-0.0317201913740629,-0.07074415506554232,-0.14960789212950576,-0.1219166933888397
2026-03-20,k_food,-0.1349875190390377,-0.4735793958080548,-1.0095649848457835,-0.0071836371252682,-0.0333245892778676,-0.0161228324177989,0.0062182127259325,-0.1473599614007629,-0.031940750820236
2026-03-20,k_food,-0.13498751903903772,-0.47357939580805486,-1.0095649848457837,-0.007183637125268261,-0.03332458927786763,-0.016122832417798993,0.0062182127259325926,-0.1473599614007629,-0.031940750820236063
2026-03-20,media_platform,-0.1578042682796887,-0.499323709796539,-1.0410878981367389,-0.0443999111649154,-0.0873639659538838,-0.1005424958675469,-0.11811281548016,-0.1927556317006464,-0.1865456270917787
2026-03-20,media_platform,-0.15780426827968874,-0.49932370979653906,-1.0410878981367389,-0.044399911164915484,-0.08736396595388385,-0.10054249586754693,-0.11811281548016006,-0.19275563170064647,-0.1865456270917787
2026-03-20,semiconductor,0.111739099020069,0.3413451788037871,0.6846872170907019,0.0478728484995671,0.0495559318564766,-0.0674780962327328,0.0633541033180054,0.0948127633490845,-0.002646113215583
2026-03-20,semiconductor,0.11173909902006907,0.3413451788037871,0.6846872170907019,0.04787284849956719,0.049555931856476665,-0.06747809623273282,0.0633541033180054,0.0948127633490845,-0.002646113215583057
2026-03-20,shipbuilding,-0.0318205787517404,-0.4274932333938896,-0.8453048278118738,-0.0267915041749915,-0.1737770668010805,-0.0795637256783208,-0.1538029094050517,-0.3334073248597711,-0.0812525582418106
2026-03-20,shipbuilding,-0.03182057875174049,-0.42749323339388967,-0.8453048278118738,-0.026791504174991543,-0.17377706680108052,-0.07956372567832082,-0.1538029094050517,-0.3334073248597711,-0.08125255824181066
2026-03-20,steel_materials,-0.0740112470120404,-0.320959403339266,-0.6455972341882608,-0.0088678961333699,-0.1366717204102787,-0.1357886311737133,-0.0252755659928568,-0.1636685425834247,-0.1748181672341955
2026-03-20,steel_materials,-0.07401124701204043,-0.320959403339266,-0.6455972341882608,-0.008867896133369912,-0.13667172041027875,-0.13578863117371331,-0.025275565992856852,-0.16366854258342478,-0.17481816723419552
2026-03-27,auto,-0.0375853210942254,-0.1721575426903974,-0.129338614458,0.0417473744787586,0.0325810174525014,0.2200487260384422,0.0597575136044745,0.0641581329898,0.2260626598351276
2026-03-27,auto,-0.03758532109422541,-0.1721575426903974,-0.129338614458,0.04174737447875865,0.032581017452501415,0.22004872603844228,0.059757513604474566,0.0641581329898,0.22606265983512763
2026-03-27,battery,-0.0029551718004392,-0.2439336768226843,-0.2988027128586088,0.0928058620643839,0.2091510893214936,0.2811550930485642,0.0815413579800488,0.30501511229132,0.3448539201166769
2026-03-27,battery,-0.002955171800439249,-0.2439336768226843,-0.2988027128586088,0.0928058620643839,0.20915108932149362,0.28115509304856423,0.0815413579800488,0.30501511229132006,0.3448539201166769
2026-03-27,bio_health,0.0675949373303484,-0.3290634980929641,-0.4911782332904828,0.1458643130404651,0.067357226487954,0.2526118825611159,0.1645537869293295,0.1293321111040937,0.3445853670168106
2026-03-27,bio_health,0.06759493733034849,-0.3290634980929641,-0.4911782332904828,0.1458643130404651,0.06735722648795406,0.2526118825611159,0.16455378692932954,0.1293321111040937,0.34458536701681064
2026-03-27,biosimilar_cdmo,0.0825031339482845,-0.254237707479686,-0.3207666321084199,0.1479842111511564,0.077324100493636,0.2595941273852509,0.1964441852544199,0.1773802275696843,0.4098909265878212
2026-03-27,biosimilar_cdmo,0.08250313394828457,-0.254237707479686,-0.32076663210841994,0.14798421115115645,0.07732410049363603,0.2595941273852509,0.19644418525441998,0.1773802275696843,0.4098909265878212
2026-03-27,construction,0.1209893454914908,0.2899838087274464,-0.0134983556419205,-0.1313705212829786,-0.0258734673128959,0.0614117865677996,-0.2176556250641813,-0.0835868642854462,-0.0534322762964927
2026-03-27,construction,0.12098934549149087,0.28998380872744645,-0.01349835564192059,-0.13137052128297866,-0.02587346731289597,0.061411786567799664,-0.21765562506418135,-0.08358686428544626,-0.05343227629649272
2026-03-27,consumer,0.0572482620135653,-0.2811441288719494,-0.6010505391827781,0.1341236247848393,0.0418085152652809,0.2276362551039341,0.1475105284701209,0.0525384467962246,0.2452316402886922
2026-03-27,consumer,0.057248262013565365,-0.2811441288719494,-0.6010505391827781,0.1341236247848393,0.041808515265280954,0.22763625510393415,0.14751052847012092,0.05253844679622466,0.24523164028869227
2026-03-27,financial,0.0050939915854798,-0.2201060649913171,-0.4782366277211987,0.1480680377824839,0.0186701172026879,0.1163509268687945,0.1949440313168127,-0.0089818289265966,0.1089285868688116
2026-03-27,financial,0.005093991585479851,-0.22010606499131713,-0.4782366277211987,0.1480680377824839,0.018670117202687964,0.11635092686879456,0.1949440313168127,-0.008981828926596602,0.10892858686881168
2026-03-27,k_beauty,0.0762970706970173,-0.328430883526595,-0.7365756317767369,0.1395964967472858,0.0248277195617785,0.2537430829498438,0.1258291421718619,0.0206879785647811,0.2854632743239067
2026-03-27,k_beauty,0.0762970706970173,-0.328430883526595,-0.7365756317767369,0.1395964967472858,0.02482771956177854,0.2537430829498438,0.12582914217186192,0.020687978564781107,0.2854632743239067
2026-03-27,k_food,0.0185362430383885,-0.4254018882595483,-0.8139568342071081,0.1535237620774262,0.0481775075485065,0.1956081506386756,0.1607073992026945,0.0815020968263742,0.2117309830564746
2026-03-27,k_food,0.018536243038388522,-0.4254018882595483,-0.8139568342071081,0.15352376207742624,0.04817750754850658,0.19560815063867565,0.1607073992026945,0.08150209682637422,0.21173098305647464
2026-03-27,media_platform,-0.0172742779029099,-0.4620376996952626,-0.8330287436014916,0.1405299903767788,0.0372860101012764,0.2080591545352472,0.1849299015416943,0.1246499760551602,0.3086016504027942
2026-03-27,media_platform,-0.017274277902909918,-0.46203769969526265,-0.8330287436014916,0.14052999037677882,0.03728601010127641,0.20805915453524726,0.1849299015416943,0.12464997605516026,0.3086016504027942
2026-03-27,semiconductor,0.0983863876393515,0.3040334804808,0.4549552503071745,-0.0133527113807174,-0.037311698322987,-0.2297319667835273,-0.0612255598802846,-0.0868676301794637,-0.1622538705507945
2026-03-27,semiconductor,0.09838638763935159,0.30403348048080003,0.45495525030717454,-0.013352711380717475,-0.037311698322987086,-0.22973196678352736,-0.06122555988028466,-0.08686763017946375,-0.16225387055079454
2026-03-27,shipbuilding,-0.0294298511794921,-0.4104491249054365,-0.699632764269192,0.0023907275722483,0.0170441084884531,0.1456720635426818,0.0291822317472398,0.1908211752895336,0.2252357892210026
2026-03-27,shipbuilding,-0.02942985117949215,-0.4104491249054365,-0.699632764269192,0.002390727572248341,0.01704410848845317,0.1456720635426818,0.029182231747239884,0.19082117528953368,0.22523578922100262
2026-03-27,steel_materials,-0.0401557144401922,-0.2414905432086873,-0.514712860371225,0.0338555325718481,0.0794688601305786,0.1308843738170357,0.042723428705218,0.2161405805408573,0.2666730049907491
2026-03-27,steel_materials,-0.04015571444019228,-0.24149054320868735,-0.514712860371225,0.033855532571848146,0.07946886013057863,0.13088437381703577,0.04272342870521806,0.21614058054085739,0.2666730049907491
2026-04-03,auto,-0.0593415816144125,-0.1254077099328816,-0.1555084148780146,-0.021756260520187,0.0467498327575157,-0.0261698004200146,-0.0635036349989457,0.0141688153050143,-0.2462185264584568
2026-04-03,auto,-0.0593415816144125,-0.12540770993288164,-0.1555084148780146,-0.021756260520187087,0.046749832757515764,-0.0261698004200146,-0.06350363499894573,0.014168815305014348,-0.24621852645845688
2026-04-03,battery,0.0528785782011373,-0.1403865450427908,-0.2577322777230748,0.0558337500015766,0.1035471317798935,0.0410704351355339,-0.0369721120628072,-0.1056039575416001,-0.2400846579130302
2026-04-03,battery,0.052878578201137394,-0.1403865450427908,-0.25773227772307483,0.05583375000157664,0.1035471317798935,0.04107043513553399,-0.03697211206280726,-0.10560395754160012,-0.24008465791303024
2026-04-03,bio_health,-0.0556930038110073,-0.3470619577754376,-0.6066020964415588,-0.1232879411413558,-0.0179984596824734,-0.115423863151076,-0.269152254181821,-0.0853556861704275,-0.3680357457121919
2026-04-03,bio_health,-0.05569300381100739,-0.3470619577754376,-0.6066020964415588,-0.12328794114135588,-0.01799845968247349,-0.115423863151076,-0.269152254181821,-0.08535568617042755,-0.3680357457121919
2026-04-03,biosimilar_cdmo,-0.041706800756414,-0.2789760521618105,-0.4450056401036704,-0.1242099347046986,-0.0247383446821245,-0.1242390079952504,-0.2721941458558551,-0.1020624451757605,-0.3838331353805013
2026-04-03,biosimilar_cdmo,-0.041706800756414086,-0.27897605216181054,-0.4450056401036704,-0.12420993470469865,-0.024738344682124547,-0.12423900799525045,-0.2721941458558551,-0.10206244517576057,-0.38383313538050134
2026-04-03,construction,0.210737004881844,0.4382140590288796,0.1766988098863697,0.0897476593903531,0.1482302503014332,0.1901971655282903,0.2211181806733317,0.1741037176143292,0.1287853789604907
2026-04-03,construction,0.210737004881844,0.43821405902887967,0.17669880988636977,0.08974765939035312,0.14823025030143322,0.19019716552829036,0.22111818067333178,0.1741037176143292,0.1287853789604907
2026-04-03,consumer,0.0813703765426847,-0.1944403491842241,-0.5857872328041134,0.0241221145291193,0.0867037796877252,0.0152633063786646,-0.1100015102557199,0.0448952644224442,-0.2123729487252694
2026-04-03,consumer,0.08137037654268475,-0.19444034918422415,-0.5857872328041134,0.024122114529119387,0.08670377968772525,0.015263306378664687,-0.11000151025571991,0.04489526442244429,-0.21237294872526946
2026-04-03,financial,0.0024497897046766,-0.183017792746819,-0.4501991644267638,-0.0026442018808031,0.037088272244498,0.0280374632944349,-0.150712239663287,0.0184181550418101,-0.0883134635743596
2026-04-03,financial,0.002449789704676686,-0.18301779274681906,-0.4501991644267638,-0.0026442018808031653,0.037088272244498066,0.028037463294434906,-0.15071223966328706,0.018418155041810103,-0.08831346357435965
2026-04-03,k_beauty,0.0782959343342022,-0.2480359833480903,-0.7288319234934632,0.0019988636371849,0.0803949001785047,0.0077437082832737,-0.1375976331101008,0.0555671806167261,-0.24599937466657
2026-04-03,k_beauty,0.07829593433420223,-0.2480359833480903,-0.7288319234934632,0.0019988636371849333,0.0803949001785047,0.007743708283273754,-0.13759763311010087,0.055567180616726164,-0.24599937466657007
2026-04-03,k_food,0.0672655437692701,-0.3214608387295714,-0.7344937238780679,0.0487293007308816,0.1039410495299768,0.0794631103290401,-0.1047944613465445,0.0557635419814702,-0.1161450403096354
2026-04-03,k_food,0.06726554376927019,-0.32146083872957143,-0.7344937238780679,0.048729300730881664,0.10394104952997685,0.07946311032904019,-0.10479446134654458,0.055763541981470266,-0.11614504030963546
2026-04-03,media_platform,-0.0304219431448832,-0.4431912915223804,-0.8353677459397952,-0.0131476652419733,0.0188464081728821,-0.0023390023383036,-0.1536776556187521,-0.0184396019283942,-0.2103981568735509
2026-04-03,media_platform,-0.030421943144883223,-0.44319129152238046,-0.8353677459397952,-0.013147665241973305,0.01884640817288219,-0.002339002338303642,-0.15367765561875213,-0.018439601928394223,-0.2103981568735509
2026-04-03,semiconductor,-0.0379799442853658,0.2063789853283382,0.3180726855469755,-0.1363663319247174,-0.0976544951524618,-0.136882564760199,-0.123013620544,-0.0603427968294747,0.0928494020233283
2026-04-03,semiconductor,-0.037979944285365885,0.2063789853283382,0.31807268554697554,-0.13636633192471748,-0.09765449515246183,-0.136882564760199,-0.123013620544,-0.06034279682947474,0.09284940202332836
2026-04-03,shipbuilding,0.0020679145265632,-0.2944055753073669,-0.6066518263814418,0.0314977657060554,0.1160435495980696,0.0929809378877501,0.0291070381338071,0.0989994411096164,-0.0526911256549316
2026-04-03,shipbuilding,0.002067914526563297,-0.2944055753073669,-0.6066518263814418,0.03149776570605545,0.11604354959806962,0.09298093788775019,0.029107038133807106,0.09899944110961645,-0.052691125654931614
2026-04-03,steel_materials,0.0041445911965909,-0.1830769969929233,-0.4022421852518536,0.0443003056367832,0.058413546215764,0.1124706751193713,0.010444773064935,-0.0210553139148146,-0.0184136986976644
2026-04-03,steel_materials,0.004144591196590941,-0.18307699699292335,-0.4022421852518536,0.04430030563678322,0.058413546215764,0.11247067511937137,0.010444773064935076,-0.021055313914814633,-0.018413698697664405
2026-04-10,auto,-0.0943283867287551,-0.147358681793869,-0.2325600923690562,-0.0349868051143426,-0.0219509718609873,-0.0770516774910416,-0.0132305445941555,-0.0687008046185031,-0.050881877071027
2026-04-10,auto,-0.0943283867287551,-0.14735868179386902,-0.23256009236905628,-0.0349868051143426,-0.02195097186098738,-0.07705167749104169,-0.013230544594155513,-0.06870080461850314,-0.05088187707102709
2026-04-10,battery,0.015580680879383,-0.015242599323948,-0.30643396624293,-0.0372978973217543,0.1251439457188428,-0.0487016885198552,-0.093131647323331,0.0215968139389493,-0.0897721236553892
2026-04-10,battery,0.015580680879383024,-0.015242599323948003,-0.30643396624293007,-0.03729789732175437,0.1251439457188428,-0.048701688519855235,-0.09313164732333101,0.0215968139389493,-0.08977212365538922
2026-04-10,bio_health,-0.1367912161964043,-0.3973508938589627,-0.7390262577825901,-0.0810982123853969,-0.0502889360835251,-0.1324241613410313,0.0421897287559589,-0.0322904764010516,-0.0170002981899553
2026-04-10,bio_health,-0.13679121619640433,-0.3973508938589627,-0.7390262577825901,-0.08109821238539694,-0.05028893608352514,-0.1324241613410313,0.042189728755958944,-0.03229047640105165,-0.0170002981899553
2026-04-10,biosimilar_cdmo,-0.1249525836690974,-0.2841081600102959,-0.5581167023405871,-0.0832457829126833,-0.0051321078484853,-0.1131110622369166,0.0409641517920152,0.0196062368336391,0.0111279457583337
2026-04-10,biosimilar_cdmo,-0.12495258366909745,-0.28410816001029593,-0.5581167023405871,-0.08324578291268336,-0.00513210784848539,-0.11311106223691669,0.04096415179201529,0.019606236833639157,0.011127945758333757
2026-04-10,construction,0.2741297526423958,0.7705203062430439,0.4420180853587276,0.0633927477605518,0.3323062472141642,0.2653192754723579,-0.0263549116298013,0.184075996912731,0.0751221099440675
2026-04-10,construction,0.2741297526423958,0.7705203062430439,0.44201808535872766,0.06339274776055182,0.33230624721416424,0.2653192754723579,-0.026354911629801303,0.18407599691273102,0.07512210994406754
2026-04-10,consumer,0.008323985042735,-0.108433707579391,-0.7091648940036552,-0.0730463914999497,0.086006641604833,-0.1233776611995418,-0.0971685060290691,-0.0006971380828921,-0.1386409675782065
2026-04-10,consumer,0.008323985042735016,-0.10843370757939108,-0.7091648940036552,-0.07304639149994974,0.08600664160483307,-0.12337766119954185,-0.09716850602906912,-0.0006971380828921792,-0.13864096757820654
2026-04-10,financial,-0.016264437490391,-0.0876272386346244,-0.5381579804112955,-0.0187142271950677,0.0953905541121946,-0.0879588159845317,-0.0160700253142646,0.0583022818676965,-0.1159962792789666
2026-04-10,financial,-0.01626443749039108,-0.0876272386346244,-0.5381579804112955,-0.018714227195067767,0.09539055411219466,-0.0879588159845317,-0.016070025314264602,0.05830228186769659,-0.11599627927896661
2026-04-10,k_beauty,0.0270276887464386,-0.1780527705495178,-0.8739091297022737,-0.0512682455877635,0.0699832127985724,-0.1450772062088106,-0.0532671092249484,-0.0104116873799322,-0.1528209144920843
2026-04-10,k_beauty,0.027027688746438683,-0.17805277054951785,-0.8739091297022737,-0.05126824558776355,0.06998321279857245,-0.1450772062088106,-0.05326710922494848,-0.010411687379932255,-0.15282091449208435
2026-04-10,k_food,-0.0066900673873662,-0.2515658945780377,-0.8820992628759687,-0.0739556111566364,0.0698949441515337,-0.1476055389979008,-0.122684911887518,-0.0340461053784431,-0.227068649326941
2026-04-10,k_food,-0.006690067387366216,-0.2515658945780377,-0.8820992628759687,-0.0739556111566364,0.06989494415153374,-0.14760553899790085,-0.12268491188751807,-0.0340461053784431,-0.22706864932694104
2026-04-10,media_platform,-0.14416752393349,-0.4401708724903692,-1.0146690847625126,-0.1137455807886068,0.0030204190320112,-0.1793013388227173,-0.1005979155466335,-0.0158259891408709,-0.1769623364844137
2026-04-10,media_platform,-0.14416752393349008,-0.44017087249036924,-1.0146690847625126,-0.11374558078860686,0.0030204190320112234,-0.17930133882271737,-0.10059791554663355,-0.015825989140870966,-0.17696233648441373
2026-04-10,semiconductor,-0.0156158722457462,0.136387369478528,0.3797038973125337,0.0223640720396196,-0.0699916158498101,0.0616312117655581,0.1587304039643371,0.0276628793026516,0.1985137765257572
2026-04-10,semiconductor,-0.015615872245746232,0.13638736947852803,0.37970389731253373,0.022364072039619654,-0.06999161584981017,0.06163121176555819,0.15873040396433713,0.027662879302651655,0.1985137765257572
2026-04-10,shipbuilding,-0.1733376014294327,-0.3302239787117675,-0.8148692660385242,-0.175405515955996,-0.0358184034044006,-0.2082174396570824,-0.2069032816620515,-0.1518619530024703,-0.3011983775448326
2026-04-10,shipbuilding,-0.17333760142943277,-0.33022397871176756,-0.8148692660385242,-0.17540551595599607,-0.03581840340440068,-0.2082174396570824,-0.20690328166205152,-0.1518619530024703,-0.3011983775448326
2026-04-10,steel_materials,-0.0309808907955828,-0.0444363524975888,-0.460513146382181,-0.0351254819921738,0.1386406444953345,-0.0582709611303273,-0.079425787628957,0.0802270982795705,-0.1707416362496987
2026-04-10,steel_materials,-0.03098089079558286,-0.044436352497588816,-0.460513146382181,-0.0351254819921738,0.13864064449533453,-0.05827096113032737,-0.07942578762895702,0.08022709827957053,-0.17074163624969874
2026-04-17,auto,-0.066109420448994,-0.2466630185357052,-0.1971804426384902,0.028218966279761,-0.0993043367418362,0.035379649730566,0.0632057713941036,-0.0773533648808488,0.1124313272216077
2026-04-17,auto,-0.06610942044899404,-0.24666301853570527,-0.19718044263849022,0.02821896627976106,-0.09930433674183625,0.035379649730566065,0.06320577139410366,-0.07735336488084887,0.11243132722160776
2026-04-17,battery,0.0655287483162778,-0.0732683035620525,-0.3840707652191355,0.0499480674368948,-0.0580257042381044,-0.0776367989762054,0.0872459647586492,-0.1831696499569473,-0.0289351104563502
2026-04-17,battery,0.06552874831627786,-0.0732683035620525,-0.3840707652191355,0.04994806743689484,-0.05802570423810449,-0.07763679897620546,0.08724596475864921,-0.1831696499569473,-0.02893511045635022
2026-04-17,bio_health,-0.1136968027232766,-0.378903555707192,-0.699957519299949,0.0230944134731276,0.0184473381517706,0.0390687384826411,0.1041926258585246,0.0687362742352958,0.1714928998236724
2026-04-17,bio_health,-0.11369680272327665,-0.37890355570719203,-0.699957519299949,0.023094413473127684,0.018447338151770687,0.03906873848264114,0.10419262585852462,0.06873627423529582,0.17149289982367244
2026-04-17,biosimilar_cdmo,-0.0963992991149078,-0.2597665984940824,-0.5232535521043813,0.0285532845541895,0.0243415615162134,0.0348631502362057,0.1117990674668729,0.0294736693646988,0.1479742124731224
2026-04-17,biosimilar_cdmo,-0.09639929911490785,-0.25976659849408246,-0.5232535521043813,0.028553284554189595,0.024341561516213472,0.03486315023620579,0.11179906746687296,0.029473669364698862,0.14797421247312248
2026-04-17,construction,0.1906915817243544,0.5831419433368732,0.4327600040116339,-0.0834381709180414,-0.1873783629061707,-0.0092580813470937,-0.1468309186785932,-0.519684610120335,-0.2745773568194516
2026-04-17,construction,0.1906915817243544,0.5831419433368732,0.43276000401163395,-0.0834381709180414,-0.18737836290617071,-0.009258081347093716,-0.14683091867859321,-0.519684610120335,-0.2745773568194516
2026-04-17,consumer,0.0174805788748277,-0.1134302935669246,-0.6557482394146426,0.0091565938320927,-0.0049965859875336,0.0534166545890126,0.0822029853320425,-0.0910032275923666,0.1767943157885545
2026-04-17,consumer,0.01748057887482779,-0.11343029356692469,-0.6557482394146426,0.009156593832092774,-0.004996585987533608,0.05341665458901268,0.08220298533204251,-0.09100322759236668,0.17679431578855453
2026-04-17,financial,-0.0398132863284927,-0.1041856934411398,-0.4754519632952176,-0.0235488488381017,-0.0165584548065154,0.0627060171160778,-0.0048346216430339,-0.11194900891871,0.1506648331006095
2026-04-17,financial,-0.03981328632849279,-0.10418569344113982,-0.47545196329521766,-0.02354884883810171,-0.01655845480651541,0.06270601711607782,-0.004834621643033943,-0.11194900891871007,0.15066483310060952
2026-04-17,k_beauty,0.0117887433886694,-0.1742115049389889,-0.7813433869540598,-0.0152389453577692,0.0038412656105288,0.0925657427482139,0.0360293002299942,-0.0661419471880435,0.2376429489570245
2026-04-17,k_beauty,0.01178874338866942,-0.17421150493898896,-0.7813433869540598,-0.015238945357769262,0.003841265610528888,0.09256574274821394,0.03602930022999429,-0.06614194718804356,0.23764294895702454
2026-04-17,k_food,0.0191468473889224,-0.2871057439759623,-0.8384540637577576,0.0258369147762886,-0.0355398493979246,0.0436451991182111,0.099792525932925,-0.1054347935494584,0.191250738116112
2026-04-17,k_food,0.019146847388922472,-0.28710574397596234,-0.8384540637577576,0.02583691477628869,-0.03553984939792465,0.043645199118211186,0.09979252593292509,-0.1054347935494584,0.19125073811611204
2026-04-17,media_platform,-0.0953948358274596,-0.4444593521872105,-0.9732660174446548,0.0487726881060304,-0.0042884796968413,0.0414030673178578,0.1625182688946372,-0.0073088987288525,0.2207044061405751
2026-04-17,media_platform,-0.09539483582745967,-0.44445935218721055,-0.9732660174446548,0.048772688106030415,-0.004288479696841319,0.04140306731785781,0.16251826889463727,-0.007308898728852542,0.22070440614057518
2026-04-17,semiconductor,-0.0166580748209506,0.198636120858318,0.2833405555355817,-0.0010422025752043,0.06224875137979,-0.096363341776952,-0.023406274614824,0.1322403672296002,-0.1579945535425102
2026-04-17,semiconductor,-0.016658074820950608,0.19863612085831805,0.2833405555355817,-0.0010422025752043762,0.062248751379790024,-0.09636334177695205,-0.02340627461482403,0.1322403672296002,-0.15799455354251024
2026-04-17,shipbuilding,-0.092803702061627,-0.4123389170457824,-0.750650809285865,0.0805338993678057,-0.0821149383340148,0.0642184567526591,0.2559394153238018,-0.0462965349296141,0.2724358964097415
2026-04-17,shipbuilding,-0.09280370206162702,-0.4123389170457824,-0.750650809285865,0.08053389936780575,-0.08211493833401484,0.06421845675265914,0.2559394153238018,-0.046296534929614164,0.27243589640974153
2026-04-17,steel_materials,0.0221107193883274,-0.1395698539070939,-0.5887335679186194,0.0530916101839102,-0.0951335014095051,-0.1282204215364384,0.088217092176084,-0.2337741459048397,-0.069949460406111
2026-04-17,steel_materials,0.022110719388327427,-0.13956985390709398,-0.5887335679186194,0.05309161018391029,-0.09513350140950516,-0.12822042153643842,0.08821709217608409,-0.2337741459048397,-0.06994946040611105
2026-04-24,auto,-0.1556436045920959,-0.4232767319045393,-0.3087556475364019,-0.0895341841431018,-0.176613713368834,-0.1115752048979117,-0.1177531504228629,-0.0773093766269977,-0.1469548546284778
2026-04-24,auto,-0.15564360459209592,-0.4232767319045393,-0.30875564753640194,-0.08953418414310188,-0.17661371336883402,-0.11157520489791173,-0.11775315042286294,-0.07730937662699777,-0.1469548546284778
2026-04-24,battery,0.0597456804503979,0.0256322447474643,-0.394712808502186,-0.0057830678658798,0.0989005483095168,-0.0106420432830505,-0.0557311353027747,0.1569262525476213,0.0669947556931549
2026-04-24,battery,0.059745680450397964,0.025632244747464394,-0.39471280850218604,-0.005783067865879898,0.09890054830951689,-0.010642043283050517,-0.05573113530277474,0.15692625254762138,0.06699475569315494
2026-04-24,bio_health,-0.2638935932658411,-0.3333336716992816,-0.6779734847184775,-0.1501967905425645,0.0455698840079104,0.0219840345814714,-0.1732912040156922,0.0271225458561397,-0.0170847039011696
2026-04-24,bio_health,-0.26389359326584116,-0.33333367169928163,-0.6779734847184775,-0.15019679054256452,0.0455698840079104,0.021984034581471468,-0.1732912040156922,0.027122545856139713,-0.017084703901169673
2026-04-24,biosimilar_cdmo,-0.2580417330983748,-0.2211697391406122,-0.5003742889090841,-0.161642433983467,0.0385968593534702,0.0228792631952972,-0.1901957185376566,0.0142552978372567,-0.0119838870409085
2026-04-24,biosimilar_cdmo,-0.25804173309837486,-0.22116973914061222,-0.5003742889090841,-0.161642433983467,0.038596859353470236,0.022879263195297206,-0.1901957185376566,0.014255297837256764,-0.01198388704090858
2026-04-24,construction,0.1507784018129865,0.4659535785274524,0.5356422602488919,-0.0399131799113678,-0.1171883648094207,0.102882256237258,0.0435249910066735,0.0701899980967499,0.1121403375843517
2026-04-24,construction,0.15077840181298652,0.46595357852745245,0.5356422602488919,-0.03991317991136789,-0.11718836480942074,0.102882256237258,0.04352499100667351,0.07018999809674997,0.11214033758435171
2026-04-24,consumer,-0.0683384707594827,-0.1157584837293568,-0.5472660098339541,-0.0858190496343105,-0.0023281901624321,0.1084822295806884,-0.0949756434664033,0.0026683958251014,0.0550655749916757
2026-04-24,consumer,-0.06833847075948274,-0.11575848372935682,-0.5472660098339541,-0.08581904963431053,-0.002328190162432131,0.10848222958068843,-0.0949756434664033,0.002668395825101477,0.05506557499167575
2026-04-24,financial,-0.1405955215530139,-0.1491616051606472,-0.4943620363214889,-0.1007822352245211,-0.0449759117195074,-0.0189100730262712,-0.0772333863864194,-0.028417456912992,-0.081616090142349
2026-04-24,financial,-0.1405955215530139,-0.14916160516064725,-0.4943620363214889,-0.10078223522452112,-0.04497591171950743,-0.018910073026271235,-0.07723338638641941,-0.028417456912992023,-0.08161609014234905
2026-04-24,k_beauty,0.0084227422212632,-0.1370999471439908,-0.6461264958857809,-0.0033660011674061,0.037111557794998,0.1352168910682789,0.0118729441903631,0.0332702921844692,0.042651148320065
2026-04-24,k_beauty,0.008422742221263269,-0.13709994714399087,-0.6461264958857809,-0.003366001167406152,0.037111557794998085,0.13521689106827894,0.01187294419036311,0.0332702921844692,0.042651148320065
2026-04-24,k_food,-0.1300402212166918,-0.291144418549254,-0.7542166576939815,-0.1491870686056142,-0.0040386745732916,0.084237406063776,-0.1750239833819029,0.0315011748246329,0.0405922069455648
2026-04-24,k_food,-0.1300402212166918,-0.291144418549254,-0.7542166576939815,-0.14918706860561426,-0.004038674573291656,0.08423740606377605,-0.17502398338190295,0.031501174824632994,0.04059220694556487
2026-04-24,media_platform,-0.1809470031752267,-0.4257584837293569,-0.9172074557422508,-0.085552167347767,0.0187008684578536,0.0560585617024039,-0.1343248554537974,0.022989348154695,0.0146554943845461
2026-04-24,media_platform,-0.18094700317522672,-0.4257584837293569,-0.9172074557422508,-0.08555216734776705,0.01870086845785368,0.056058561702403975,-0.13432485545379746,0.022989348154695,0.014655494384546164
2026-04-24,semiconductor,0.0449306402423455,0.3257060520177615,0.3713386910532086,0.0615887150632961,0.1270699311594434,0.0879981355176269,0.0626309176385004,0.0648211797796534,0.1843614772945789
2026-04-24,semiconductor,0.0449306402423455,0.3257060520177615,0.3713386910532086,0.06158871506329611,0.12706993115944343,0.08799813551762692,0.06263091763850048,0.0648211797796534,0.18436147729457897
2026-04-24,shipbuilding,0.0451893190982934,-0.2790421425166127,-0.6271227697860053,0.1379930211599205,0.1332967745291696,0.1235280394998596,0.0574591217921147,0.2154117128631845,0.0593095827472005
2026-04-24,shipbuilding,0.04518931909829349,-0.27904214251661275,-0.6271227697860053,0.13799302115992051,0.13329677452916966,0.12352803949985969,0.057459121792114765,0.2154117128631845,0.05930958274720055
2026-04-24,steel_materials,-0.0447410759175463,-0.2095191674900405,-0.4315712759811738,-0.0668517953058738,-0.0699493135829465,0.1571622919374455,-0.1199434054897841,0.0251841878265586,0.285382713473884
2026-04-24,steel_materials,-0.04474107591754639,-0.20951916749004051,-0.43157127598117384,-0.06685179530587382,-0.06994931358294654,0.15716229193744558,-0.1199434054897841,0.025184187826558624,0.285382713473884
2026-04-30,auto,-0.1747260538473292,-0.3212460539846389,-0.2453056469809711,-0.0190824492552332,0.1020306779199003,0.0634500005554308,0.0704517348878686,0.2786443912887344,0.1750252054533425
2026-04-30,auto,-0.1747260538473292,-0.3212460539846389,-0.24530564698097113,-0.01908244925523328,0.10203067791990039,0.06345000055543082,0.0704517348878686,0.2786443912887344,0.17502520545334255
2026-04-30,battery,0.026924792466682,-0.0860748913406888,-0.4698277028485125,-0.0328208879837159,-0.1117071360881531,-0.0751148943463264,-0.027037820117836,-0.21060768439767,-0.0644728510632759
2026-04-30,battery,0.026924792466682,-0.0860748913406888,-0.4698277028485125,-0.03282088798371596,-0.11170713608815319,-0.07511489434632646,-0.027037820117836064,-0.21060768439767008,-0.06447285106327594
2026-04-30,bio_health,-0.2844107578622262,-0.451837922531813,-0.7073484547807902,-0.020517164596385,-0.1185042508325313,-0.0293749700623127,0.1296796259461794,-0.1640741348404417,-0.0513590046437841
2026-04-30,bio_health,-0.28441075786222625,-0.451837922531813,-0.7073484547807902,-0.020517164596385085,-0.11850425083253135,-0.02937497006231271,0.12967962594617943,-0.16407413484044175,-0.05135900464378418
2026-04-30,biosimilar_cdmo,-0.2676848809378929,-0.3761948763425635,-0.4758137909987117,-0.009643147839518,-0.1550251372019513,0.0245604979103724,0.1519992861439489,-0.1936219965554215,0.0016812347150751
2026-04-30,biosimilar_cdmo,-0.2676848809378929,-0.37619487634256354,-0.4758137909987117,-0.00964314783951803,-0.15502513720195132,0.024560497910372403,0.15199928614394898,-0.19362199655542156,0.0016812347150751972
2026-04-30,construction,0.0356760252399146,0.4738184161277883,0.4617632257658679,-0.1151023765730718,0.0078648376003358,-0.073879034483024,-0.0751891966617039,0.1250532024097566,-0.176761290720282
2026-04-30,construction,0.035676025239914644,0.4738184161277883,0.4617632257658679,-0.11510237657307187,0.00786483760033585,-0.07387903448302402,-0.07518919666170398,0.1250532024097566,-0.17676129072028202
2026-04-30,consumer,-0.1515697062020284,-0.1503938668936573,-0.5107383070360942,-0.0832312354425457,-0.0346353831643004,0.0365277027978598,0.0025878141917647,-0.0323071930018683,-0.0719545267828285
2026-04-30,consumer,-0.15156970620202848,-0.1503938668936573,-0.5107383070360942,-0.08323123544254574,-0.03463538316430048,0.036527702797859884,0.0025878141917647923,-0.03230719300186835,-0.07195452678282854
2026-04-30,financial,-0.160536560065388,-0.194453269719067,-0.4429571162362697,-0.0199410385123741,-0.0452916645584198,0.0514049200852191,0.0808411967121469,-0.0003157528389123,0.0703149931114903
2026-04-30,financial,-0.16053656006538808,-0.19445326971906707,-0.44295711623626977,-0.019941038512374165,-0.04529166455841982,0.05140492008521913,0.08084119671214696,-0.0003157528389123865,0.07031499311149036
2026-04-30,k_beauty,-0.1268178775708894,-0.2606384823631327,-0.6510535204699015,-0.1352406197921527,-0.1235385352191418,-0.0049270245841206,-0.1318746186247466,-0.1606500930141399,-0.1401439156523996
2026-04-30,k_beauty,-0.12681787757088947,-0.2606384823631327,-0.6510535204699015,-0.13524061979215274,-0.12353853521914182,-0.004927024584120643,-0.1318746186247466,-0.1606500930141399,-0.1401439156523996
2026-04-30,k_food,-0.1922695731124983,-0.2770500838128873,-0.7096229368416689,-0.0622293518958065,0.0140943347363666,0.0445937208523126,0.0869577167098076,0.0181330093096583,-0.0396436852114634
2026-04-30,k_food,-0.19226957311249837,-0.2770500838128873,-0.7096229368416689,-0.062229351895806584,0.014094334736366676,0.04459372085231261,0.08695771670980768,0.018133009309658332,-0.03964368521146344
2026-04-30,media_platform,-0.215833029086041,-0.4888236735257967,-0.8657593251047007,-0.0348860259108143,-0.0630651897964398,0.0514481306375501,0.0506661414369526,-0.0817660582542935,-0.0046104310648538
2026-04-30,media_platform,-0.21583302908604107,-0.4888236735257967,-0.8657593251047007,-0.034886025910814356,-0.06306518979643982,0.05144813063755016,0.050666141436952694,-0.0817660582542935,-0.004610431064853815
2026-04-30,semiconductor,0.0752798194935784,0.2496110442588246,0.3893889663275793,0.0303491792512329,-0.0760950077589368,0.0180502752743707,-0.0312395358120631,-0.2031649389183802,-0.0699478602432561
2026-04-30,semiconductor,0.07527981949357843,0.24961104425882463,0.38938896632757936,0.030349179251232927,-0.07609500775893685,0.018050275274370753,-0.03123953581206318,-0.20316493891838028,-0.06994786024325617
2026-04-30,shipbuilding,0.0420362203086319,-0.2419587928807705,-0.7154442401350654,-0.0031530987896615,0.0370833496358422,-0.08832147034906,-0.141146119949582,-0.0962134248933274,-0.2118495098489197
2026-04-30,shipbuilding,0.042036220308631966,-0.2419587928807705,-0.7154442401350654,-0.0031530987896615237,0.037083349635842255,-0.08832147034906002,-0.14114611994958204,-0.0962134248933274,-0.2118495098489197
2026-04-30,steel_materials,-0.0431517474671541,-0.2038703976904119,-0.3410606944999128,0.0015893284503922,0.0056487697996285,0.090510581481261,0.0684411237562661,0.0755980833825751,-0.0666517104561845
2026-04-30,steel_materials,-0.04315174746715411,-0.20387039769041193,-0.34106069449991283,0.00158932845039228,0.0056487697996285835,0.09051058148126101,0.0684411237562661,0.07559808338257512,-0.06665171045618457
2026-05-08,auto,-0.1937895291642779,-0.4263455385075618,-0.4015368618394808,-0.0190634753169487,-0.1050994845229229,-0.1562312148585096,1.897393828453886e-05,-0.2071301624428233,-0.2196812154139404
2026-05-08,auto,-0.19378952916427794,-0.42634553850756185,-0.4015368618394808,-0.01906347531694874,-0.10509948452292295,-0.15623121485850966,1.897393828453886e-05,-0.20713016244282334,-0.21968121541394048
2026-05-08,battery,-0.1211630485210906,-0.2364473390596533,-0.6067015127030471,-0.1480878409877726,-0.1503724477189645,-0.1368738098545345,-0.1152669530040566,-0.0386653116308113,-0.0617589155082081
2026-05-08,battery,-0.12116304852109061,-0.23644733905965332,-0.6067015127030471,-0.1480878409877726,-0.15037244771896452,-0.13687380985453457,-0.11526695300405665,-0.03866531163081133,-0.06175891550820811
2026-05-08,bio_health,-0.4051981910597895,-0.6959835655450324,-0.9744948992044626,-0.1207874331975632,-0.2441456430132194,-0.2671464444236724,-0.1002702686011781,-0.125641392180688,-0.2377714743613597
2026-05-08,bio_health,-0.4051981910597895,-0.6959835655450324,-0.9744948992044626,-0.12078743319756324,-0.2441456430132194,-0.2671464444236724,-0.10027026860117816,-0.12564139218068804,-0.2377714743613597
2026-05-08,biosimilar_cdmo,-0.3822566090689254,-0.6354734884458757,-0.7647151211539154,-0.1145717281310325,-0.2592786121033121,-0.2889013301552037,-0.1049285802915145,-0.1042534749013608,-0.3134618280655761
2026-05-08,biosimilar_cdmo,-0.38225660906892545,-0.6354734884458757,-0.7647151211539154,-0.11457172813103256,-0.25927861210331216,-0.2889013301552037,-0.10492858029151453,-0.10425347490136083,-0.3134618280655761
2026-05-08,construction,-0.1356381556760955,0.2788350915350597,0.3526179691069822,-0.1713141809160101,-0.1949833245927286,-0.1091452566588857,-0.0562118043429382,-0.2028481621930644,-0.0352662221758617
2026-05-08,construction,-0.1356381556760955,0.2788350915350597,0.3526179691069822,-0.17131418091601014,-0.1949833245927286,-0.10914525665888575,-0.056211804342938265,-0.20284816219306445,-0.03526622217586173
2026-05-08,consumer,-0.2644462541379393,-0.4105913135147199,-0.7363996324357729,-0.1128765479359108,-0.2601974466210626,-0.2256613253996786,-0.0296453124933651,-0.2255620634567621,-0.2621890281975385
2026-05-08,consumer,-0.2644462541379393,-0.4105913135147199,-0.7363996324357729,-0.11287654793591084,-0.2601974466210626,-0.22566132539967865,-0.029645312493365106,-0.2255620634567621,-0.26218902819753853
2026-05-08,financial,-0.3245363195076014,-0.4173696567980329,-0.6591158664390704,-0.1639997594422133,-0.2229163870789658,-0.2161587502028006,-0.1440587209298391,-0.177624722520546,-0.2675636702880197
2026-05-08,financial,-0.3245363195076014,-0.41736965679803295,-0.6591158664390704,-0.16399975944221334,-0.22291638707896588,-0.21615875020280062,-0.14405872092983918,-0.17762472252054606,-0.26756367028801975
2026-05-08,k_beauty,-0.2134930985589525,-0.4826465828890702,-0.8754065687437587,-0.086675220988063,-0.2220081005259375,-0.2243530482738571,0.0485653988040897,-0.0984695653067957,-0.2194260236897365
2026-05-08,k_beauty,-0.2134930985589525,-0.48264658288907025,-0.8754065687437587,-0.08667522098806302,-0.22200810052593756,-0.22435304827385716,0.04856539880408972,-0.09846956530679574,-0.21942602368973652
2026-05-08,k_food,-0.3677158612629538,-0.5423135830548842,-0.9620334007788328,-0.1754462881504555,-0.2652634992419969,-0.252410463937164,-0.1132169362546489,-0.2793578339783635,-0.2970041847894766
2026-05-08,k_food,-0.36771586126295386,-0.5423135830548842,-0.9620334007788329,-0.1754462881504555,-0.2652634992419969,-0.25241046393716404,-0.1132169362546489,-0.27935783397836356,-0.29700418478947666
2026-05-08,media_platform,-0.3448112448709424,-0.7301110545922261,-1.153926079107204,-0.1289782157849013,-0.2412873810664294,-0.2881667540025034,-0.0940921898740869,-0.1782221912699896,-0.3396148846400536
2026-05-08,media_platform,-0.3448112448709424,-0.7301110545922261,-1.1539260791072041,-0.12897821578490132,-0.24128738106642944,-0.28816675400250347,-0.09409218987408696,-0.17822219126998962,-0.3396148846400536
2026-05-08,semiconductor,0.1147265363218044,0.1758151306740027,0.454884437492089,0.0394467168282259,-0.0737959135848218,0.0654954711645097,0.009097537576993,0.002299094174115,0.0474451958901389
2026-05-08,semiconductor,0.1147265363218044,0.17581513067400278,0.45488443749208907,0.03944671682822598,-0.07379591358482185,0.06549547116450971,0.009097537576993053,0.0022990941741150017,0.04744519589013896
2026-05-08,shipbuilding,-0.174384050926879,-0.4567882036012161,-0.971056871434641,-0.216420271235511,-0.2148294107204456,-0.2556126312995757,-0.2132671724458494,-0.2519127603562878,-0.1672911609505156
2026-05-08,shipbuilding,-0.17438405092687903,-0.4567882036012161,-0.971056871434641,-0.216420271235511,-0.2148294107204456,-0.2556126312995757,-0.21326717244584947,-0.25191276035628785,-0.16729116095051566
2026-05-08,steel_materials,-0.1995850881133007,-0.3764900239651725,-0.4743851531877994,-0.1564333406461466,-0.1726196262747605,-0.1333244586878865,-0.1580226690965389,-0.1782683960743891,-0.2238350401691475
2026-05-08,steel_materials,-0.19958508811330078,-0.3764900239651725,-0.4743851531877994,-0.15643334064614667,-0.17261962627476057,-0.13332445868788656,-0.15802266909653895,-0.17826839607438916,-0.22383504016914757
2026-05-15,auto,-0.0369509604852331,-0.2580387452194814,-0.2511349712022992,0.1568385686790447,0.1683067932880804,0.1504018906371815,0.1759020439959935,0.2734062778110033,0.3066331054956912
2026-05-15,auto,-0.036950960485233164,-0.25803874521948145,-0.2511349712022992,0.15683856867904478,0.1683067932880804,0.15040189063718157,0.17590204399599352,0.27340627781100335,0.3066331054956912
2026-05-15,battery,-0.1926110335858217,-0.3508815996442305,-0.8384796418803031,-0.0714479850647311,-0.1144342605845771,-0.231778129177256,0.0766398559230414,0.0359381871343873,-0.0949043193227214
2026-05-15,battery,-0.19261103358582177,-0.3508815996442305,-0.8384796418803031,-0.07144798506473116,-0.11443426058457717,-0.23177812917725604,0.07663985592304146,0.035938187134387345,-0.09490431932272148
2026-05-15,bio_health,-0.3541097038065075,-0.6401160970321442,-1.1177523548264854,0.0510884872532819,0.0558674685128881,-0.1432574556220227,0.1718759204508452,0.3000131115261075,0.1238889888016496
2026-05-15,bio_health,-0.3541097038065075,-0.6401160970321442,-1.1177523548264854,0.05108848725328197,0.05586746851288815,-0.14325745562202274,0.1718759204508452,0.30001311152610755,0.12388898880164967
2026-05-15,biosimilar_cdmo,-0.3813104523455431,-0.6393689293541197,-1.006910942896134,0.0009461567233822,-0.003895440908244,-0.2421958217422186,0.1155178848544148,0.2553831711950681,0.046705508412985
2026-05-15,biosimilar_cdmo,-0.38131045234554317,-0.6393689293541197,-1.006910942896134,0.0009461567233822743,-0.003895440908244008,-0.24219582174221865,0.11551788485441483,0.25538317119506815,0.04670550841298504
2026-05-15,construction,-0.3372200098638819,-0.0232836632532786,0.0959350248873049,-0.2015818541877864,-0.3021187547883384,-0.2566829442196772,-0.0302676732717762,-0.1071354301956097,-0.1475376875607914
2026-05-15,construction,-0.3372200098638819,-0.023283663253278686,0.09593502488730499,-0.2015818541877864,-0.3021187547883384,-0.2566829442196772,-0.030267673271776263,-0.10713543019560978,-0.14753768756079144
2026-05-15,consumer,-0.2536089714263385,-0.4080299310035282,-0.8533866138113047,0.0108372827116007,0.0025613825111916,-0.1169869813755317,0.1237138306475116,0.2627588291322542,0.1086743440241468
2026-05-15,consumer,-0.25360897142633854,-0.40802993100352825,-0.8533866138113047,0.010837282711600782,0.0025613825111916455,-0.11698698137553176,0.12371383064751162,0.26275882913225423,0.10867434402414688
2026-05-15,financial,-0.3469955739237074,-0.523928752483024,-0.8801658638744667,-0.0224592544161059,-0.106559095684991,-0.2210499974353963,0.1415405050261073,0.1163572913939748,-0.0048912472325957
2026-05-15,financial,-0.3469955739237074,-0.523928752483024,-0.8801658638744667,-0.022459254416105967,-0.106559095684991,-0.22104999743539633,0.14154050502610738,0.11635729139397488,-0.004891247232595708
2026-05-15,k_beauty,-0.2562398255834774,-0.4510955868050008,-0.9576002083692908,-0.0427467270245249,0.0315509960840694,-0.082193639625532,0.043928493963538,0.253559096610007,0.1421594086483251
2026-05-15,k_beauty,-0.25623982558347747,-0.45109558680500084,-0.9576002083692907,-0.04274672702452498,0.031550996084069416,-0.08219363962553206,0.04392849396353804,0.253559096610007,0.1421594086483251
2026-05-15,k_food,-0.2787033458405001,-0.4812280751519964,-1.0419684484861038,0.0890125154224537,0.0610855079028878,-0.0799350477072708,0.2644588035729092,0.3263490071448847,0.1724754162298931
2026-05-15,k_food,-0.27870334584050016,-0.4812280751519964,-1.0419684484861038,0.0890125154224537,0.0610855079028878,-0.07993504770727089,0.2644588035729092,0.3263490071448847,0.17247541622989315
2026-05-15,media_platform,-0.3050545735717821,-0.6391123808623891,-1.2351085334756378,0.0397566712991602,0.090998673729837,-0.0811824543684336,0.1687348870840616,0.3322860547962665,0.2069842996340698
2026-05-15,media_platform,-0.3050545735717821,-0.6391123808623891,-1.2351085334756378,0.03975667129916027,0.09099867372983705,-0.08118245436843363,0.1687348870840616,0.3322860547962665,0.20698429963406983
2026-05-15,semiconductor,0.0853912557033624,0.1510723860860283,0.4488516986768438,-0.0293352806184419,-0.0247427445879744,-0.0060327388152452,-0.0687819974466679,0.0490531689968474,-0.0715282099797549
2026-05-15,semiconductor,0.08539125570336248,0.15107238608602835,0.4488516986768438,-0.029335280618441928,-0.02474274458797443,-0.006032738815245242,-0.06878199744666791,0.04905316899684742,-0.07152820997975495
2026-05-15,shipbuilding,-0.2040172054886067,-0.4425571434243331,-1.0287906837337617,-0.0296331545617276,0.0142310601768829,-0.0577338122991204,0.1867871166737833,0.2290604708973285,0.1978788190004552
2026-05-15,shipbuilding,-0.2040172054886067,-0.44255714342433317,-1.0287906837337615,-0.02963315456172766,0.014231060176882915,-0.057733812299120446,0.18678711667378334,0.2290604708973285,0.19787881900045523
2026-05-15,steel_materials,-0.2329050785137674,-0.3850043530628269,-0.5666127615228567,-0.0333199904004666,-0.0085143290976543,-0.0922276083350572,0.12311335024568,0.1641052971771062,0.0410968503528292
2026-05-15,steel_materials,-0.2329050785137674,-0.3850043530628269,-0.5666127615228567,-0.033319990400466626,-0.008514329097654372,-0.09222760833505728,0.12311335024568004,0.1641052971771062,0.041096850352829284
2026-05-22,auto,-0.1347320182086593,-0.322847824366391,-0.4762314704393977,-0.0977810577234261,-0.0648090791469095,-0.2250964992370985,-0.2546196264024709,-0.23311587243499,-0.3754983898742801
2026-05-22,auto,-0.13473201820865932,-0.32284782436639103,-0.47623147043939773,-0.09778105772342616,-0.06480907914690959,-0.2250964992370985,-0.25461962640247093,-0.23311587243499,-0.3754983898742801
2026-05-22,battery,-0.3428787174268023,-0.3618896627763868,-0.9573245745841044,-0.1502676838409805,-0.0110080631321562,-0.1188449327038012,-0.0788196987762493,0.1034261974524208,0.1129331964734547
2026-05-22,battery,-0.3428787174268023,-0.3618896627763868,-0.9573245745841044,-0.15026768384098055,-0.011008063132156298,-0.11884493270380125,-0.07881969877624939,0.10342619745242088,0.11293319647345479
2026-05-22,bio_health,-0.3509639944488075,-0.6518253804911616,-1.2791091354755717,0.0031457093576999,-0.0117092834590173,-0.1613567806490863,-0.0479427778955819,-0.0675767519719054,-0.0180993250270635
2026-05-22,bio_health,-0.35096399444880755,-0.6518253804911616,-1.2791091354755717,0.0031457093576999773,-0.011709283459017339,-0.16135678064908632,-0.04794277789558199,-0.06757675197190549,-0.018099325027063573
2026-05-22,biosimilar_cdmo,-0.3771939469823464,-0.6706922024454385,-1.1840848515561773,0.0041165053631967,-0.0313232730913187,-0.1771739086600432,0.0031703486398144,-0.0274278321830747,0.0650219130821754
2026-05-22,biosimilar_cdmo,-0.37719394698234643,-0.6706922024454385,-1.1840848515561773,0.004116505363196743,-0.03132327309131877,-0.17717390866004323,0.0031703486398144687,-0.027427832183074763,0.06502191308217542
2026-05-22,construction,-0.3666840957118343,-0.0766086029150374,-0.0032129412049819,-0.0294640858479524,-0.0533249396617587,-0.0991479660922869,0.1721177683398339,0.2487938151265796,0.1575349781273902
2026-05-22,construction,-0.36668409571183436,-0.07660860291503746,-0.003212941204981945,-0.02946408584795246,-0.053324939661758775,-0.09914796609228693,0.17211776833983394,0.2487938151265796,0.15753497812739026
2026-05-22,consumer,-0.2961873891778832,-0.4502789106183287,-0.986961071219942,-0.0425784177515446,-0.0422489796148004,-0.1335744574086372,-0.0534157004631454,-0.0448103621259921,-0.0165874760331055
2026-05-22,consumer,-0.29618738917788323,-0.4502789106183287,-0.9869610712199419,-0.042578417751544695,-0.04224897961480045,-0.13357445740863727,-0.05341570046314548,-0.0448103621259921,-0.016587476033105508
2026-05-22,financial,-0.3141838494630246,-0.5583738931094463,-0.9838139407200448,0.0328117244606828,-0.0344451406264223,-0.103648076845578,0.0552709788767887,0.0721139550585686,0.1174019205898182
2026-05-22,financial,-0.3141838494630246,-0.5583738931094463,-0.9838139407200448,0.03281172446068281,-0.034445140626422344,-0.10364807684557809,0.05527097887678878,0.07211395505856866,0.11740192058981824
2026-05-22,k_beauty,-0.3131957339561296,-0.4720319278379418,-1.067718776240404,-0.0569559083726521,-0.0209363410329409,-0.1101185678711134,-0.0142091813481272,-0.0524873371170103,-0.0279249282455813
2026-05-22,k_beauty,-0.31319573395612965,-0.4720319278379418,-1.0677187762404041,-0.056955908372652186,-0.020936341032940953,-0.1101185678711134,-0.014209181348127209,-0.05248733711701037,-0.02792492824558135
2026-05-22,k_food,-0.3145670882172524,-0.5228100584003125,-1.1760313150031692,-0.0358637423767522,-0.041581983248316,-0.1340628665170653,-0.1248762577992059,-0.1026674911512038,-0.0541278188097944
2026-05-22,k_food,-0.31456708821725243,-0.5228100584003125,-1.1760313150031692,-0.03586374237675227,-0.04158198324831608,-0.13406286651706534,-0.12487625779920597,-0.10266749115120388,-0.05412781880979445
2026-05-22,media_platform,-0.3333807625660021,-0.6559619743576584,-1.3395159224229234,-0.02832618899422,-0.0168495934952692,-0.1044073889472856,-0.0680828602933802,-0.1078482672251063,-0.0232249345788519
2026-05-22,media_platform,-0.33338076256600213,-0.6559619743576584,-1.3395159224229234,-0.028326188994220014,-0.016849593495269266,-0.10440738894728563,-0.06808286029338029,-0.10784826722510632,-0.023224934578851997
2026-05-22,semiconductor,0.07170064190708,0.2362102156060399,0.5890365026176494,-0.0136906137962824,0.0851378295200115,0.1401848039408055,0.0156446668221594,0.109880574107986,0.1462175427560508
2026-05-22,semiconductor,0.07170064190708003,0.23621021560603994,0.5890365026176494,-0.013690613796282447,0.08513782952001159,0.14018480394080557,0.01564466682215948,0.10988057410798602,0.1462175427560508
2026-05-22,shipbuilding,-0.2587297078972794,-0.4296070533879901,-1.1091182318359474,-0.0547125024086727,0.012950090036343,-0.0803275481021859,-0.0250793478469451,-0.0012809701405398,-0.0225937358030654
2026-05-22,shipbuilding,-0.25872970789727945,-0.4296070533879901,-1.1091182318359474,-0.05471250240867276,0.012950090036343065,-0.0803275481021859,-0.0250793478469451,-0.00128097014053985,-0.02259373580306545
2026-05-22,steel_materials,-0.2852364467386551,-0.3973160098293409,-0.7811045892582382,-0.0523313682248877,-0.012311656766514,-0.2144918277353815,-0.019011377824421,-0.0037973276688596,-0.1222642194003242
2026-05-22,steel_materials,-0.2852364467386551,-0.3973160098293409,-0.7811045892582382,-0.05233136822488771,-0.012311656766514023,-0.21449182773538156,-0.019011377824421083,-0.0037973276688596513,-0.12226421940032428
2026-05-29,auto,-0.0880063988869019,-0.3473648858525484,-0.4939198441206149,0.0467256193217573,-0.0245170614861574,-0.0176883736812172,0.1445066770451835,0.0402920176607521,0.2074081255558812
2026-05-29,auto,-0.08800639888690198,-0.34736488585254843,-0.49391984412061496,0.04672561932175734,-0.0245170614861574,-0.01768837368121723,0.1445066770451835,0.04029201766075219,0.20740812555588128
2026-05-29,battery,-0.3722537619136274,-0.412262760501775,-1.0655374418428671,-0.0293750444868251,-0.0503730977253882,-0.1082128672587627,0.1208926393541554,-0.0393650345932319,0.0106320654450384
2026-05-29,battery,-0.37225376191362747,-0.412262760501775,-1.0655374418428671,-0.029375044486825153,-0.05037309772538823,-0.10821286725876278,0.1208926393541554,-0.03936503459323193,0.010632065445038474
2026-05-29,bio_health,-0.4495209243532385,-0.6775969748779089,-1.489506725371596,-0.0985569299044309,-0.0257715943867473,-0.2103975898960244,-0.1017026392621309,-0.01406231092773,-0.0490408092469381
2026-05-29,bio_health,-0.44952092435323854,-0.6775969748779089,-1.4895067253715961,-0.09855692990443099,-0.025771594386747365,-0.21039758989602442,-0.10170263926213097,-0.014062310927730026,-0.0490408092469381
2026-05-29,biosimilar_cdmo,-0.5177616929246353,-0.7195459181143066,-1.4366147004926448,-0.1405677459422888,-0.048853715668868,-0.2525298489364675,-0.1446842513054855,-0.0175304425775493,-0.0753559402764243
2026-05-29,biosimilar_cdmo,-0.5177616929246353,-0.7195459181143066,-1.4366147004926448,-0.14056774594228882,-0.04885371566886809,-0.25252984893646757,-0.14468425130548557,-0.01753044257754932,-0.07535594027642434
2026-05-29,construction,-0.4990932532776669,-0.3096501144361194,-0.2932333537576994,-0.1324091575658326,-0.233041511521082,-0.2900204125527175,-0.1029450717178801,-0.1797165718593232,-0.1908724464604305
2026-05-29,construction,-0.49909325327766696,-0.30965011443611945,-0.29323335375769943,-0.1324091575658326,-0.233041511521082,-0.2900204125527175,-0.10294507171788014,-0.17971657185932322,-0.19087244646043056
2026-05-29,consumer,-0.4475837837099706,-0.5278109010179587,-1.2553988125859143,-0.1513963945320874,-0.0775319903996299,-0.2684377413659724,-0.1088179767805427,-0.0352830107848295,-0.1348632839573351
2026-05-29,consumer,-0.44758378370997065,-0.5278109010179587,-1.2553988125859143,-0.15139639453208742,-0.07753199039962999,-0.2684377413659724,-0.10881797678054272,-0.03528301078482954,-0.13486328395733516
2026-05-29,financial,-0.4230422248591314,-0.6238922370263771,-1.2099082227874536,-0.1088583753961068,-0.0655183439169307,-0.2260942820674087,-0.1416700998567897,-0.0310732032905084,-0.1224462052218307
2026-05-29,financial,-0.42304222485913145,-0.6238922370263771,-1.2099082227874536,-0.10885837539610688,-0.06551834391693079,-0.22609428206740878,-0.1416700998567897,-0.031073203290508444,-0.1224462052218307
2026-05-29,k_beauty,-0.4921178091868162,-0.5179621492579096,-1.3518177561253586,-0.1789220752306866,-0.0459302214199678,-0.2840989798849545,-0.1219661668580344,-0.0249938803870268,-0.173980412013841
2026-05-29,k_beauty,-0.49211780918681625,-0.5179621492579096,-1.3518177561253586,-0.1789220752306866,-0.04593022141996783,-0.2840989798849545,-0.12196616685803441,-0.02499388038702688,-0.17398041201384107
2026-05-29,k_food,-0.4417744869939265,-0.6138126185986237,-1.4687937641375193,-0.127207398776674,-0.0910025601983112,-0.2927624491343501,-0.0913436563999218,-0.0494205769499951,-0.1586995826172847
2026-05-29,k_food,-0.4417744869939265,-0.6138126185986237,-1.4687937641375193,-0.12720739877667409,-0.09100256019831121,-0.2927624491343501,-0.09134365639992181,-0.04942057694999513,-0.15869958261728478
2026-05-29,media_platform,-0.4054291368744449,-0.6599156854827726,-1.498723664590706,-0.0720483743084428,-0.0039537111251142,-0.1592077421677826,-0.0437221853142227,0.012895882370155,-0.054800353220497
2026-05-29,media_platform,-0.40542913687444493,-0.6599156854827726,-1.498723664590706,-0.0720483743084428,-0.003953711125114223,-0.15920774216778266,-0.04372218531422278,0.012895882370155043,-0.05480035322049703
2026-05-29,semiconductor,-0.0607805147671116,0.1898514025990461,0.4766729784412455,-0.1324811566741917,-0.0463588130069938,-0.1123635241764038,-0.1187905428779092,-0.1314966425270054,-0.2525483281172094
2026-05-29,semiconductor,-0.06078051476711166,0.1898514025990461,0.47667297844124557,-0.1324811566741917,-0.04635881300699385,-0.11236352417640383,-0.11879054287790924,-0.13149664252700544,-0.2525483281172094
2026-05-29,shipbuilding,-0.4541956657831011,-0.5036740455524242,-1.319918628378042,-0.1954659578858216,-0.0740669921644341,-0.2108003965420946,-0.1407534554771489,-0.0870170822007772,-0.1304728484399087
2026-05-29,shipbuilding,-0.4541956657831011,-0.5036740455524242,-1.319918628378042,-0.19546595788582166,-0.07406699216443413,-0.2108003965420946,-0.1407534554771489,-0.0870170822007772,-0.1304728484399087
2026-05-29,steel_materials,-0.4531084754414111,-0.5708763696842747,-1.0654942168362034,-0.1678720287027559,-0.1735603598549338,-0.2843896275779651,-0.1155406604778682,-0.1612487030884197,-0.0698977998425836
2026-05-29,steel_materials,-0.4531084754414111,-0.5708763696842747,-1.0654942168362034,-0.16787202870275597,-0.1735603598549338,-0.28438962757796515,-0.11554066047786826,-0.16124870308841976,-0.0698977998425836
2026-06-05,auto,-0.0575198133524268,-0.4395711370774038,-0.5800385473746557,0.0304865855344751,-0.0922062512248553,-0.0861187032540407,-0.0162390337872821,-0.0676891897386979,-0.0684303295728234
2026-06-05,auto,-0.05751981335242684,-0.4395711370774038,-0.5800385473746557,0.03048658553447514,-0.09220625122485537,-0.0861187032540407,-0.016239033787282198,-0.06768918973869797,-0.06843032957282347
2026-06-05,battery,-0.4391525017186345,-0.5341323035008783,-1.17214452373749,-0.066898739805007,-0.1218695429991032,-0.1066070818946229,-0.0375236953181818,-0.071496445273715,0.0016057853641398
2026-06-05,battery,-0.4391525017186345,-0.5341323035008783,-1.1721445237374901,-0.06689873980500705,-0.12186954299910324,-0.10660708189462298,-0.03752369531818189,-0.07149644527371501,0.0016057853641398001
2026-06-05,bio_health,-0.3721587438394634,-0.8400523842099928,-1.486552751157702,0.077362180513775,-0.1624554093320839,0.0029539742138942,0.175919110418206,-0.1366838149453365,0.2133515641099186
2026-06-05,bio_health,-0.37215874383946346,-0.8400523842099928,-1.486552751157702,0.07736218051377508,-0.1624554093320839,0.002953974213894206,0.17591911041820607,-0.13668381494533655,0.21335156410991862
2026-06-05,biosimilar_cdmo,-0.4453486369139494,-0.8752866313458357,-1.446431238843537,0.0724130560106858,-0.1557407132315291,-0.0098165383508921,0.2129808019529746,-0.106886997562661,0.2427133105855754
2026-06-05,biosimilar_cdmo,-0.44534863691394944,-0.8752866313458357,-1.446431238843537,0.07241305601068582,-0.15574071323152916,-0.009816538350892134,0.21298080195297464,-0.10688699756266107,0.24271331058557544
2026-06-05,construction,-0.4567931400099652,-0.4270673070112059,-0.4751228759941326,0.0423001132677017,-0.1174171925750864,-0.1818895222364331,0.1747092708335343,0.1156243189459955,0.1081308903162843
2026-06-05,construction,-0.4567931400099652,-0.4270673070112059,-0.4751228759941326,0.04230011326770178,-0.11741719257508643,-0.18188952223643318,0.17470927083353438,0.11562431894599556,0.10813089031628431
2026-06-05,consumer,-0.3514990309563387,-0.6296537644363731,-1.2397868981677826,0.0960847527536319,-0.1018428634184144,0.0156119144181317,0.2474811472857193,-0.0243108730187844,0.2840496557841041
2026-06-05,consumer,-0.3514990309563387,-0.6296537644363731,-1.2397868981677826,0.09608475275363193,-0.10184286341841442,0.0156119144181317,0.24748114728571935,-0.02431087301878443,0.2840496557841041
2026-06-05,financial,-0.228166528192101,-0.5979911966351914,-1.068704492758798,0.1948756966670304,0.0259010403911856,0.1412037300286557,0.3037340720631373,0.0914193843081164,0.3672980120960645
2026-06-05,financial,-0.22816652819210104,-0.5979911966351914,-1.0687044927587979,0.19487569666703042,0.02590104039118568,0.14120373002865572,0.3037340720631373,0.09141938430811647,0.3672980120960645
2026-06-05,k_beauty,-0.3791117627556934,-0.6042187068769631,-1.3044890407460314,0.1130060464311227,-0.0862565576190534,0.0473287153793271,0.2919281216618093,-0.0403263361990856,0.3314276952642816
2026-06-05,k_beauty,-0.37911176275569347,-0.6042187068769631,-1.3044890407460314,0.11300604643112278,-0.08625655761905349,0.047328715379327146,0.29192812166180937,-0.040326336199085655,0.3314276952642816
2026-06-05,k_food,-0.3461172726739178,-0.7388728224926404,-1.4122475128217835,0.0956572143200087,-0.1250602038940167,0.0565462513157357,0.2228646130966828,-0.0340576436957055,0.3493087004500859
2026-06-05,k_food,-0.3461172726739178,-0.7388728224926404,-1.4122475128217835,0.09565721432000873,-0.12506020389401673,0.05654625131573576,0.22286461309668282,-0.03405764369570552,0.3493087004500859
2026-06-05,media_platform,-0.3088056131683006,-0.7482201009272379,-1.4708289459081223,0.0966235237061443,-0.0883044154444653,0.0278947186825835,0.1686718980145871,-0.0843507043193511,0.1871024608503662
2026-06-05,media_platform,-0.3088056131683006,-0.7482201009272379,-1.4708289459081225,0.09662352370614435,-0.08830441544446532,0.02789471868258353,0.16867189801458715,-0.0843507043193511,0.1871024608503662
2026-06-05,semiconductor,-0.0395948303976236,0.125004073613691,0.5335976614123399,0.0211856843694879,-0.064847328985355,0.0569246829710943,0.1536668410436796,-0.0184885159783612,0.1692882071474981
2026-06-05,semiconductor,-0.03959483039762368,0.12500407361369104,0.5335976614123399,0.021185684369487978,-0.06484732898535506,0.05692468297109432,0.15366684104367967,-0.01848851597836121,0.16928820714749815
2026-06-05,shipbuilding,-0.3926055233991969,-0.596882629520679,-1.2806475390284235,0.0615901423839041,-0.0932085839682548,0.0392710893496184,0.2570561002697258,-0.0191415918038206,0.250071485891713
2026-06-05,shipbuilding,-0.39260552339919697,-0.596882629520679,-1.2806475390284235,0.061590142383904145,-0.09320858396825482,0.03927108934961843,0.2570561002697258,-0.01914159180382069,0.250071485891713
2026-06-05,steel_materials,-0.4540905253166266,-0.7256377027581589,-1.1318503902312749,-0.0009820498752155,-0.1547613330738841,-0.0663561733950712,0.1668899788275404,0.0187990267810496,0.2180334541828938
2026-06-05,steel_materials,-0.45409052531662664,-0.7256377027581589,-1.1318503902312747,-0.0009820498752155515,-0.15476133307388418,-0.06635617339507127,0.16688997882754042,0.01879902678104961,0.21803345418289388
2026-06-12,auto,-0.0753849457554465,-0.3889332282257685,-0.7025597977053815,-0.0178651324030196,0.0506379088516353,-0.1225212503307258,-0.0483517179374948,0.1428441600764907,-0.0364025470766851
2026-06-12,auto,-0.07538494575544652,-0.3889332282257685,-0.7025597977053815,-0.01786513240301968,0.05063790885163533,-0.1225212503307258,-0.04835171793749482,0.1428441600764907,-0.03640254707668511
2026-06-12,battery,-0.2469795093717136,-0.5189408900337502,-1.1422281827484064,0.1921729923469208,0.015191413467128,0.0299163409890836,0.2590717321519279,0.1370609564662313,0.1365234228837066
2026-06-12,battery,-0.24697950937171365,-0.5189408900337502,-1.1422281827484064,0.19217299234692087,0.015191413467128045,0.02991634098908369,0.2590717321519279,0.1370609564662313,0.13652342288370667
2026-06-12,bio_health,-0.2222069531204569,-0.771140714757966,-1.456037599283662,0.1499517907190065,0.0689116694520268,0.0305151518740398,0.0725896102052314,0.2313670787841107,0.0275611776601456
2026-06-12,bio_health,-0.2222069531204569,-0.771140714757966,-1.456037599283662,0.14995179071900655,0.06891166945202687,0.03051515187403986,0.07258961020523147,0.23136707878411078,0.027561177660145653
2026-06-12,biosimilar_cdmo,-0.2955382508244515,-0.8163704408308162,-1.4321244478156732,0.1498103860894979,0.0589161905150195,0.0143067910278638,0.0773973300788121,0.2146569037465486,0.0241233293787559
2026-06-12,biosimilar_cdmo,-0.2955382508244515,-0.8163704408308162,-1.4321244478156732,0.14981038608949793,0.058916190515019506,0.014306791027863808,0.07739733007881211,0.21465690374654867,0.024123329378755942
2026-06-12,construction,-0.247354310830097,-0.3846978741248923,-0.3953155644150081,0.2094388291798681,0.0423694328863135,0.0798073115791244,0.1671387159121663,0.1597866254614,0.2616968338155576
2026-06-12,construction,-0.24735431083009707,-0.3846978741248923,-0.39531556441500815,0.2094388291798681,0.04236943288631356,0.07980731157912446,0.16713871591216634,0.1597866254614,0.26169683381555764
2026-06-12,consumer,-0.1523234951446538,-0.4968140016432427,-1.1383243430942016,0.1991755358116849,0.1328397627931303,0.101462555073581,0.1030907830580529,0.2346826262115448,0.0858506406554493
2026-06-12,consumer,-0.15232349514465382,-0.49681400164324274,-1.1383243430942016,0.1991755358116849,0.13283976279313037,0.10146255507358104,0.10309078305805297,0.2346826262115448,0.08585064065544934
2026-06-12,financial,-0.0831035938437332,-0.5322664482319293,-1.082088466820275,0.1450629343483678,0.0657247484032621,-0.0133839740614771,-0.0498127623186626,0.0398237080120764,-0.1545877040901329
2026-06-12,financial,-0.08310359384373323,-0.5322664482319293,-1.082088466820275,0.1450629343483678,0.06572474840326215,-0.013383974061477177,-0.04981276231866261,0.039823708012076464,-0.1545877040901329
2026-06-12,k_beauty,-0.187520571193787,-0.5068116216610024,-1.2024506967664346,0.1915911915619064,0.0974070852159607,0.1020383439795968,0.0785851451307836,0.1836636428350142,0.0547096286002697
2026-06-12,k_beauty,-0.18752057119378707,-0.5068116216610024,-1.2024506967664346,0.1915911915619064,0.09740708521596075,0.10203834397959688,0.07858514513078363,0.18366364283501424,0.05470962860026973
2026-06-12,k_food,-0.1345988150322972,-0.585207688077038,-1.323388265058304,0.2115184576416205,0.1536651344156023,0.0888592477634795,0.1158612433216118,0.2787253383096191,0.0323129964477437
2026-06-12,k_food,-0.1345988150322972,-0.585207688077038,-1.323388265058304,0.21151845764162058,0.15366513441560237,0.08885924776347953,0.11586124332161185,0.2787253383096191,0.03231299644774377
2026-06-12,media_platform,-0.0840740613840309,-0.6326156584877798,-1.3845600660434108,0.2247315517842696,0.1156044424394581,0.0862688798647117,0.1281080280781252,0.2039088578839234,0.0583741611821282
2026-06-12,media_platform,-0.08407406138403095,-0.6326156584877798,-1.3845600660434108,0.22473155178426962,0.11560444243945811,0.08626887986471177,0.12810802807812527,0.20390885788392343,0.05837416118212824
2026-06-12,semiconductor,0.0547832263037684,0.1726960324330353,0.6768605738273474,0.0943780567013921,0.0476919588193442,0.1432629124150075,0.0731923723319041,0.1125392878046993,0.0863382294439132
2026-06-12,semiconductor,0.05478322630376842,0.17269603243303533,0.6768605738273474,0.0943780567013921,0.04769195881934429,0.14326291241500755,0.07319237233190412,0.11253928780469935,0.08633822944391323
2026-06-12,shipbuilding,-0.2113446266848694,-0.5848867812591793,-1.1707438139378978,0.1812608967143275,0.0119958482614997,0.1099037250905257,0.1196707543304234,0.1052044322297546,0.0706326357409072
2026-06-12,shipbuilding,-0.21134462668486942,-0.5848867812591793,-1.1707438139378978,0.18126089671432755,0.011995848261499797,0.1099037250905257,0.1196707543304234,0.10520443222975462,0.07063263574090728
2026-06-12,steel_materials,-0.2762435504631261,-0.6366295549173264,-1.1166637325231397,0.1778469748535005,0.0890081478408324,0.0151866577081349,0.1788290247287161,0.2437694809147166,0.0815428311032062
2026-06-12,steel_materials,-0.2762435504631261,-0.6366295549173264,-1.1166637325231397,0.17784697485350054,0.08900814784083244,0.015186657708134987,0.1788290247287161,0.24376948091471662,0.08154283110320626
2026-06-19,auto,-0.2401942666458734,-0.5568508048523224,-1.0691606845918658,-0.1648093208904268,-0.1679175766265539,-0.3666008868864843,-0.1469441884874072,-0.2185554854781892,-0.2440796365557584
2026-06-19,auto,-0.2401942666458734,-0.5568508048523224,-1.0691606845918658,-0.16480932089042688,-0.16791757662655393,-0.3666008868864843,-0.1469441884874072,-0.21855548547818926,-0.24407963655575848
2026-06-19,battery,-0.3672470057596521,-0.6306783841461976,-1.4601406544723283,-0.1202674963879384,-0.1117374941124473,-0.3179124717239221,-0.3124404887348593,-0.1269289075795754,-0.3478288127130058
2026-06-19,battery,-0.3672470057596521,-0.6306783841461976,-1.4601406544723285,-0.12026749638793843,-0.11173749411244738,-0.3179124717239221,-0.3124404887348593,-0.12692890757957542,-0.3478288127130058
2026-06-19,bio_health,-0.3421102355314908,-0.8796247381377496,-1.6851263511539587,-0.1199032824110338,-0.1084840233797835,-0.2290887518702966,-0.2698550731300404,-0.1773956928318104,-0.2596039037443365
2026-06-19,bio_health,-0.3421102355314908,-0.8796247381377496,-1.6851263511539587,-0.11990328241103387,-0.10848402337978358,-0.22908875187029665,-0.2698550731300404,-0.17739569283181045,-0.2596039037443365
2026-06-19,biosimilar_cdmo,-0.3958426288148433,-0.9366896578842652,-1.682894828853629,-0.1003043779903918,-0.120319217053449,-0.2507703810379558,-0.2501147640798897,-0.1792354075684685,-0.2650771720658196
2026-06-19,biosimilar_cdmo,-0.39584262881484333,-0.9366896578842653,-1.682894828853629,-0.10030437799039182,-0.12031921705344906,-0.2507703810379558,-0.25011476407988975,-0.17923540756846856,-0.2650771720658196
2026-06-19,construction,-0.3799168996341633,-0.6410213282973769,-0.7314741243852936,-0.1325625888040662,-0.2563234541724846,-0.3361585599702854,-0.3420014179839343,-0.2986928870587981,-0.4159658715494099
2026-06-19,construction,-0.3799168996341633,-0.6410213282973769,-0.7314741243852936,-0.13256258880406624,-0.2563234541724846,-0.33615855997028543,-0.34200141798393435,-0.29869288705879815,-0.4159658715494099
2026-06-19,consumer,-0.3644170720894714,-0.6760982793533228,-1.4046776332052406,-0.2120935769448175,-0.17928427771008,-0.266353290111039,-0.4112691127565024,-0.3121240405032104,-0.36781584518462
2026-06-19,consumer,-0.3644170720894714,-0.6760982793533228,-1.4046776332052406,-0.21209357694481756,-0.17928427771008004,-0.26635329011103903,-0.41126911275650246,-0.3121240405032104,-0.36781584518462007
2026-06-19,financial,-0.2534726928733772,-0.6509714952261727,-1.2837459961445714,-0.170369099029644,-0.1187050469942434,-0.2016575293242963,-0.3154320333780118,-0.1844297953975056,-0.1882735552628192
2026-06-19,financial,-0.25347269287337726,-0.6509714952261727,-1.2837459961445714,-0.17036909902964403,-0.11870504699424345,-0.20165752932429637,-0.31543203337801184,-0.1844297953975056,-0.1882735552628192
2026-06-19,k_beauty,-0.3669793384675944,-0.6917023718250687,-1.467827256924111,-0.1794587672738073,-0.1848907501640663,-0.2653765601576767,-0.3710499588357138,-0.282297835380027,-0.3674149041372736
2026-06-19,k_beauty,-0.36697933846759445,-0.6917023718250687,-1.4678272569241113,-0.17945876727380738,-0.1848907501640663,-0.26537656015767674,-0.3710499588357138,-0.28229783538002706,-0.3674149041372736
2026-06-19,k_food,-0.4010631262394557,-0.7316199050265225,-1.596820819360403,-0.2664643112071585,-0.1464122169494844,-0.273432554302099,-0.4779827688487791,-0.3000773513650868,-0.3622918020655785
2026-06-19,k_food,-0.4010631262394557,-0.7316199050265225,-1.596820819360403,-0.2664643112071585,-0.14641221694948447,-0.273432554302099,-0.4779827688487791,-0.30007735136508684,-0.36229180206557854
2026-06-19,media_platform,-0.3227105497850127,-0.799387150446193,-1.6568264956224812,-0.2386364884009817,-0.1667714919584132,-0.2722664295790704,-0.4633680401852513,-0.2823759343978713,-0.3585353094437822
2026-06-19,media_platform,-0.3227105497850127,-0.799387150446193,-1.6568264956224812,-0.23863648840098173,-0.16677149195841323,-0.27226642957907043,-0.46336804018525135,-0.28237593439787134,-0.3585353094437822
2026-06-19,semiconductor,0.0043770558059859,0.0784718688925874,0.6162937256668419,-0.0504061704977825,-0.0942241635404479,-0.0605668481605055,-0.1447842271991746,-0.1419161223597922,-0.203829760575513
2026-06-19,semiconductor,0.004377055805985908,0.0784718688925874,0.6162937256668419,-0.05040617049778251,-0.09422416354044794,-0.060566848160505504,-0.1447842271991746,-0.14191612235979223,-0.20382976057551305
2026-06-19,shipbuilding,-0.2334913097968547,-0.6400898799858679,-1.41796378208461,-0.0221466831119853,-0.0552030987266886,-0.2472199681467122,-0.2034075798263128,-0.0671989469881884,-0.3571236932372379
2026-06-19,shipbuilding,-0.23349130979685473,-0.6400898799858679,-1.41796378208461,-0.02214668311198531,-0.055203098726688604,-0.2472199681467122,-0.20340757982631286,-0.0671989469881884,-0.3571236932372379
2026-06-19,steel_materials,-0.4940234550597372,-0.812140868431965,-1.51021417316801,-0.2177799045966111,-0.1755113135146385,-0.3935504406448704,-0.3956268794501116,-0.264519461355471,-0.4087370983530054
2026-06-19,steel_materials,-0.4940234550597372,-0.812140868431965,-1.51021417316801,-0.21777990459661112,-0.17551131351463856,-0.39355044064487044,-0.39562687945011166,-0.264519461355471,-0.4087370983530054
2026-06-26,auto,-0.2926478574533221,-0.6814278087188799,-1.1878465403469698,-0.0524535908074487,-0.1245770038665574,-0.118685855755104,0.1123557300829781,0.0433405727599964,0.2479150311313802
2026-06-26,auto,-0.2926478574533221,-0.6814278087188799,-1.1878465403469698,-0.05245359080744871,-0.12457700386655746,-0.11868585575510404,0.11235573008297817,0.043340572759996476,0.24791503113138025
2026-06-26,battery,-0.3175310398604462,-0.7921241612665094,-1.4767455408231858,0.0497159658992059,-0.1614457771203118,-0.0166048863508572,0.1699834622871443,-0.0497082830078644,0.3013075853730649
2026-06-26,battery,-0.3175310398604462,-0.7921241612665094,-1.4767455408231858,0.049715965899205905,-0.16144577712031183,-0.016604886350857218,0.16998346228714434,-0.04970828300786445,0.3013075853730649
2026-06-26,bio_health,-0.2291603357101836,-0.9032055796589455,-1.602984987118289,0.1129498998213071,-0.0235808415211959,0.0821413640356696,0.2328531822323409,0.0849031818585875,0.3112301159059663
2026-06-26,bio_health,-0.22916033571018368,-0.9032055796589455,-1.602984987118289,0.1129498998213071,-0.023580841521195994,0.08214136403566963,0.23285318223234097,0.08490318185858758,0.3112301159059663
2026-06-26,biosimilar_cdmo,-0.2528691030712948,-0.9664585674338492,-1.6180487382404198,0.1429735257435485,-0.0297689095495837,0.0648460906132091,0.2432779037339403,0.0905503075038652,0.3156164716511649
2026-06-26,biosimilar_cdmo,-0.25286910307129484,-0.9664585674338491,-1.6180487382404198,0.1429735257435485,-0.029768909549583777,0.06484609061320912,0.24327790373394031,0.09055030750386528,0.3156164716511649
2026-06-26,construction,-0.3172964669446461,-0.799033010534608,-0.948169565014488,0.0626204326895172,-0.158011682237231,-0.2166954406291945,0.1951830214935834,0.0983117719352535,0.1194631193410908
2026-06-26,construction,-0.3172964669446461,-0.799033010534608,-0.9481695650144881,0.06262043268951722,-0.15801168223723105,-0.21669544062919455,0.19518302149358346,0.09831177193525353,0.11946311934109088
2026-06-26,consumer,-0.1638466601228024,-0.7217912839645633,-1.3806347792887064,0.2005704119666689,-0.0456930046112404,0.0240428539165342,0.4126639889114865,0.1335912730988395,0.2903961440275733
2026-06-26,consumer,-0.16384666012280247,-0.7217912839645633,-1.3806347792887064,0.20057041196666892,-0.045693004611240484,0.024042853916534268,0.4126639889114865,0.13359127309883956,0.2903961440275733
2026-06-26,financial,-0.1168406141154715,-0.6920949102119437,-1.2809028209184756,0.1366320787579057,-0.0411234149857709,0.0028431752260957,0.3070011777875497,0.0775816320084724,0.2045007045503921
2026-06-26,financial,-0.11684061411547153,-0.6920949102119437,-1.2809028209184756,0.13663207875790573,-0.04112341498577099,0.0028431752260957843,0.30700117778754976,0.07758163200847246,0.20450070455039215
2026-06-26,k_beauty,-0.1224086598230226,-0.6877242356275067,-1.3903188507048758,0.2445706786445718,0.0039781361975619,0.0775084062192354,0.4240294459183792,0.1888688863616282,0.3428849663769122
2026-06-26,k_beauty,-0.12240865982302263,-0.6877242356275067,-1.3903188507048758,0.24457067864457183,0.003978136197561932,0.07750840621923549,0.4240294459183792,0.18886888636162824,0.34288496637691224
2026-06-26,k_food,-0.1723856518248716,-0.7814505929521904,-1.5350952357979135,0.228677474414584,-0.0498306879256679,0.0617255835624894,0.4951417856217426,0.0965815290238165,0.3351581378645885
2026-06-26,k_food,-0.17238565182487164,-0.7814505929521904,-1.5350952357979135,0.22867747441458408,-0.049830687925667916,0.06172558356248947,0.4951417856217426,0.09658152902381656,0.3351581378645885
2026-06-26,media_platform,-0.2050960601420018,-0.8564074280246324,-1.6523951482279775,0.1176144896430108,-0.0570202775784394,0.0044313473945036,0.3562509780439925,0.1097512143799738,0.2766977769735741
2026-06-26,media_platform,-0.20509606014200188,-0.8564074280246324,-1.6523951482279775,0.1176144896430108,-0.057020277578439416,0.004431347394503682,0.35625097804399253,0.10975121437997382,0.2766977769735741
2026-06-26,semiconductor,-0.00224131905256,0.0628093363210144,0.6651664154229784,-0.0066183748585459,-0.0156625325715729,0.0488726897561364,0.0437877956392365,0.078561630968875,0.1094395379166419
2026-06-26,semiconductor,-0.002241319052560087,0.06280933632101449,0.6651664154229784,-0.0066183748585459945,-0.015662532571572907,0.048872689756136456,0.043787795639236515,0.07856163096887503,0.10943953791664196
2026-06-26,shipbuilding,-0.2942190929820995,-0.7261618302679294,-1.4362634986261713,-0.0607277831852447,-0.0860719502820615,-0.0182997165415612,-0.0385811000732594,-0.0308688515553728,0.2289202516051509
2026-06-26,shipbuilding,-0.2942190929820995,-0.7261618302679294,-1.4362634986261713,-0.060727783185244744,-0.0860719502820615,-0.01829971654156126,-0.03858110007325943,-0.03086885155537289,0.22892025160515095
2026-06-26,steel_materials,-0.3666941161740201,-0.8990309119329762,-1.528027602029022,0.127329338885717,-0.0868900435010112,-0.0178134288610118,0.3451092434823282,0.0886212700136273,0.3757370117838585
2026-06-26,steel_materials,-0.36669411617402015,-0.8990309119329762,-1.528027602029022,0.12732933888571707,-0.08689004350101126,-0.017813428861011893,0.3451092434823282,0.0886212700136273,0.37573701178385854
2026-07-03,auto,-0.1675733128586743,-0.5874184551769142,-0.9693634301466508,0.1250745445946477,0.0940093535419657,0.2184831102003188,0.1775281354020964,0.2185863574085231,0.3371689659554229
2026-07-03,auto,-0.16757331285867438,-0.5874184551769142,-0.9693634301466509,0.12507454459464773,0.09400935354196571,0.21848311020031885,0.17752813540209644,0.21858635740852317,0.3371689659554229
2026-07-03,battery,-0.1798807511842406,-0.7603682400517482,-1.2493251771052205,0.1376502886762055,0.0317559212147612,0.2274203637179652,0.0879343227769996,0.193201698335073,0.2440252500688224
2026-07-03,battery,-0.17988075118424063,-0.7603682400517482,-1.2493251771052205,0.13765028867620555,0.03175592121476123,0.22742036371796526,0.08793432277699964,0.19320169833507306,0.24402525006882247
2026-07-03,bio_health,-0.0088263667449187,-0.8040798253654088,-1.3884031738424087,0.2203339689652649,0.0991257542935367,0.2145818132758803,0.1073840691439578,0.1227065958147327,0.1324404492402107
2026-07-03,bio_health,-0.008826366744918768,-0.8040798253654088,-1.3884031738424087,0.22033396896526491,0.09912575429353676,0.21458181327588033,0.10738406914395782,0.12270659581473276,0.1324404492402107
2026-07-03,biosimilar_cdmo,-0.0187952029924509,-0.8714145470771978,-1.4049990961020915,0.2340739000788438,0.0950440203566512,0.2130496421383281,0.0911003743352953,0.124812929906235,0.148203551525119
2026-07-03,biosimilar_cdmo,-0.018795202992450966,-0.8714145470771978,-1.4049990961020917,0.23407390007884388,0.09504402035665127,0.2130496421383281,0.09110037433529539,0.12481292990623505,0.148203551525119
2026-07-03,construction,-0.0689359500019521,-0.7130897836820118,-0.6386862683351011,0.2483605169426939,0.0859432268525961,0.309483296679387,0.1857400842531766,0.2439549090898272,0.5261787373085816
2026-07-03,construction,-0.06893595000195218,-0.7130897836820118,-0.6386862683351011,0.2483605169426939,0.08594322685259614,0.309483296679387,0.18574008425317667,0.2439549090898272,0.5261787373085816
2026-07-03,consumer,0.04217057197531,-0.6382646573755839,-1.1173854862239727,0.2060172320981125,0.0835266265889793,0.2632492930647336,0.0054468201314435,0.1292196312002198,0.2392064391481994
2026-07-03,consumer,0.042170571975310045,-0.6382646573755839,-1.1173854862239727,0.2060172320981125,0.08352662658897936,0.26324929306473366,0.005446820131443597,0.12921963120021984,0.2392064391481994
2026-07-03,financial,0.0911409855740482,-0.535083705909581,-0.9969663242054638,0.2079815996895198,0.1570112043023627,0.2839364967130118,0.071349520931614,0.1981346192881337,0.281093321486916
2026-07-03,financial,0.09114098557404826,-0.535083705909581,-0.9969663242054638,0.2079815996895198,0.1570112043023627,0.2839364967130118,0.07134952093161406,0.1981346192881337,0.281093321486916
2026-07-03,k_beauty,0.1126892335957051,-0.5590239746866255,-1.0709248337884696,0.2350978934187277,0.1287002609408812,0.3193940169164062,-0.009472785225844,0.1247221247433193,0.2418856106971707
2026-07-03,k_beauty,0.11268923359570515,-0.5590239746866255,-1.0709248337884696,0.23509789341872778,0.12870026094088127,0.31939401691640623,-0.00947278522584405,0.12472212474331934,0.24188561069717074
2026-07-03,k_food,0.0217110093403867,-0.7117813959434265,-1.3416047174642864,0.1940966611652583,0.0696691970087639,0.193490518333627,-0.0345808132493257,0.1194998849344318,0.1317649347711376
2026-07-03,k_food,0.021711009340386722,-0.7117813959434265,-1.3416047174642864,0.19409666116525837,0.06966919700876395,0.19349051833362707,-0.034580813249325715,0.11949988493443187,0.1317649347711376
2026-07-03,media_platform,-0.0819475973316183,-0.7578272020319472,-1.4536263682447406,0.1231484628103835,0.0985802259926852,0.1987687799832369,0.0055339731673726,0.1556005035711246,0.1943374325887332
2026-07-03,media_platform,-0.08194759733161838,-0.7578272020319472,-1.4536263682447406,0.1231484628103835,0.09858022599268523,0.19876877998323694,0.005533973167372697,0.15560050357112465,0.19433743258873326
2026-07-03,semiconductor,-0.0101574489986598,0.0446634073432117,0.4848716281277507,-0.0079161299460998,-0.0181459289778027,-0.1802947872952276,-0.0012977550875538,-0.0024833964062298,-0.2291674770513641
2026-07-03,semiconductor,-0.01015744899865989,0.044663407343211725,0.48487162812775075,-0.007916129946099804,-0.01814592897780276,-0.18029478729522763,-0.001297755087553809,-0.002483396406229854,-0.2291674770513641
2026-07-03,shipbuilding,-0.0511001266865223,-0.6167746044711534,-1.261806082420355,0.2431189662955771,0.1093872257967759,0.1744574162058163,0.3038467494808219,0.1954591760788374,0.1927571327473776
2026-07-03,shipbuilding,-0.05110012668652231,-0.6167746044711534,-1.261806082420355,0.24311896629557717,0.10938722579677596,0.17445741620581634,0.3038467494808219,0.19545917607883745,0.1927571327473776
2026-07-03,steel_materials,-0.1582707484005514,-0.8210216921649499,-1.3246407134626257,0.2084233677734687,0.0780092197680263,0.2033868885663965,0.0810940288877516,0.1648992632690376,0.2212003174274084
2026-07-03,steel_materials,-0.15827074840055144,-0.8210216921649499,-1.3246407134626255,0.2084233677734687,0.07800921976802633,0.20338688856639653,0.08109402888775163,0.1648992632690376,0.22120031742740842
2026-07-10,auto,-0.0967859818380978,-0.3779767609478308,-0.622534989861508,0.0707873310205765,0.2094416942290833,0.3468284402851429,-0.0542872135740711,0.1154323406871176,0.128345330084824
2026-07-10,auto,-0.09678598183809783,-0.37797676094783084,-0.622534989861508,0.07078733102057655,0.20944169422908332,0.3468284402851429,-0.05428721357407118,0.11543234068711761,0.12834533008482407
2026-07-10,battery,-0.1423485686637676,-0.5968277591606983,-0.8712879272294529,0.0375321825204729,0.1635404808910499,0.3780372498757676,-0.1001181061557325,0.1317845596762886,0.1506168861578023
2026-07-10,battery,-0.14234856866376766,-0.5968277591606983,-0.8712879272294529,0.03753218252047297,0.1635404808910499,0.3780372498757676,-0.10011810615573258,0.13178455967628866,0.15061688615780233
2026-07-10,bio_health,-0.0503780448093392,-0.5813418677472831,-1.1291228765009338,-0.0415516780644205,0.2227379576181256,0.2592802973414749,-0.2618856470296854,0.1236122033245888,0.0446984840655946
2026-07-10,bio_health,-0.05037804480933927,-0.5813418677472831,-1.1291228765009338,-0.041551678064420505,0.22273795761812565,0.25928029734147495,-0.2618856470296854,0.12361220332458889,0.044698484065594624
2026-07-10,biosimilar_cdmo,-0.0270984427289437,-0.6231657347467942,-1.0896627716277163,-0.0083032397364928,0.2482488123304036,0.3153363244743752,-0.2423771398153367,0.1532047919737523,0.1022866823360471
2026-07-10,biosimilar_cdmo,-0.027098442728943795,-0.6231657347467942,-1.0896627716277165,-0.008303239736492829,0.24824881233040363,0.3153363244743752,-0.2423771398153367,0.15320479197375236,0.1022866823360471
2026-07-10,construction,-0.0763630529072595,-0.6488343326447322,-0.359658496495997,-0.0074271029053073,0.0642554510372795,0.2790277718391041,-0.2557876198480012,-0.0216877758153165,-0.0304555248402829
2026-07-10,construction,-0.07636305290725953,-0.6488343326447322,-0.359658496495997,-0.007427102905307348,0.06425545103727959,0.2790277718391041,-0.25578761984800125,-0.021687775815316557,-0.03045552484028291
2026-07-10,consumer,0.0015493883492331,-0.3665192036570257,-0.7356971852601133,-0.0406211836260769,0.2717454537185582,0.3816883009638594,-0.2466384157241894,0.1882188271295788,0.1184390078991257
2026-07-10,consumer,0.0015493883492331273,-0.3665192036570257,-0.7356971852601133,-0.04062118362607692,0.2717454537185582,0.3816883009638594,-0.24663841572418943,0.18821882712957883,0.11843900789912576
2026-07-10,financial,0.134602133667683,-0.2975816549610337,-0.5746958581728954,0.0434611480936347,0.2375020509485472,0.4222704660325684,-0.164520451595885,0.0804908466461845,0.1383339693195566
2026-07-10,financial,0.13460213366768303,-0.2975816549610337,-0.5746958581728954,0.04346114809363477,0.23750205094854726,0.42227046603256846,-0.16452045159588502,0.08049084664618456,0.13833396931955666
2026-07-10,k_beauty,0.0511211774523701,-0.3101612194854153,-0.7481135216524579,-0.061568056143335,0.2488627552012101,0.3228113121360116,-0.2966659495620628,0.1201624942603288,0.0034172952196054
2026-07-10,k_beauty,0.0511211774523701,-0.3101612194854153,-0.7481135216524579,-0.06156805614333505,0.24886275520121015,0.32281131213601166,-0.2966659495620628,0.12016249426032888,0.003417295219605432
2026-07-10,k_food,0.0075307400029267,-0.4439072855547902,-0.9226299728950598,-0.0141802693374599,0.2678741103886363,0.4189747445692267,-0.2082769305027183,0.1982049133798723,0.2254842262355996
2026-07-10,k_food,0.00753074000292675,-0.4439072855547902,-0.9226299728950598,-0.014180269337459972,0.2678741103886363,0.4189747445692267,-0.20827693050271834,0.19820491337987234,0.2254842262355996
2026-07-10,media_platform,-0.0375108617004976,-0.4726058321354183,-1.0953383822760383,0.0444367356311207,0.2852213698965289,0.3582879859687022,-0.0787117271792627,0.1866411439038436,0.1595192059854653
2026-07-10,media_platform,-0.037510861700497666,-0.4726058321354183,-1.0953383822760383,0.044436735631120716,0.2852213698965289,0.35828798596870226,-0.07871172717926278,0.18664114390384368,0.15951920598546532
2026-07-10,semiconductor,-0.0473432541406253,0.0476667492180054,0.2794988237783251,-0.0371858051419654,0.0030033418747936,-0.2053728043494256,-0.0292696751958656,0.0211492708525964,-0.0250780170541979
2026-07-10,semiconductor,-0.047343254140625346,0.0476667492180054,0.27949882377832513,-0.037185805141965456,0.0030033418747936746,-0.20537280434942562,-0.029269675195865652,0.021149270852596436,-0.025078017054197987
2026-07-10,shipbuilding,-0.1360329928963485,-0.5303850868232891,-0.9820127258964898,-0.0849328662098262,0.0863895176478642,0.2797933565238651,-0.3280518325054034,-0.0229977081489116,0.1053359403180488
2026-07-10,shipbuilding,-0.13603299289634851,-0.5303850868232891,-0.9820127258964898,-0.08493286620982621,0.08638951764786429,0.27979335652386517,-0.3280518325054034,-0.022997708148911666,0.10533594031804883
2026-07-10,steel_materials,-0.1427970599839887,-0.6519773627495382,-0.976875308423743,0.0154736884165627,0.1690443294154117,0.3477654050388824,-0.192949679356906,0.0910351096473853,0.1443785164724859
2026-07-10,steel_materials,-0.14279705998398873,-0.6519773627495382,-0.976875308423743,0.015473688416562714,0.1690443294154117,0.3477654050388824,-0.192949679356906,0.09103510964738537,0.1443785164724859
2026-07-16,auto,0.0274059251130763,-0.240047407163899,-0.522562120554054,0.1241919069511742,0.1379293537839317,0.0999728693074539,0.0534045759305976,-0.0715123404451515,-0.2468555709776889
2026-07-16,auto,0.02740592511307638,-0.24004740716389905,-0.522562120554054,0.12419190695117421,0.13792935378393179,0.09997286930745397,0.053404575930597664,-0.07151234044515153,-0.24685557097768895
2026-07-16,battery,-0.0138070363128181,-0.4452504824755368,-0.6302529175294899,0.1285415323509495,0.1515772766851615,0.241035009699963,0.0910093498304766,-0.0119632042058883,-0.1370022401758045
2026-07-16,battery,-0.0138070363128181,-0.4452504824755368,-0.6302529175294899,0.12854153235094956,0.15157727668516152,0.24103500969996305,0.0910093498304766,-0.011963204205888367,-0.13700224017580453
2026-07-16,bio_health,0.0773466447488641,-0.4540641499201966,-0.9383522944980718,0.1277246895582033,0.1272777178270865,0.190770582002862,0.1692763676226238,-0.0954602397910391,-0.0685097153386129
2026-07-16,bio_health,0.0773466447488641,-0.4540641499201966,-0.9383522944980718,0.12772468955820337,0.12727771782708652,0.190770582002862,0.16927636762262388,-0.09546023979103913,-0.06850971533861294
2026-07-16,biosimilar_cdmo,0.0744727095030829,-0.5133740129798682,-0.9065518233214244,0.1015711522320267,0.1097917217669259,0.1831109483062922,0.1098743919685195,-0.1384570905634776,-0.1322253761680829
2026-07-16,biosimilar_cdmo,0.07447270950308293,-0.5133740129798682,-0.9065518233214243,0.10157115223202673,0.10979172176692598,0.18311094830629226,0.10987439196851956,-0.13845709056347766,-0.13222537616808294
2026-07-16,construction,-0.034735559813473,-0.5440249750050041,-0.2544593611440429,0.0416274930937864,0.1048093576397281,0.1051991353519541,0.0490545959990937,0.0405539066024485,-0.1738286364871499
2026-07-16,construction,-0.034735559813473094,-0.5440249750050041,-0.2544593611440429,0.04162749309378644,0.1048093576397281,0.10519913535195413,0.049054595999093786,0.04055390660244851,-0.17382863648714997
2026-07-16,consumer,0.2075847255201202,-0.2612239081438748,-0.4804541327150156,0.206035337170887,0.1052952955131508,0.2552430525450977,0.2466565207969639,-0.1664501582054073,-0.1264452484187617
2026-07-16,consumer,0.2075847255201202,-0.26122390814387486,-0.4804541327150156,0.20603533717088707,0.10529529551315087,0.2552430525450977,0.24665652079696399,-0.16645015820540732,-0.1264452484187617
2026-07-16,financial,0.2746473990891028,-0.15976816054224,-0.3049957291361502,0.1400452654214198,0.1378134944187936,0.2697001290367451,0.096584117327785,-0.0996885565297536,-0.1525703369958233
2026-07-16,financial,0.27464739908910285,-0.15976816054224008,-0.30499572913615025,0.14004526542141982,0.13781349441879365,0.2697001290367451,0.09658411732778505,-0.09968855652975361,-0.15257033699582334
2026-07-16,k_beauty,0.2723842647914906,-0.2035014966876673,-0.5132170809358108,0.2212630873391204,0.1066597227977479,0.2348964407166471,0.2828311434824555,-0.1422030324034622,-0.0879148714193645
2026-07-16,k_beauty,0.2723842647914906,-0.20350149668766737,-0.5132170809358108,0.22126308733912048,0.10665972279774794,0.23489644071664717,0.2828311434824555,-0.14220303240346222,-0.0879148714193645
2026-07-16,k_food,0.1688039328596265,-0.3530419751031832,-0.7083474063867512,0.1612731928566998,0.0908653104516069,0.2142825665083085,0.1754534621941598,-0.1770087999370293,-0.2046921780609181
2026-07-16,k_food,0.16880393285962658,-0.35304197510318325,-0.7083474063867512,0.16127319285669983,0.09086531045160695,0.21428256650830857,0.1754534621941598,-0.17700879993702934,-0.2046921780609181
2026-07-16,media_platform,0.0898344202698149,-0.3647849521512103,-0.8727941648843955,0.1273452819703125,0.1078208799842079,0.2225442173916427,0.0829085463391918,-0.1774004899123209,-0.1357437685770595
2026-07-16,media_platform,0.08983442026981492,-0.3647849521512103,-0.8727941648843955,0.12734528197031258,0.10782087998420797,0.22254421739164276,0.08290854633919187,-0.17740048991232094,-0.1357437685770595
2026-07-16,semiconductor,-0.0158094740700527,0.046766538251348,0.285436451422739,0.0315337800705726,-0.0009002109666573,0.0059376276444138,0.068719585212538,-0.003903552841451,0.2113104319938394
2026-07-16,semiconductor,-0.01580947407005273,0.04676653825134802,0.285436451422739,0.031533780070572615,-0.0009002109666573777,0.0059376276444138565,0.06871958521253807,-0.0039035528414510523,0.21131043199383948
2026-07-16,shipbuilding,-0.0441417279159247,-0.3715312582035237,-0.8642254692083674,0.0918912649804237,0.1588538286197653,0.1177872566881224,0.1768241311902499,0.072464310971901,-0.1620060998357427
2026-07-16,shipbuilding,-0.044141727915924744,-0.37153125820352373,-0.8642254692083674,0.09189126498042377,0.15885382861976538,0.1177872566881224,0.17682413119024998,0.07246431097190109,-0.16200609983574277
2026-07-16,steel_materials,0.0109900490678374,-0.5306647061262856,-0.737670632848379,0.1537871090518261,0.1213126566232526,0.239204675575364,0.1383134206352634,-0.047731672792159,-0.1085607294635183
2026-07-16,steel_materials,0.010990049067837404,-0.5306647061262856,-0.737670632848379,0.15378710905182613,0.12131265662325263,0.23920467557536407,0.13831342063526342,-0.04773167279215906,-0.10856072946351836
2026-07-24,auto,0.1493350097872993,-0.2496189204478506,-0.5472772223187191,0.1219290846742229,-0.0095715132839515,-0.024715101764665,-0.0022628222769512,-0.1475008670678833,-0.124687971072119
2026-07-24,auto,0.1493350097872993,-0.2496189204478506,-0.5472772223187191,0.12192908467422292,-0.00957151328395156,-0.02471510176466507,-0.002262822276951293,-0.14750086706788335,-0.12468797107211904
2026-07-24,battery,0.0881606135857316,-0.470088557436726,-0.5801288241300443,0.1019676498985497,-0.0248380749611892,0.0501240933994455,-0.0265738824523997,-0.1764153516463508,-0.1909109163005174
2026-07-24,battery,0.08816061358573168,-0.47008855743672606,-0.5801288241300443,0.10196764989854978,-0.024838074961189283,0.05012409339944557,-0.026573882452399777,-0.1764153516463508,-0.19091091630051749
2026-07-24,bio_health,0.1146954407307614,-0.3634602279944579,-0.8025848475046066,0.0373487959818973,0.0906039219257387,0.1357674469934652,-0.090375893576306,-0.0366737959013477,-0.0550031350093968
2026-07-24,bio_health,0.11469544073076143,-0.3634602279944579,-0.8025848475046066,0.03734879598189733,0.09060392192573874,0.1357674469934652,-0.09037589357630604,-0.03667379590134778,-0.0550031350093968
2026-07-24,biosimilar_cdmo,0.1318792670225349,-0.416314356954078,-0.7739564928206762,0.057406557519452,0.0970596560257901,0.132595330500748,-0.0441645947125747,-0.0127320657411358,-0.0505156178055442
2026-07-24,biosimilar_cdmo,0.13187926702253494,-0.41631435695407804,-0.7739564928206762,0.057406557519452006,0.09705965602579014,0.132595330500748,-0.04416459471257472,-0.012732065741135834,-0.050515617805544255
2026-07-24,construction,0.2012991090771684,-0.4261303463540639,-0.215953340100131,0.2360346688906415,0.1178946286509402,0.0385060210439118,0.194407175796855,0.0130852710112121,-0.0666931143080422
2026-07-24,construction,0.20129910907716841,-0.4261303463540639,-0.215953340100131,0.2360346688906415,0.11789462865094025,0.038506021043911876,0.19440717579685507,0.013085271011212152,-0.06669311430804226
2026-07-24,consumer,0.2762909123926711,-0.1929037802600969,-0.3873796983233768,0.0687061868725509,0.0683201278837779,0.0930744343916387,-0.1373291502983361,-0.0369751676293729,-0.1621686181534589
2026-07-24,consumer,0.2762909123926711,-0.1929037802600969,-0.3873796983233768,0.06870618687255092,0.06832012788377795,0.09307443439163876,-0.13732915029833614,-0.03697516762937292,-0.16216861815345895
2026-07-24,financial,0.3203640718921312,-0.1071208763284071,-0.2601379837237112,0.0457166728030283,0.0526472842138329,0.044857745412439,-0.0943285926183914,-0.0851662102049607,-0.224842383624306
2026-07-24,financial,0.32036407189213123,-0.10712087632840717,-0.2601379837237112,0.04571667280302838,0.05264728421383291,0.04485774541243903,-0.09432859261839144,-0.08516621020496074,-0.22484238362430609
2026-07-24,k_beauty,0.3141189342863741,-0.1559794401836084,-0.399682383252449,0.0417346694948835,0.0475220565040589,0.1135346976833617,-0.1795284178442369,-0.0591376662936889,-0.1213617430332854
2026-07-24,k_beauty,0.31411893428637416,-0.15597944018360843,-0.399682383252449,0.04173466949488358,0.04752205650405894,0.11353469768336177,-0.1795284178442369,-0.059137666293688995,-0.1213617430332854
2026-07-24,k_food,0.2895075972856566,-0.2294965949638562,-0.5683336885039277,0.12070366442603,0.123545380139327,0.1400137178828234,-0.0405695284306697,0.03268006968772,-0.0742688486254851
2026-07-24,k_food,0.28950759728565667,-0.22949659496385622,-0.5683336885039277,0.12070366442603009,0.12354538013932703,0.14001371788282346,-0.04056952843066974,0.03268006968772008,-0.0742688486254851
2026-07-24,media_platform,0.2610126048312733,-0.2533118555242105,-0.7239306530110795,0.1711781845614584,0.1114730966269997,0.148863511873316,0.0438329025911458,0.0036522166427918,-0.0736807055183267
2026-07-24,media_platform,0.2610126048312733,-0.25331185552421054,-0.7239306530110795,0.1711781845614584,0.11147309662699978,0.14886351187331603,0.043832902591145806,0.0036522166427918057,-0.07368070551832673
2026-07-24,semiconductor,-0.0655946526544374,-0.0534451086103169,0.1814715994711186,-0.0497851785843846,-0.1002116468616649,-0.1039648519516203,-0.0813189586549573,-0.0993114358950075,-0.1099024795960341
2026-07-24,semiconductor,-0.06559465265443742,-0.05344510861031693,0.18147159947111868,-0.04978517858438469,-0.10021164686166495,-0.10396485195162031,-0.08131895865495731,-0.09931143589500757,-0.10990247959603416
2026-07-24,shipbuilding,0.1204257261331399,-0.3267609423485308,-0.7519047713864394,0.1645674540490647,0.0447703158549929,0.112320697821928,0.0726761890686409,-0.1140835127647724,-0.0054665588661944
2026-07-24,shipbuilding,0.12042572613313995,-0.3267609423485308,-0.7519047713864394,0.1645674540490647,0.044770315854992915,0.112320697821928,0.07267618906864093,-0.11408351276477247,-0.005466558866194404
2026-07-24,steel_materials,0.1708992016559843,-0.4374515063970284,-0.714206757733997,0.1599091525881469,0.0932131997292571,0.0234638751143819,0.0061220435363208,-0.0280994568939955,-0.2157408004609821
2026-07-24,steel_materials,0.17089920165598438,-0.43745150639702846,-0.714206757733997,0.15990915258814697,0.09321319972925712,0.02346387511438197,0.0061220435363208425,-0.02809945689399551,-0.2157408004609821
2026-07-31,auto,0.1064227739183958,-0.2523646962005332,-0.6277864459355014,-0.0429122358689034,-0.0027457757526826,-0.0805092236167822,-0.1648413205431264,0.0068257375312689,-0.0557941218521171
2026-07-31,auto,0.10642277391839583,-0.25236469620053326,-0.6277864459355014,-0.04291223586890347,-0.0027457757526826443,-0.08050922361678226,-0.1648413205431264,0.006825737531268916,-0.055794121852117184
2026-07-31,battery,0.0658659035418331,-0.4880515418720176,-0.7067799898973626,-0.0222947100438984,-0.0179629844352915,-0.1266511657673182,-0.1242623599424482,0.0068750905258977,-0.1767752591667638
2026-07-31,battery,0.06586590354183319,-0.4880515418720176,-0.7067799898973626,-0.02229471004389849,-0.01796298443529154,-0.12665116576731827,-0.12426235994244827,0.006875090525897742,-0.17677525916676384
2026-07-31,bio_health,0.065767831417848,-0.3586675877552784,-0.790773134650276,-0.0489276093129134,0.0047926402391794,0.0118117128543305,-0.0862764052948107,-0.0858112816865592,-0.1239557341391346
2026-07-31,bio_health,0.06576783141784803,-0.3586675877552784,-0.790773134650276,-0.0489276093129134,0.004792640239179469,0.01181171285433058,-0.08627640529481073,-0.08581128168655927,-0.12395573413913463
2026-07-31,biosimilar_cdmo,0.0338722915076589,-0.4531112429894256,-0.8213822501916757,-0.098006975514876,-0.0367968860353475,-0.0474257573709994,-0.155413533034328,-0.1338565420611377,-0.1800210878717474
2026-07-31,biosimilar_cdmo,0.033872291507658914,-0.4531112429894256,-0.8213822501916757,-0.09800697551487603,-0.03679688603534759,-0.04742575737099941,-0.15541353303432803,-0.13385654206113773,-0.18002108787174742
2026-07-31,construction,-0.0021185384282103,-0.5055968714101855,-0.4034299583642815,-0.2034176475053787,-0.0794665250561216,-0.1874766182641505,-0.4394523163960202,-0.1973611537070618,-0.2259826393080624
2026-07-31,construction,-0.0021185384282103037,-0.5055968714101855,-0.4034299583642815,-0.20341764750537872,-0.07946652505612162,-0.18747661826415052,-0.4394523163960202,-0.19736115370706186,-0.2259826393080624
2026-07-31,consumer,0.1877574658219736,-0.2160822370209686,-0.4406119155247565,-0.0885334465706975,-0.0231784567608717,-0.0532322172013797,-0.1572396334432484,-0.0914985846446496,-0.1463066515930184
2026-07-31,consumer,0.1877574658219736,-0.21608223702096863,-0.44061191552475654,-0.0885334465706975,-0.023178456760871713,-0.05323221720137972,-0.15723963344324843,-0.09149858464464966,-0.14630665159301848
2026-07-31,financial,0.2574740048356122,-0.0951100634138751,-0.3223893628411709,-0.062890067056519,0.0120108129145319,-0.0622513791174597,-0.1086067398595473,-0.0406364712993009,-0.1071091245298987
2026-07-31,financial,0.2574740048356122,-0.09511006341387518,-0.3223893628411709,-0.062890067056519,0.012010812914531988,-0.062251379117459704,-0.10860673985954739,-0.040636471299300925,-0.10710912452989874
2026-07-31,k_beauty,0.1588608799733838,-0.207589211684918,-0.4848067417253436,-0.1552580543129903,-0.0516097715013096,-0.0851243584728946,-0.1969927238078739,-0.0991318280053685,-0.1986590561562564
2026-07-31,k_beauty,0.15886087997338383,-0.20758921168491806,-0.48480674172534366,-0.15525805431299033,-0.05160977150130963,-0.08512435847289468,-0.19699272380787392,-0.09913182800536857,-0.19865905615625645
2026-07-31,k_food,0.2171090671257206,-0.205029735310019,-0.5781005548292673,-0.072398530159936,0.0244668596538372,-0.0097668663253395,-0.1931021945859661,-0.0990785204854898,-0.1497805842081629
2026-07-31,k_food,0.21710906712572065,-0.205029735310019,-0.5781005548292673,-0.07239853015993603,0.024466859653837214,-0.009766866325339518,-0.1931021945859661,-0.09907852048548982,-0.14978058420816298
2026-07-31,media_platform,0.1637493198825396,-0.2770065188839415,-0.7643916407120949,-0.0972632849487337,-0.023694663359731,-0.0404609877010153,-0.2684414695101921,-0.1351677599867308,-0.1893244995743314
2026-07-31,media_platform,0.1637493198825396,-0.27700651888394157,-0.7643916407120949,-0.09726328494873371,-0.023694663359731027,-0.04046098770101536,-0.2684414695101921,-0.1351677599867308,-0.1893244995743314
2026-07-31,semiconductor,-0.0962481231057496,-0.1186132581483754,0.1833711086306912,-0.0306534704513121,-0.0651681495380585,0.0018995091595725,0.0191317081330725,0.0350434973236064,0.1058643611111929
2026-07-31,semiconductor,-0.0962481231057496,-0.11861325814837542,0.18337110863069128,-0.03065347045131217,-0.0651681495380585,0.0018995091595725988,0.019131708133072522,0.035043497323606454,0.1058643611111929
2026-07-31,shipbuilding,0.0509698348482962,-0.4084809341054992,-0.7625496461713406,-0.0694558912848437,-0.0817199917569684,-0.0106448747849011,-0.2340233453339084,-0.1264903076119613,-0.1229655726068291
2026-07-31,shipbuilding,0.0509698348482962,-0.40848093410549924,-0.7625496461713406,-0.06945589128484375,-0.08171999175696842,-0.01064487478490117,-0.23402334533390845,-0.12649030761196134,-0.12296557260682917
2026-07-31,steel_materials,0.1170857829417432,-0.4870155788812571,-0.7708468666480629,-0.0538134187142411,-0.0495640724842286,-0.0566401089140659,-0.2137225713023881,-0.1427772722134858,-0.0801039840284478
2026-07-31,steel_materials,0.11708578294174321,-0.4870155788812571,-0.7708468666480629,-0.05381341871424117,-0.04956407248422867,-0.0566401089140659,-0.21372257130238814,-0.1427772722134858,-0.08010398402844787
2026-08-07,auto,0.1073242851624368,0.0196316359652073,-0.3446731935585332,0.000901511244041,0.2719963321657406,0.2831132523769681,0.0438137471129445,0.2747421079184232,0.3636224759937504
2026-08-07,auto,0.10732428516243686,0.01963163596520734,-0.3446731935585332,0.0009015112440410311,0.2719963321657406,0.28311325237696816,0.0438137471129445,0.27474210791842324,0.3636224759937504
2026-08-07,battery,0.2484565449525018,-0.2316425446567709,-0.4628827256666047,0.1825906414106686,0.2564089972152467,0.2438972642307578,0.2048853514545671,0.2743719816505382,0.3705484299980761
2026-08-07,battery,0.2484565449525018,-0.23164254465677092,-0.4628827256666047,0.1825906414106686,0.2564089972152467,0.24389726423075786,0.2048853514545671,0.2743719816505382,0.37054842999807613
2026-08-07,bio_health,0.2290264440717468,0.0180590258681675,-0.5188700601513485,0.1632586126538988,0.3767266136234459,0.2719030744989275,0.2121862219668122,0.3719339733842665,0.2600913616445969
2026-08-07,bio_health,0.22902644407174688,0.018059025868167544,-0.5188700601513485,0.16325861265389885,0.37672661362344595,0.2719030744989275,0.21218622196681225,0.3719339733842665,0.2600913616445969
2026-08-07,biosimilar_cdmo,0.1866014030973599,-0.0940106136845964,-0.5715886494239422,0.152729111589701,0.3591006293048292,0.2497936007677335,0.250736087104577,0.3958975153401768,0.2972193581387329
2026-08-07,biosimilar_cdmo,0.18660140309735995,-0.0940106136845964,-0.5715886494239422,0.15272911158970104,0.3591006293048292,0.2497936007677335,0.25073608710457707,0.3958975153401768,0.2972193581387329
2026-08-07,construction,0.2549315514275083,-0.180345633790247,-0.0188700601513485,0.2570500898557186,0.3252512376199384,0.384559898212933,0.4604677373610973,0.4047177626760601,0.5720365164770835
2026-08-07,construction,0.25493155142750834,-0.18034563379024704,-0.01887006015134851,0.25705008985571864,0.32525123761993846,0.384559898212933,0.46046773736109736,0.4047177626760601,0.5720365164770835
2026-08-07,consumer,0.2265718558652403,0.1516173672375022,-0.1406794759199248,0.0388143900432667,0.3676996042584708,0.2999324396048317,0.1273478366139642,0.3908780610193425,0.3531646568062114
2026-08-07,consumer,0.2265718558652403,0.1516173672375022,-0.1406794759199248,0.0388143900432667,0.3676996042584708,0.29993243960483174,0.1273478366139642,0.3908780610193425,0.35316465680621145
2026-08-07,financial,0.2179802979157452,0.2002591865678874,-0.0378726556278037,-0.0394937069198669,0.2953692499817626,0.2845167072133672,0.023396360136652,0.2833584370672306,0.3467680863308269
2026-08-07,financial,0.21798029791574525,0.20025918656788744,-0.03787265562780373,-0.03949370691986698,0.2953692499817626,0.2845167072133672,0.023396360136652028,0.28335843706723063,0.3467680863308269
2026-08-07,k_beauty,0.2710867817155009,0.2192644260610315,-0.1512592227129248,0.1122259017421171,0.4268536377459496,0.3335475190124188,0.2674839560551074,0.4784634092472593,0.4186718774853135
2026-08-07,k_beauty,0.27108678171550094,0.21926442606103158,-0.1512592227129248,0.1122259017421171,0.42685363774594964,0.33354751901241886,0.26748395605510744,0.4784634092472593,0.41867187748531354
2026-08-07,k_food,0.2317870968742779,0.1243522665663612,-0.2858263975824634,0.0146780297485572,0.3293820018763802,0.2922741572468038,0.0870765599084932,0.304915142222543,0.3020410235721433
2026-08-07,k_food,0.2317870968742779,0.12435226656636122,-0.2858263975824634,0.014678029748557253,0.3293820018763802,0.29227415724680383,0.08707655990849328,0.304915142222543,0.30204102357214335
2026-08-07,media_platform,0.1664750497799301,0.0379421535622884,-0.5419159767303882,0.0027257298973905,0.31494867244623,0.2224756639817067,0.0999890148461242,0.338643335805961,0.262936651682722
2026-08-07,media_platform,0.1664750497799301,0.03794215356228847,-0.5419159767303882,0.0027257298973905053,0.31494867244623004,0.2224756639817067,0.09998901484612421,0.33864333580596107,0.26293665168272207
2026-08-07,semiconductor,-0.0434367278094368,-0.0901138079912099,-0.0472147313531625,0.0528113952963127,0.0284994501571654,-0.2305858399838538,0.0834648657476249,0.0936675996952239,-0.2324853491434264
2026-08-07,semiconductor,-0.04343672780943686,-0.09011380799120994,-0.047214731353162565,0.052811395296312735,0.028499450157165485,-0.23058583998385385,0.0834648657476249,0.09366759969522398,-0.23248534914342645
2026-08-07,shipbuilding,0.2161116288866555,-0.1448290911455171,-0.477136297403093,0.1651417940383593,0.2636518429599821,0.2854133487682475,0.2345976853232031,0.3453718347169505,0.2960582235531487
2026-08-07,shipbuilding,0.21611162888665558,-0.14482909114551712,-0.47713629740309305,0.16514179403835938,0.2636518429599821,0.28541334876824753,0.23459768532320313,0.34537183471695054,0.2960582235531487
2026-08-07,steel_materials,0.2797030761990331,-0.1762009165538607,-0.5045205703554302,0.1626172932572899,0.3108146623273964,0.2663262962926327,0.216430711971531,0.3603787348116251,0.3229664052066986
2026-08-07,steel_materials,0.2797030761990331,-0.17620091655386072,-0.5045205703554302,0.1626172932572899,0.3108146623273964,0.2663262962926327,0.21643071197153108,0.3603787348116251,0.3229664052066986
2026-08-14,auto,0.1191573435200445,-0.0841185660915649,-0.4268663807162158,0.0118330583576077,-0.1037502020567723,-0.0821931871576826,0.0109315471135666,-0.3757465342225129,-0.3653064395346508
2026-08-14,auto,0.11915734352004459,-0.08411856609156498,-0.42686638071621585,0.011833058357607729,-0.10375020205677232,-0.08219318715768265,0.010931547113566698,-0.3757465342225129,-0.3653064395346508
2026-08-14,battery,0.1313218429309022,-0.1608036834497004,-0.5669220172479091,-0.1171347020215995,0.0708388612070705,-0.1040392915813044,-0.2997253434322682,-0.1855701360081761,-0.3479365558120623
2026-08-14,battery,0.1313218429309022,-0.16080368344970042,-0.5669220172479091,-0.11713470202159959,0.0708388612070705,-0.10403929158130443,-0.2997253434322682,-0.18557013600817618,-0.3479365558120623
2026-08-14,bio_health,0.1858267873516268,0.008354634489055,-0.6496664621202471,-0.04319965672012,-0.0097043913791124,-0.1307964019688986,-0.2064582693740189,-0.3864310050025584,-0.4026994764678261
2026-08-14,bio_health,0.18582678735162683,0.008354634489055046,-0.6496664621202471,-0.04319965672012005,-0.009704391379112498,-0.13079640196889863,-0.2064582693740189,-0.38643100500255845,-0.4026994764678261
2026-08-14,biosimilar_cdmo,0.1583289625043409,-0.0571063088114672,-0.6884494463739927,-0.028272440593019,0.0369043048731291,-0.1168607969500505,-0.18100155218272,-0.3221963244317001,-0.3666543977177841
2026-08-14,biosimilar_cdmo,0.15832896250434092,-0.05710630881146728,-0.6884494463739927,-0.028272440593019033,0.03690430487312912,-0.11686079695005058,-0.18100155218272007,-0.3221963244317001,-0.3666543977177841
2026-08-14,construction,0.2012343954463427,-0.1280552180739255,-0.2195810019632018,-0.0536971559811656,0.0522904157163215,-0.2007109418118533,-0.3107472458368843,-0.2729608219036169,-0.5852708400247864
2026-08-14,construction,0.2012343954463427,-0.1280552180739255,-0.21958100196320185,-0.053697155981165645,0.05229041571632154,-0.20071094181185334,-0.3107472458368843,-0.2729608219036169,-0.5852708400247864
2026-08-14,consumer,0.1491985324655109,0.0674377267996965,-0.351295252708101,-0.0773733233997293,-0.0841796404378056,-0.2106157767881762,-0.116187713442996,-0.4518792446962765,-0.510548216393008
2026-08-14,consumer,0.14919853246551096,0.0674377267996965,-0.351295252708101,-0.07737332339972935,-0.08417964043780568,-0.21061577678817622,-0.11618771344299605,-0.4518792446962765,-0.510548216393008
2026-08-14,financial,0.0371807941063091,0.1678160813201328,-0.3809694838058923,-0.1807995038094361,-0.0324431052477546,-0.3430968281780886,-0.1413057968895691,-0.3278123552295172,-0.6276135353914558
2026-08-14,financial,0.037180794106309145,0.16781608132013281,-0.38096948380589235,-0.1807995038094361,-0.03244310524775462,-0.3430968281780886,-0.14130579688956912,-0.32781235522951724,-0.6276135353914558
2026-08-14,k_beauty,0.2242646489248323,0.172169773434359,-0.2236345519380109,-0.0468221327906686,-0.0470946526266725,-0.0723753292250861,-0.1590480345327857,-0.4739482903726222,-0.405922848237505
2026-08-14,k_beauty,0.22426464892483233,0.17216977343435902,-0.22363455193801096,-0.0468221327906686,-0.04709465262667256,-0.07237532922508616,-0.1590480345327857,-0.4739482903726222,-0.405922848237505
2026-08-14,k_food,0.1750551902415749,0.0538248620623043,-0.4881130869744287,-0.056731906632703,-0.0705274045040569,-0.2022866893919652,-0.0714099363812602,-0.3999094063804371,-0.4945608466387691
2026-08-14,k_food,0.1750551902415749,0.0538248620623043,-0.4881130869744287,-0.056731906632703,-0.07052740450405692,-0.20228668939196526,-0.07140993638126025,-0.39990940638043715,-0.4945608466387691
2026-08-14,media_platform,0.1391480072210633,0.0081351992574233,-0.6675812381463179,-0.0273270425588667,-0.0298069543048651,-0.1256652614159297,-0.0300527724562572,-0.3447556267510951,-0.3481409253976364
2026-08-14,media_platform,0.13914800722106335,0.008135199257423342,-0.6675812381463179,-0.027327042558866754,-0.02980695430486513,-0.1256652614159297,-0.03005277245625726,-0.34475562675109517,-0.3481409253976364
2026-08-14,semiconductor,-0.0786850512051213,-0.0783854946037657,0.0318375493085425,-0.0352483233956845,0.0117283133874441,0.0790522806617051,-0.0880597186919972,-0.0167711367697213,0.3096381206455589
2026-08-14,semiconductor,-0.07868505120512137,-0.07838549460376576,0.031837549308542545,-0.03524832339568451,0.011728313387444178,0.07905228066170511,-0.08805971869199725,-0.016771136769721307,0.30963812064555896
2026-08-14,shipbuilding,0.1497700312869578,-0.1084256198728986,-0.6061526152594835,-0.0663415975996977,0.0364034712726184,-0.1290163178563904,-0.2314833916380571,-0.2272483716873636,-0.414429666624638
2026-08-14,shipbuilding,0.14977003128695787,-0.10842561987289867,-0.6061526152594835,-0.06634159759969771,0.03640347127261845,-0.12901631785639045,-0.2314833916380571,-0.22724837168736367,-0.414429666624638
2026-08-14,steel_materials,0.1978634509328773,-0.1789457247680036,-0.6290340805210313,-0.0818396252661557,-0.0027448082141429,-0.124513510165601,-0.2444569185234456,-0.3135594705415393,-0.3908398064582338
2026-08-14,steel_materials,0.19786345093287738,-0.17894572476800363,-0.6290340805210313,-0.08183962526615574,-0.002744808214142913,-0.12451351016560108,-0.24445691852344564,-0.3135594705415393,-0.3908398064582338
2026-08-21,auto,-0.04721362870389,-0.1150097042663814,-0.4644648647537305,-0.1663709722239346,-0.0308911381748164,-0.0375984840375146,-0.1782040305815423,0.0728590638819558,0.044594703120168
2026-08-21,auto,-0.04721362870389001,-0.11500970426638146,-0.4644648647537305,-0.1663709722239346,-0.03089113817481648,-0.037598484037514646,-0.17820403058154233,0.07285906388195584,0.044594703120168
2026-08-21,battery,0.0549132127481231,-0.1993279620930711,-0.5546632854547207,-0.0764086301827791,-0.0385242786433707,0.0122587317931884,0.0407260718388204,-0.1093631398504412,0.1162980233744929
2026-08-21,battery,0.05491321274812311,-0.19932796209307113,-0.5546632854547207,-0.0764086301827791,-0.03852427864337071,0.012258731793188482,0.04072607183882049,-0.10936313985044122,0.11629802337449291
2026-08-21,bio_health,0.1473186913693025,-0.0209499231137664,-0.6059891322902939,-0.0385080959823243,-0.0293045576028214,0.0436773298299532,0.0046915607377957,-0.0196001662237089,0.1744737317988518
2026-08-21,bio_health,0.14731869136930253,-0.020949923113766422,-0.6059891322902939,-0.0385080959823243,-0.029304557602821468,0.043677329829953204,0.0046915607377957524,-0.01960016622370897,0.17447373179885184
2026-08-21,biosimilar_cdmo,0.0866447751984744,-0.1101694998333431,-0.6775827983260817,-0.0716841873058664,-0.0530631910218758,0.010866648047911,-0.0434117467128474,-0.0899674958950049,0.1277274449979616
2026-08-21,biosimilar_cdmo,0.08664477519847447,-0.11016949983334312,-0.6775827983260817,-0.07168418730586645,-0.053063191021875844,0.010866648047911043,-0.04341174671284742,-0.08996749589500497,0.12772744499796163
2026-08-21,construction,0.0550144339382094,-0.1595614470471368,-0.2767267519491709,-0.1462199615081332,-0.0315062289732113,-0.0571457499859691,-0.0925228055269675,-0.0837966446895328,0.1435651918258842
2026-08-21,construction,0.055014433938209484,-0.15956144704713682,-0.27672675194917096,-0.1462199615081332,-0.031506228973211314,-0.05714574998596911,-0.09252280552696757,-0.08379664468953285,0.14356519182588423
2026-08-21,consumer,0.0909630094727482,0.0596611127697812,-0.3271057237114341,-0.0582355229927626,-0.0077766140299152,0.0241895289966669,0.0191378004069666,0.0764030264078904,0.2348053057848431
2026-08-21,consumer,0.09096300947274827,0.059661112769781255,-0.3271057237114341,-0.05823552299276269,-0.007776614029915252,0.02418952899666693,0.019137800406966665,0.07640302640789043,0.23480530578484315
2026-08-21,financial,-0.0354849685484172,0.0952639069158531,-0.4378604293461685,-0.0726657626547263,-0.0725521744042796,-0.0568909455402761,0.1081337411547097,-0.040109069156525,0.2862058826378124
2026-08-21,financial,-0.035484968548417206,0.09526390691585318,-0.43786042934616853,-0.07266576265472635,-0.07255217440427963,-0.05689094554027618,0.10813374115470975,-0.04010906915652501,0.28620588263781244
2026-08-21,k_beauty,0.1924120211728337,0.2171848469232806,-0.185532486174897,-0.0318526277519986,0.0450150734889216,0.0381020657631139,0.01496950503867,0.0921097261155942,0.1104773949882
2026-08-21,k_beauty,0.19241202117283374,0.21718484692328066,-0.18553248617489704,-0.0318526277519986,0.04501507348892164,0.038102065763113924,0.014969505038670006,0.0921097261155942,0.11047739498820008
2026-08-21,k_food,0.083956382814998,0.0053693354244018,-0.4467066702881975,-0.0910988074265768,-0.0484555266379024,0.0414064166862311,-0.0343669007938738,0.0220718778661545,0.2436931060781964
2026-08-21,k_food,0.08395638281499807,0.005369335424401878,-0.44670667028819755,-0.09109880742657683,-0.048455526637902424,0.04140641668623113,-0.034366900793873834,0.0220718778661545,0.2436931060781964
2026-08-21,media_platform,0.0056753957698669,-0.0600572021809996,-0.6300006383114534,-0.1334726114511963,-0.0681924014384229,0.0375805998348645,-0.1061455688923296,-0.0383854471335578,0.1632458612507942
2026-08-21,media_platform,0.0056753957698669755,-0.060057202180999636,-0.6300006383114534,-0.13347261145119638,-0.06819240143842298,0.0375805998348645,-0.10614556889232962,-0.03838544713355785,0.1632458612507942
2026-08-21,semiconductor,-0.0143082538059393,-0.0691525147288016,0.0796801795440171,0.064376797399182,0.009232979874964,0.0478426302354746,0.0996251207948665,-0.0024953335124801,-0.0312096504262304
2026-08-21,semiconductor,-0.014308253805939364,-0.06915251472880168,0.07968017954401718,0.064376797399182,0.009232979874964076,0.04784263023547464,0.09962512079486652,-0.0024953335124801024,-0.031209650426230473
2026-08-21,shipbuilding,-0.0364681177674623,-0.2140158719786843,-0.5742787219666428,-0.1862381490544202,-0.1055902521057856,0.0318738932928407,-0.1198965514547225,-0.1419937233784041,0.1608902111492312
2026-08-21,shipbuilding,-0.036468117767462394,-0.21401587197868432,-0.5742787219666428,-0.18623814905442027,-0.10559025210578565,0.03187389329284074,-0.11989655145472256,-0.1419937233784041,0.1608902111492312
2026-08-21,steel_materials,0.1024154830559969,-0.1934239591318859,-0.5859870236892292,-0.0954479678768804,-0.0144782343638822,0.0430470568318021,-0.0136083426107247,-0.0117334261497393,0.1675605669974031
2026-08-21,steel_materials,0.1024154830559969,-0.19342395913188593,-0.5859870236892292,-0.09544796787688048,-0.014478234363882292,0.0430470568318021,-0.013608342610724744,-0.011733426149739379,0.16756056699740318
2026-08-28,auto,-0.1144115458847765,-0.0994603639755234,-0.3778264974957822,-0.0671979171808865,0.0155493402908579,0.0866383672579482,0.099173055043048,0.0464404784656744,0.1242368512954629
2026-08-28,auto,-0.11441154588477653,-0.09946036397552349,-0.37782649749578223,-0.06719791718088652,0.015549340290857971,0.08663836725794827,0.09917305504304808,0.04644047846567445,0.12423685129546291
2026-08-28,battery,0.1047653951072342,-0.070156516129721,-0.3781137901360161,0.0498521823591111,0.12917144596335,0.1765494953187045,0.1262608125418902,0.1676957246067207,0.164290763525516
2026-08-28,battery,0.10476539510723426,-0.07015651612972107,-0.3781137901360161,0.04985218235911115,0.12917144596335006,0.17654949531870456,0.12626081254189025,0.16769572460672078,0.16429076352551608
2026-08-28,bio_health,-0.02169708402647,0.0647785191283371,-0.48797758653712,-0.1690157753957726,0.0857284422421035,0.1180115457531739,-0.1305076794134483,0.1150329998449249,0.0743342159232207
2026-08-28,bio_health,-0.02169708402647008,0.0647785191283371,-0.48797758653712,-0.16901577539577262,0.08572844224210352,0.11801154575317396,-0.13050767941344832,0.11503299984492499,0.07433421592322076
2026-08-28,biosimilar_cdmo,-0.0108175074191572,0.0360434202002422,-0.5477266347573152,-0.0974622826176316,0.1462129200335853,0.1298561635687665,-0.0257780953117652,0.1992761110554611,0.1189895155208554
2026-08-28,biosimilar_cdmo,-0.010817507419157213,0.036043420200242204,-0.5477266347573152,-0.09746228261763168,0.14621292003358533,0.1298561635687665,-0.025778095311765226,0.19927611105546117,0.11898951552085546
2026-08-28,construction,0.1811472434439698,0.0823191430051507,-0.103197479093648,0.1261328095057603,0.2418805900522875,0.1735292728555229,0.2723527710138935,0.2733868190254989,0.230675022841492
2026-08-28,construction,0.18114724344396982,0.08231914300515075,-0.10319747909364807,0.12613280950576033,0.24188059005228757,0.1735292728555229,0.27235277101389355,0.2733868190254989,0.230675022841492
2026-08-28,consumer,-0.0184961069530797,0.2984301816600058,-0.1174063294285554,-0.109459116425828,0.2387690688902245,0.2096993942828786,-0.0512235934330653,0.2465456829201397,0.1855098652862117
2026-08-28,consumer,-0.018496106953079794,0.2984301816600058,-0.11740632942855544,-0.10945911642582806,0.23876906889022453,0.20969939428287865,-0.05122359343306537,0.24654568292013979,0.18550986528621172
2026-08-28,financial,-0.1152003856738859,0.3045295569001406,-0.2313356433578692,-0.0797154171254687,0.2092656499842874,0.2065247859882992,-0.0070496544707423,0.281817824388567,0.2634157315285754
2026-08-28,financial,-0.11520038567388591,0.3045295569001406,-0.23133564335786927,-0.0797154171254687,0.20926564998428743,0.20652478598829926,-0.00704965447074235,0.28181782438856706,0.26341573152857545
2026-08-28,k_beauty,0.0977615765062951,0.5156154322017702,0.093575896126069,-0.0946504446665386,0.2984305852784895,0.2791083823009661,-0.06279781691454,0.2534155117895679,0.2410063165378522
2026-08-28,k_beauty,0.09776157650629513,0.5156154322017702,0.09357589612606909,-0.0946504446665386,0.29843058527848954,0.27910838230096613,-0.06279781691454,0.2534155117895679,0.2410063165378522
2026-08-28,k_food,-0.0778984616821429,0.2494186985131034,-0.2581167421761485,-0.161854844497141,0.2440493630887015,0.188589928112049,-0.0707560370705642,0.2925048897266039,0.1471835114258178
2026-08-28,k_food,-0.07789846168214298,0.2494186985131034,-0.25811674217614855,-0.16185484449714105,0.2440493630887015,0.188589928112049,-0.07075603707056421,0.29250488972660393,0.14718351142581787
2026-08-28,media_platform,-0.1647115089033064,0.0854750365412724,-0.485300607971812,-0.1703869046731734,0.145532238722272,0.1447000303396413,-0.036914293221977,0.213724640160695,0.1071194305047767
2026-08-28,media_platform,-0.16471150890330644,0.08547503654127242,-0.48530060797181207,-0.1703869046731734,0.14553223872227206,0.1447000303396413,-0.036914293221977035,0.21372464016069503,0.10711943050477679
2026-08-28,semiconductor,0.0674501443964161,-0.0518429163223554,0.0953275796426753,0.0817583982023555,0.0173095984064461,0.0156474000986581,0.0173816008031735,0.0080766185314821,-0.0321952301368164
2026-08-28,semiconductor,0.06745014439641617,-0.05184291632235549,0.09532757964267535,0.08175839820235553,0.01730959840644619,0.01564740009865817,0.017381600803173525,0.008076618531482116,-0.032195230136816466
2026-08-28,shipbuilding,-0.0892413790184512,-0.0915386264385584,-0.4708965153118258,-0.0527732612509888,0.1224772455401258,0.1033822066548169,0.1334648878034314,0.2280674976459115,0.0715083133619761
2026-08-28,shipbuilding,-0.0892413790184512,-0.09153862643855848,-0.47089651531182586,-0.0527732612509888,0.12247724554012585,0.1033822066548169,0.13346488780343146,0.2280674976459115,0.07150831336197616
2026-08-28,steel_materials,0.1337950989556096,0.0156812221082827,-0.3981823435379028,0.0313796158996126,0.2091051812401686,0.1878046801513263,0.1268275837764931,0.2235834156040509,0.1447576233195242
2026-08-28,steel_materials,0.1337950989556096,0.01568122210828271,-0.3981823435379028,0.03137961589961269,0.20910518124016864,0.18780468015132634,0.12682758377649317,0.22358341560405093,0.14475762331952424
2026-09-04,auto,-0.0821781660783762,-0.1072115032061048,-0.4926202992846609,0.0322333798064002,-0.0077511392305813,-0.1147938017888786,0.0994312969872868,-0.0233004795214393,-0.2014321690468269
2026-09-04,auto,-0.08217816607837625,-0.10721150320610484,-0.4926202992846609,0.032233379806400286,-0.00775113923058135,-0.11479380178887866,0.09943129698728681,-0.02330047952143932,-0.20143216904682693
2026-09-04,battery,0.1190073778733951,0.0221716342281532,-0.4045248833091692,0.0142419827661608,0.0923281503578743,-0.0264110931731531,-0.0356101995929503,-0.0368432956054757,-0.2029605884918577
2026-09-04,battery,0.1190073778733951,0.02217163422815327,-0.40452488330916925,0.014241982766160843,0.09232815035787434,-0.026411093173153155,-0.03561019959295031,-0.03684329560547572,-0.20296058849185772
2026-09-04,bio_health,-0.0273132034831034,0.1109812366648499,-0.5794238370325326,-0.0056161194566333,0.0462027175365128,-0.0914462504954126,0.1633996559391393,-0.0395257247055906,-0.2094577962485866
2026-09-04,bio_health,-0.0273132034831034,0.11098123666484994,-0.5794238370325326,-0.005616119456633317,0.04620271753651284,-0.09144625049541266,0.1633996559391393,-0.03952572470559068,-0.20945779624858663
2026-09-04,biosimilar_cdmo,-0.0404242248206478,0.0828677536801181,-0.6356888798745467,-0.0296067174014906,0.0468243334798759,-0.0879622451172315,0.067855565216141,-0.0993885865537094,-0.217818408685998
2026-09-04,biosimilar_cdmo,-0.04042422482064789,0.08286775368011812,-0.6356888798745467,-0.02960671740149068,0.04682433347987591,-0.0879622451172315,0.067855565216141,-0.09938858655370941,-0.217818408685998
2026-09-04,construction,0.0055572057949873,0.109713595465108,-0.2020251604403076,-0.1755900376489825,0.0273944524599573,-0.0988276813466595,-0.3017228471547428,-0.2144861375923302,-0.2723569542021824
2026-09-04,construction,0.005557205794987308,0.10971359546510806,-0.2020251604403076,-0.1755900376489825,0.027394452459957308,-0.09882768134665953,-0.30172284715474285,-0.21448613759233026,-0.2723569542021824
2026-09-04,consumer,0.0597007905352846,0.2835233171103095,-0.1970895796982752,0.0781968974883644,-0.0149068645496962,-0.0796832502697197,0.1876560139141925,-0.2536759334399208,-0.2893826445525984
2026-09-04,consumer,0.059700790535284654,0.28352331711030954,-0.19708957969827523,0.07819689748836445,-0.014906864549696253,-0.07968325026971979,0.1876560139141925,-0.2536759334399208,-0.28938264455259843
2026-09-04,financial,0.0237390195630313,0.2201126704497091,-0.2341159271206623,0.1389394052369172,-0.0844168864504314,-0.002780283762793,0.2186548223623859,-0.2936825364347188,-0.2093050697510923
2026-09-04,financial,0.02373901956303137,0.22011267044970917,-0.23411592712066231,0.13893940523691728,-0.08441688645043144,-0.0027802837627930455,0.21865482236238598,-0.29368253643471887,-0.2093050697510923
2026-09-04,k_beauty,0.0879662229068103,0.4342568581345649,-0.0002132807494374,-0.0097953535994848,-0.0813585740672052,-0.0937891768755065,0.0848550910670538,-0.3797891593456948,-0.3728975591764727
2026-09-04,k_beauty,0.08796622290681033,0.43425685813456494,-0.00021328074943749442,-0.009795353599484802,-0.08135857406720526,-0.09378917687550659,0.0848550910670538,-0.3797891593456948,-0.3728975591764727
2026-09-04,k_food,0.0571337259736108,0.2624553495880466,-0.3369819765674164,0.1350321876557538,0.0130366510749432,-0.0788652343912679,0.2968870321528949,-0.2310127120137582,-0.2674551625033169
2026-09-04,k_food,0.05713372597361088,0.2624553495880466,-0.33698197656741646,0.13503218765575387,0.013036651074943229,-0.07886523439126791,0.2968870321528949,-0.23101271201375828,-0.2674551625033169
2026-09-04,media_platform,-0.0519640879092238,0.0616406087230559,-0.5433999552539339,0.1127474209940826,-0.0238344278182164,-0.0580993472821218,0.283134325667256,-0.1693666665404885,-0.2027993776217631
2026-09-04,media_platform,-0.0519640879092238,0.06164060872305599,-0.5433999552539339,0.11274742099408264,-0.02383442781821643,-0.05809934728212185,0.28313432566725605,-0.1693666665404885,-0.20279937762176314
2026-09-04,semiconductor,0.0227307913637062,-0.0195242210509881,0.0647117976508051,-0.0447193530327099,0.0323186952713673,-0.0306157819918702,-0.1264777512350654,0.0150090968649211,-0.0462631820905283
2026-09-04,semiconductor,0.02273079136370626,-0.019524221050988166,0.06471179765080515,-0.04471935303270991,0.032318695271367326,-0.030615781991870206,-0.12647775123506544,0.015009096864921134,-0.046263182090528376
2026-09-04,shipbuilding,-0.087489657295076,-0.0310294085603054,-0.5166343826426016,0.0017517217233751,0.060509217878253,-0.0457378673307757,0.0545249829743639,-0.0619680276618728,-0.1491200739855926
2026-09-04,shipbuilding,-0.08748965729507607,-0.03102940856030545,-0.5166343826426016,0.0017517217233751214,0.06050921787825303,-0.04573786733077578,0.05452498297436392,-0.061968027661872815,-0.14912007398559268
2026-09-04,steel_materials,0.0831456858331485,0.0973641505294562,-0.4880386185446769,-0.050649413122461,0.0816829284211735,-0.089856275006774,-0.0820290290220737,-0.1274222528189951,-0.2776609551581004
2026-09-04,steel_materials,0.08314568583314852,0.09736415052945624,-0.4880386185446769,-0.05064941312246107,0.08168292842117353,-0.08985627500677407,-0.08202902902207376,-0.1274222528189951,-0.2776609551581004
